capture_2020_04_17_11_39_49_7213.jpg,1.1425635e-05,0.38016346,0.6912458,0.3733836,0.7120591,0.36898902,0.73671144,0.07812333,
capture_2020_04_17_11_39_49_7214.jpg,1.1077119e-05,0.38042814,0.691816,0.37356454,0.71249074,0.36909804,0.7370736,0.077512436,
capture_2020_04_17_11_39_49_7215.jpg,1.1524101e-05,0.38078472,0.69071794,0.37398347,0.71140236,0.36959496,0.7362722,0.07808932,
capture_2020_04_17_11_39_49_7216.jpg,1.2095544e-05,0.38069803,0.6889576,0.37399215,0.70997924,0.36973757,0.7353751,0.07894189,
capture_2020_04_17_11_39_49_7217.jpg,1.26740315e-05,0.38130647,0.68744254,0.374756,0.7086318,0.3704495,0.7345444,0.079558805,
capture_2020_04_17_11_39_49_7218.jpg,1.2995325e-05,0.38260177,0.68674207,0.37611142,0.7077053,0.37169442,0.7340545,0.07954781,
capture_2020_04_17_11_39_49_7219.jpg,1.4074846e-05,0.38370648,0.6851031,0.37732616,0.70619386,0.37294033,0.7328301,0.08087758,
capture_2020_04_17_11_39_49_7220.jpg,1.5152858e-05,0.38576227,0.6820653,0.37927586,0.7037318,0.37498212,0.7301758,0.082512096,
capture_2020_04_17_11_39_49_7221.jpg,1.7167129e-05,0.3907324,0.67752427,0.3842194,0.7000822,0.37957084,0.72678643,0.08418364,
capture_2020_04_17_11_39_49_7222.jpg,1.8001141e-05,0.39341757,0.675409,0.38653424,0.69847834,0.38169548,0.72564393,0.08490383,
capture_2020_04_17_11_39_49_7223.jpg,1.8310544e-05,0.3990843,0.6701311,0.390421,0.69474226,0.38574073,0.72380286,0.08497613,
capture_2020_04_17_11_39_49_7224.jpg,1.9837264e-05,0.40556452,0.6635167,0.3938355,0.69023323,0.39052704,0.72076297,0.08735668,
capture_2020_04_17_11_39_49_7225.jpg,2.187873e-05,0.41164762,0.64672446,0.39851993,0.676554,0.39626253,0.71096355,0.09234693,
capture_2020_04_17_11_39_49_7226.jpg,2.4322033e-05,0.41686302,0.62873167,0.4040809,0.6612532,0.40192342,0.69975036,0.097677864,
capture_2020_04_17_11_39_49_7227.jpg,3.340469e-05,0.427374,0.603963,0.4159055,0.6376714,0.4152695,0.6818395,0.10698877,
capture_2020_04_17_11_39_49_7228.jpg,3.70781e-05,0.42911634,0.5989875,0.41799766,0.63314086,0.4179508,0.6777135,0.11022906,
capture_2020_04_17_11_39_49_7229.jpg,4.2688967e-05,0.43070522,0.5997682,0.42103538,0.6329138,0.4204263,0.6761599,0.1123109,
capture_2020_04_17_11_39_49_7230.jpg,4.4192228e-05,0.43105102,0.5998075,0.42185858,0.63261074,0.42112052,0.67552024,0.11286013,
capture_2020_04_17_11_39_49_7231.jpg,4.4631415e-05,0.43112674,0.6004548,0.42234156,0.6329934,0.42132574,0.6755934,0.11264122,
capture_2020_04_17_11_39_49_7232.jpg,4.450502e-05,0.43172315,0.60148734,0.4232862,0.633646,0.42180848,0.67629653,0.11192549,
capture_2020_04_17_11_39_49_7233.jpg,4.22828e-05,0.431752,0.60324204,0.42330787,0.63541913,0.42136002,0.6788611,0.10967704,
capture_2020_04_17_11_39_49_7234.jpg,4.13802e-05,0.43175858,0.60672134,0.42356217,0.6382239,0.42101875,0.68143743,0.10797832,
capture_2020_04_17_11_39_49_7235.jpg,3.6949124e-05,0.42974892,0.6209118,0.42423496,0.64970046,0.41845635,0.69029975,0.09929342,
capture_2020_04_17_11_39_49_7236.jpg,3.6026828e-05,0.42791858,0.6482268,0.42540884,0.6707716,0.41640323,0.7055848,0.08865699,
capture_2020_04_17_11_39_49_7237.jpg,3.3215718e-05,0.42624262,0.66573495,0.42220023,0.68474424,0.4135215,0.7164948,0.08308118,
capture_2020_04_17_11_39_49_7238.jpg,2.2029348e-05,0.42082557,0.6805755,0.4140524,0.6954223,0.40705886,0.7280834,0.07480667,
capture_2020_04_17_11_39_49_7239.jpg,1.6681925e-05,0.41594362,0.69300663,0.40876693,0.7036438,0.4022732,0.73540604,0.069851264,
capture_2020_04_17_11_39_49_7240.jpg,9.215759e-06,0.41495913,0.7022588,0.40766126,0.71091306,0.399316,0.7406649,0.06089044,
capture_2020_04_17_11_39_49_7241.jpg,9.892341e-06,0.4114304,0.6948626,0.4045613,0.7062502,0.39663398,0.7391576,0.062009174,
capture_2020_04_17_11_39_49_7242.jpg,1.0074796e-05,0.40414274,0.6864367,0.39815906,0.7024243,0.39054248,0.7369103,0.064162455,
capture_2020_04_17_11_39_49_7243.jpg,1.0857537e-05,0.4023595,0.68362904,0.39658713,0.7009142,0.3890716,0.7353626,0.06625212,
capture_2020_04_17_11_39_49_7244.jpg,1.1223586e-05,0.40148938,0.681658,0.3957252,0.70002383,0.38829282,0.7340078,0.06756243,
capture_2020_04_17_11_39_49_7245.jpg,1.1073602e-05,0.40067413,0.6821697,0.3949366,0.700496,0.3875568,0.7343849,0.06743919,
capture_2020_04_17_11_39_49_7246.jpg,1.058729e-05,0.4005782,0.6842003,0.3948269,0.7017103,0.38742757,0.7357929,0.06624348,
capture_2020_04_17_11_39_49_7247.jpg,8.823564e-06,0.40598255,0.68883115,0.39972895,0.7038981,0.39171532,0.73836917,0.06154687,
capture_2020_04_17_11_39_49_7248.jpg,7.570553e-06,0.41062286,0.69756174,0.40370655,0.70885307,0.39514816,0.74082714,0.058502417,
capture_2020_04_17_11_39_49_7249.jpg,7.18313e-06,0.41805634,0.7109997,0.410089,0.71795464,0.4010541,0.7439046,0.05775091,
capture_2020_04_17_11_39_49_7250.jpg,7.4059526e-06,0.41886267,0.71247274,0.41077986,0.71926725,0.4018538,0.7444031,0.058261577,
capture_2020_04_17_11_39_49_7251.jpg,8.501668e-06,0.41998243,0.71231055,0.41182667,0.7186088,0.4033976,0.74326146,0.060411964,
capture_2020_04_17_11_39_49_7252.jpg,8.758072e-06,0.4209496,0.71385443,0.41262344,0.7197665,0.40436938,0.74362797,0.060924362,
capture_2020_04_17_11_39_49_7253.jpg,8.474155e-06,0.421978,0.71666425,0.41338375,0.7222651,0.40514886,0.74496406,0.060546108,
capture_2020_04_17_11_39_49_7254.jpg,7.2993926e-06,0.42330027,0.72393036,0.41415122,0.7289298,0.4058445,0.7486269,0.05906581,
capture_2020_04_17_11_39_49_7255.jpg,6.249143e-06,0.42424783,0.7302285,0.41461647,0.73496735,0.40617552,0.75204,0.05754053,
capture_2020_04_17_11_39_49_7256.jpg,5.678984e-06,0.424607,0.733768,0.4147963,0.7384926,0.40618935,0.75399935,0.056670967,
capture_2020_04_17_11_39_49_7257.jpg,5.2556315e-06,0.42416492,0.73555756,0.41421342,0.7405411,0.4054928,0.7553082,0.055960596,
capture_2020_04_17_11_39_49_7258.jpg,5.2630944e-06,0.42401958,0.7340671,0.4142277,0.73902595,0.40541747,0.75449526,0.055807885,
capture_2020_04_17_11_39_49_7259.jpg,5.5493997e-06,0.42361495,0.73105323,0.41411197,0.736055,0.4052716,0.7528183,0.056201275,
capture_2020_04_17_11_39_49_7260.jpg,5.688117e-06,0.4238917,0.7307534,0.41433278,0.7356127,0.40563092,0.75239754,0.056582283,
capture_2020_04_17_11_39_49_7261.jpg,6.2336912e-06,0.42387003,0.7287365,0.41437072,0.73356205,0.40591136,0.75105155,0.057666846,
capture_2020_04_17_11_39_49_7262.jpg,9.362082e-06,0.4236334,0.7184404,0.41485292,0.7234259,0.40714338,0.7444349,0.06273992,
capture_2020_04_17_11_39_49_7263.jpg,1.2506705e-05,0.42371655,0.7121466,0.4150204,0.71730876,0.4081742,0.7401024,0.067367196,
capture_2020_04_17_11_39_49_7264.jpg,2.0762427e-05,0.42227212,0.70135164,0.41436464,0.70844656,0.40889066,0.73440564,0.07618782,
capture_2020_04_17_11_39_49_7265.jpg,2.6104539e-05,0.42461014,0.6947998,0.4166918,0.7040461,0.411494,0.729776,0.080961525,
capture_2020_04_17_11_39_49_7266.jpg,3.1387928e-05,0.42680886,0.6910503,0.41879568,0.70169455,0.413832,0.7266695,0.08476888,
capture_2020_04_17_11_39_49_7267.jpg,4.6516034e-05,0.4318482,0.68333364,0.42369297,0.6973393,0.41901466,0.72003883,0.09302576,
capture_2020_04_17_11_39_49_7268.jpg,5.2788524e-05,0.43420798,0.68339056,0.42450055,0.6973205,0.4210851,0.71930754,0.09662414,
capture_2020_04_17_11_39_49_7269.jpg,5.771106e-05,0.43600145,0.68455553,0.4252853,0.6978382,0.42276865,0.71921176,0.09925152,
capture_2020_04_17_11_39_49_7270.jpg,6.5966604e-05,0.43989992,0.6844283,0.4265287,0.6971002,0.426187,0.7187256,0.10469908,
capture_2020_04_17_11_39_49_7271.jpg,7.523157e-05,0.44253337,0.6853446,0.4279358,0.6968272,0.42887044,0.7183785,0.10841492,
capture_2020_04_17_11_39_49_7272.jpg,9.155614e-05,0.44586626,0.6891078,0.4300661,0.6976713,0.4327885,0.7186155,0.112596296,
capture_2020_04_17_11_39_49_7273.jpg,9.43778e-05,0.44653812,0.6892025,0.4304571,0.697348,0.4335445,0.71856576,0.11324943,
capture_2020_04_17_11_39_49_7274.jpg,0.000102818376,0.44672152,0.68423474,0.42927963,0.69418377,0.43331712,0.7165112,0.11635437,
capture_2020_04_17_11_39_49_7275.jpg,0.0001058686,0.44544294,0.6767387,0.428204,0.6880193,0.43282557,0.71217597,0.118907064,
capture_2020_04_17_11_39_49_7276.jpg,0.000114933486,0.44391677,0.6559962,0.42844653,0.67046064,0.43371633,0.6999109,0.12559757,
capture_2020_04_17_11_39_49_7277.jpg,0.000120619276,0.44428387,0.64549917,0.42885938,0.66139907,0.43504092,0.69279826,0.1309206,
capture_2020_04_17_11_39_49_7278.jpg,0.0001275306,0.4452232,0.6365842,0.43036082,0.65324146,0.4367789,0.6853544,0.13604668,
capture_2020_04_17_11_39_49_7279.jpg,0.000133241,0.44558337,0.6310122,0.4303201,0.6482042,0.43776488,0.68115866,0.14012152,
capture_2020_04_17_11_39_49_7280.jpg,0.00016474971,0.44841638,0.6235879,0.43147862,0.6398298,0.44226852,0.6731611,0.15246634,
capture_2020_04_17_11_39_49_7281.jpg,0.00017687006,0.4487024,0.6199621,0.4307876,0.63553476,0.4435385,0.66986084,0.15752731,
capture_2020_04_17_11_39_49_7282.jpg,0.00014535052,0.4408942,0.6062494,0.42464092,0.6266414,0.43595573,0.66263634,0.15183899,
capture_2020_04_17_11_39_49_7283.jpg,0.00012910398,0.43715608,0.60008955,0.41992912,0.62320423,0.4322881,0.6600143,0.15117519,
capture_2020_04_17_11_39_49_7284.jpg,0.0001234884,0.43461227,0.5941097,0.41673318,0.6189101,0.43025982,0.65563524,0.15275231,
capture_2020_04_17_11_39_49_7285.jpg,0.00012853844,0.43192863,0.57612383,0.4137923,0.60109246,0.43157595,0.63497543,0.16277513,
capture_2020_04_17_11_39_49_7286.jpg,0.00013670212,0.43052036,0.5693956,0.4116684,0.5933809,0.4323956,0.6251658,0.16894571,
capture_2020_04_17_11_39_49_7287.jpg,0.00013802727,0.42809993,0.56603175,0.40899104,0.59047145,0.4307677,0.62085223,0.17055242,
capture_2020_04_17_11_39_49_7288.jpg,0.00016610544,0.4279179,0.55858463,0.40613106,0.5819544,0.43251592,0.6097878,0.18428898,
capture_2020_04_17_11_39_49_7289.jpg,0.0001901071,0.4278651,0.55138963,0.40306586,0.57311815,0.4341373,0.5986621,0.197302,
capture_2020_04_17_11_39_49_7290.jpg,0.00021686804,0.42759216,0.53326523,0.39652947,0.5553578,0.4357038,0.57882375,0.22013593,
capture_2020_04_17_11_39_49_7291.jpg,0.00023286395,0.42731383,0.5247868,0.3934786,0.54618436,0.43653452,0.56854796,0.23162779,
capture_2020_04_17_11_39_49_7292.jpg,0.0002831943,0.43266466,0.49446613,0.38260308,0.5099994,0.44301105,0.53303885,0.27967492,
capture_2020_04_17_11_39_49_7293.jpg,0.00028433328,0.4365903,0.47066307,0.37840703,0.47797638,0.4491196,0.50302166,0.31368163,
capture_2020_04_17_11_39_49_7294.jpg,0.0002613794,0.43938407,0.45179257,0.37833798,0.45658454,0.45290017,0.48272836,0.3306966,
capture_2020_04_17_11_39_49_7295.jpg,0.00024265722,0.44040087,0.43864754,0.37661257,0.4411094,0.454055,0.46690544,0.34562668,
capture_2020_04_17_11_39_49_7296.jpg,0.00022458353,0.43606153,0.42861935,0.37077934,0.43281308,0.4507572,0.45611015,0.35854414,
capture_2020_04_17_11_39_49_7297.jpg,0.00022194903,0.43445644,0.42202058,0.36801022,0.42645237,0.4502676,0.44846654,0.36730814,
capture_2020_04_17_11_39_49_7298.jpg,0.00022509569,0.43354803,0.41252694,0.36493146,0.41476488,0.4512747,0.43519968,0.3826609,
capture_2020_04_17_11_39_49_7299.jpg,0.00029151622,0.42524177,0.37190858,0.3493906,0.36686745,0.4539868,0.38082302,0.44561604,
capture_2020_04_17_11_39_49_7300.jpg,0.0003220881,0.4265676,0.35822237,0.34791547,0.35235664,0.4570256,0.36505032,0.46067542,
capture_2020_04_17_11_39_49_7301.jpg,0.00033893128,0.42696434,0.34803447,0.34631276,0.34399486,0.45825014,0.3558435,0.4667757,
capture_2020_04_17_11_39_49_7302.jpg,0.00035334376,0.42890343,0.32623613,0.34859553,0.32582584,0.46353772,0.33551818,0.47679353,
capture_2020_04_17_11_39_49_7303.jpg,0.0003976689,0.4318114,0.31081,0.35119534,0.30883446,0.4698184,0.31586313,0.49344543,
capture_2020_04_17_11_39_49_7304.jpg,0.0004408987,0.4402079,0.27930793,0.3512118,0.27065662,0.47257346,0.27802178,0.5298616,
capture_2020_04_17_11_39_49_7305.jpg,0.00037505582,0.44009194,0.26487985,0.3468681,0.25778112,0.46618587,0.26595002,0.54330117,
capture_2020_04_17_11_39_49_7306.jpg,0.00023047683,0.43817738,0.25127602,0.34563175,0.24104968,0.46670777,0.24921027,0.5498924,
capture_2020_04_17_11_39_49_7307.jpg,0.000120669436,0.43528226,0.23372269,0.34373993,0.2193257,0.46763578,0.22763999,0.56067467,
capture_2020_04_17_11_39_49_7308.jpg,8.469022e-05,0.43407053,0.22399248,0.3426821,0.2070669,0.46905828,0.21557593,0.5696478,
capture_2020_04_17_11_39_49_7309.jpg,5.908716e-05,0.43250048,0.21525514,0.3414977,0.19639307,0.46949583,0.20453313,0.57468,
capture_2020_04_17_11_39_49_7310.jpg,5.193706e-05,0.43199724,0.2126934,0.3406378,0.19314219,0.46904436,0.2009594,0.5750554,
capture_2020_04_17_11_39_49_7311.jpg,4.4998527e-05,0.4325168,0.21056148,0.34076947,0.18971089,0.47031543,0.19749628,0.5800103,
capture_2020_04_17_11_39_49_7312.jpg,3.5999936e-05,0.43276045,0.20550768,0.34150317,0.18356156,0.47200316,0.19082525,0.58506566,
capture_2020_04_17_11_39_49_7313.jpg,2.0790185e-05,0.4343229,0.19250722,0.34312928,0.16735849,0.4775669,0.17334646,0.6017036,
capture_2020_04_17_11_39_49_7314.jpg,1.5769052e-05,0.43469867,0.18647784,0.34343576,0.15982784,0.4797416,0.16520117,0.6091429,
capture_2020_04_17_11_39_49_7315.jpg,1.3244215e-05,0.43579644,0.18322247,0.3445914,0.15548873,0.4822305,0.1607053,0.61549234,
capture_2020_04_17_11_39_49_7316.jpg,1.1337737e-05,0.4383557,0.18051466,0.3471919,0.15120012,0.4871031,0.15627806,0.6270672,
capture_2020_04_17_11_39_49_7317.jpg,9.531392e-06,0.4457014,0.1814073,0.35999393,0.14556935,0.5050539,0.15157242,0.65720326,
capture_2020_04_17_11_39_49_7318.jpg,8.603466e-06,0.4544865,0.1884733,0.37559083,0.14489312,0.52366734,0.1516687,0.6860173,
capture_2020_04_17_11_39_49_7319.jpg,7.49759e-06,0.45611218,0.18896838,0.37825432,0.14348137,0.52655685,0.14996423,0.6917367,
capture_2020_04_17_11_39_49_7320.jpg,4.775653e-06,0.45603654,0.18410762,0.37792996,0.13640667,0.52688,0.14193048,0.69723463,
capture_2020_04_17_11_39_49_7321.jpg,1.6318802e-06,0.4547313,0.17201982,0.37500754,0.12029562,0.52553034,0.12368833,0.7078489,
capture_2020_04_17_11_39_49_7322.jpg,1.2515072e-06,0.45445502,0.16957662,0.37391958,0.116509974,0.52500457,0.11922269,0.71162254,
capture_2020_04_17_11_39_49_7323.jpg,6.094769e-07,0.45253727,0.16511972,0.36533368,0.10664307,0.5208949,0.10710735,0.73191816,
capture_2020_04_17_11_39_49_7324.jpg,3.6550335e-07,0.45187455,0.15969755,0.36373752,0.10016667,0.520177,0.09992008,0.73692346,
capture_2020_04_17_11_39_49_7325.jpg,2.005624e-07,0.45150203,0.1524997,0.36383748,0.092992075,0.5203294,0.09217234,0.73890465,
capture_2020_04_17_11_39_49_7326.jpg,6.799628e-08,0.45023242,0.14097138,0.36260003,0.08153407,0.51980346,0.0801279,0.7447223,
capture_2020_04_17_11_39_49_7327.jpg,5.2223825e-08,0.44993284,0.13819818,0.3626971,0.07902845,0.51985556,0.077603295,0.74521285,
capture_2020_04_17_11_39_49_7328.jpg,3.3516898e-08,0.44936383,0.13381363,0.36191002,0.07484255,0.5195299,0.07318921,0.748075,
capture_2020_04_17_11_39_49_7329.jpg,3.0604806e-08,0.44924894,0.13292971,0.3616802,0.07399359,0.51942766,0.07227251,0.7488024,
capture_2020_04_17_11_39_49_7330.jpg,3.5869334e-08,0.44926247,0.13508676,0.3601093,0.075289264,0.5186824,0.07329726,0.7514612,
capture_2020_04_17_11_39_49_7331.jpg,6.7163604e-08,0.4497324,0.14246984,0.3586333,0.08117336,0.5179047,0.07903758,0.7526427,
capture_2020_04_17_11_39_49_7332.jpg,1.2121508e-07,0.44931072,0.15033934,0.3552267,0.08745209,0.5161195,0.085684136,0.7567634,
capture_2020_04_17_11_39_49_7333.jpg,1.3584977e-07,0.44913468,0.1516856,0.35448667,0.08869623,0.5157645,0.087123565,0.7574086,
capture_2020_04_17_11_39_49_7334.jpg,1.2299485e-07,0.44914424,0.15017237,0.35500386,0.08757802,0.51606256,0.08600584,0.75666106,
capture_2020_04_17_11_39_49_7335.jpg,1.3727885e-07,0.44911453,0.15131144,0.35475382,0.088766664,0.51594657,0.08734111,0.7565515,
capture_2020_04_17_11_39_49_7336.jpg,2.0743813e-07,0.44900075,0.15658052,0.35332707,0.09348745,0.51519984,0.09249129,0.75744945,
capture_2020_04_17_11_39_49_7337.jpg,2.0890863e-07,0.44889948,0.15686925,0.35284555,0.09360515,0.51498115,0.09263959,0.75824803,
capture_2020_04_17_11_39_49_7338.jpg,2.6163184e-07,0.4487553,0.16095193,0.3510091,0.09641881,0.51415616,0.09572921,0.7609917,
capture_2020_04_17_11_39_49_7339.jpg,4.4753628e-07,0.4484252,0.1685949,0.34902924,0.10335016,0.5133515,0.10391688,0.76227313,
capture_2020_04_17_11_39_49_7340.jpg,4.0069403e-07,0.44857925,0.16672467,0.34967366,0.10183482,0.51362115,0.10204963,0.76158917,
capture_2020_04_17_11_39_49_7341.jpg,4.0427375e-07,0.44846,0.16709074,0.34927517,0.1020167,0.5134408,0.10231128,0.76224065,
capture_2020_04_17_11_39_49_7342.jpg,4.9766123e-07,0.44822937,0.17101353,0.34803575,0.105017394,0.51289964,0.105958305,0.76369894,
capture_2020_04_17_11_39_49_7343.jpg,6.6389913e-07,0.44837108,0.17609611,0.3476569,0.10914848,0.5127051,0.110725045,0.7636133,
capture_2020_04_17_11_39_49_7344.jpg,9.3361564e-07,0.44837776,0.18155128,0.34700266,0.114084154,0.5124426,0.11655175,0.76356226,
capture_2020_04_17_11_39_49_7345.jpg,1.4293448e-06,0.4483513,0.18837515,0.34618706,0.12049016,0.51212627,0.12422788,0.76340187,
capture_2020_04_17_11_39_49_7346.jpg,2.8942327e-06,0.4483147,0.19963308,0.34516108,0.131621,0.51175314,0.13767031,0.76252216,
capture_2020_04_17_11_39_49_7347.jpg,3.1975912e-06,0.4484886,0.20062174,0.34564868,0.13312359,0.5120026,0.13941616,0.76121104,
capture_2020_04_17_11_39_49_7348.jpg,3.554086e-06,0.44842815,0.20223598,0.3454096,0.13490245,0.51192015,0.14165482,0.76107955,
capture_2020_04_17_11_39_49_7349.jpg,4.2512315e-06,0.44813272,0.20589498,0.34425598,0.13811177,0.5114043,0.14573924,0.76238936,
capture_2020_04_17_11_39_49_7350.jpg,4.860411e-06,0.44781283,0.20889454,0.34313357,0.14063893,0.51087767,0.14899969,0.76378495,
capture_2020_04_17_11_39_49_7351.jpg,5.157239e-06,0.44730502,0.21101926,0.34156382,0.14201625,0.51013297,0.15103531,0.7661152,
capture_2020_04_17_11_39_49_7352.jpg,5.065468e-06,0.44693983,0.21164545,0.3404398,0.14196436,0.5095944,0.15120322,0.7680948,
capture_2020_04_17_11_39_49_7353.jpg,5.4106845e-06,0.4462241,0.21425788,0.33820733,0.14356862,0.50857055,0.15373485,0.7714684,
capture_2020_04_17_11_39_49_7354.jpg,4.896528e-06,0.44581407,0.21319757,0.33718884,0.14205207,0.50809956,0.15221952,0.7733539,
capture_2020_04_17_11_39_49_7355.jpg,4.275166e-06,0.44515052,0.21178605,0.33551523,0.1400314,0.50735444,0.15028371,0.7763035,
capture_2020_04_17_11_39_49_7356.jpg,4.520507e-06,0.4450699,0.21272837,0.33525622,0.14102194,0.50725746,0.1516019,0.7764245,
capture_2020_04_17_11_39_49_7357.jpg,4.648514e-06,0.44509596,0.2128953,0.3354167,0.14145084,0.5073384,0.15213826,0.77594256,
capture_2020_04_17_11_39_49_7358.jpg,3.935863e-06,0.44498155,0.20964266,0.33558208,0.13852526,0.5074172,0.14865851,0.7759752,
capture_2020_04_17_11_39_49_7359.jpg,3.9351426e-06,0.4450083,0.20929757,0.33577302,0.13846259,0.5075118,0.14856611,0.7755552,
capture_2020_04_17_11_39_49_7360.jpg,3.9832303e-06,0.444909,0.20903996,0.33566865,0.13858052,0.50749254,0.14874357,0.77552396,
capture_2020_04_17_11_39_49_7361.jpg,3.2508158e-06,0.4446036,0.20460998,0.3356502,0.13487193,0.5075303,0.14443831,0.7758658,
capture_2020_04_17_11_39_49_7362.jpg,2.911435e-06,0.44457313,0.20233175,0.33594352,0.13296244,0.50764513,0.1420944,0.77558154,
capture_2020_04_17_11_39_49_7363.jpg,2.8459076e-06,0.4444694,0.20203511,0.3357212,0.13257927,0.50755537,0.14169209,0.7760221,
capture_2020_04_17_11_39_49_7364.jpg,2.9216094e-06,0.44498074,0.20269436,0.3367174,0.13298559,0.507988,0.14178503,0.77476484,
capture_2020_04_17_11_39_49_7365.jpg,2.515499e-06,0.4451293,0.20045638,0.33722055,0.13049813,0.5081938,0.13859789,0.77470773,
capture_2020_04_17_11_39_49_7366.jpg,2.3433709e-06,0.44540486,0.19988255,0.33778706,0.12934503,0.50840074,0.13688184,0.7745455,
capture_2020_04_17_11_39_49_7367.jpg,2.5073916e-06,0.4454138,0.20136945,0.33752394,0.130463,0.50830775,0.1382315,0.774944,
capture_2020_04_17_11_39_49_7368.jpg,2.6587513e-06,0.4455708,0.20237233,0.33777782,0.13141368,0.50842816,0.139283,0.77444583,
capture_2020_04_17_11_39_49_7369.jpg,2.6773869e-06,0.44595742,0.20191592,0.3387742,0.13134398,0.50888485,0.13893706,0.77294517,
capture_2020_04_17_11_39_49_7370.jpg,2.8784796e-06,0.4464081,0.20232949,0.33993968,0.13231403,0.5094185,0.13981949,0.77084446,
capture_2020_04_17_11_39_49_7371.jpg,3.0317126e-06,0.44680512,0.20249072,0.3409659,0.13297258,0.50989693,0.1403613,0.7690371,
capture_2020_04_17_11_39_49_7372.jpg,2.6732998e-06,0.44761768,0.1989091,0.3435153,0.13050845,0.51103413,0.1368228,0.765309,
capture_2020_04_17_11_39_49_7373.jpg,2.477589e-06,0.44791827,0.19713725,0.34447497,0.12913325,0.51146215,0.1349734,0.76400477,
capture_2020_04_17_11_39_49_7374.jpg,2.6874918e-06,0.4482018,0.1979386,0.34517762,0.13026682,0.51180786,0.1361533,0.7626025,
capture_2020_04_17_11_39_49_7375.jpg,2.671475e-06,0.4482633,0.1977581,0.34533805,0.13013509,0.51188254,0.13595484,0.7623899,
capture_2020_04_17_11_39_49_7376.jpg,2.5070522e-06,0.44848314,0.19634199,0.34606823,0.12901619,0.51220626,0.13446566,0.7613931,
capture_2020_04_17_11_39_49_7377.jpg,2.5389518e-06,0.44853115,0.1965523,0.34614596,0.1291992,0.51224107,0.13463613,0.761282,
capture_2020_04_17_11_39_49_7378.jpg,2.699467e-06,0.4487654,0.19717197,0.34675762,0.13009621,0.512519,0.13553925,0.7600445,
capture_2020_04_17_11_39_49_7379.jpg,2.7385777e-06,0.4488555,0.19722307,0.34700942,0.13028336,0.5126386,0.13570787,0.75956297,
capture_2020_04_17_11_39_49_7380.jpg,2.4881635e-06,0.44890654,0.19550276,0.34732738,0.12868154,0.5127788,0.13375513,0.7593576,
capture_2020_04_17_11_39_49_7381.jpg,2.532309e-06,0.44906002,0.19544075,0.34775722,0.12888776,0.51297736,0.13390912,0.75855255,
capture_2020_04_17_11_39_49_7382.jpg,2.661174e-06,0.44913834,0.19602206,0.34797245,0.12964286,0.5130755,0.1347459,0.75797874,
capture_2020_04_17_11_39_49_7383.jpg,3.3947565e-06,0.4482776,0.19952361,0.3456255,0.13350831,0.512229,0.14025518,0.7604376,
capture_2020_04_17_11_39_49_7384.jpg,3.5572025e-06,0.4484117,0.19962661,0.3460984,0.13402556,0.51251155,0.14087865,0.7594188,
capture_2020_04_17_11_39_49_7385.jpg,3.7350326e-06,0.4483766,0.20050667,0.34593353,0.13484512,0.5124517,0.14189517,0.75953406,
capture_2020_04_17_11_39_49_7386.jpg,4.1618987e-06,0.44838345,0.20253077,0.34575734,0.13671707,0.5123771,0.14413394,0.7595175,
capture_2020_04_17_11_39_49_7387.jpg,4.1493277e-06,0.4483326,0.20270492,0.34557462,0.13670945,0.5122939,0.14414367,0.75988764,
capture_2020_04_17_11_39_49_7388.jpg,4.093091e-06,0.4481408,0.20277922,0.34501767,0.13657786,0.51204807,0.14414138,0.7608229,
capture_2020_04_17_11_39_49_7389.jpg,4.0980976e-06,0.4479761,0.2034266,0.34441984,0.13681325,0.5117163,0.14446738,0.7618924,
capture_2020_04_17_11_39_49_7390.jpg,4.1538933e-06,0.448069,0.20361426,0.34463882,0.13705699,0.5117813,0.14466394,0.76151246,
capture_2020_04_17_11_39_49_7391.jpg,4.184971e-06,0.4481826,0.20365277,0.34487572,0.1371704,0.51189,0.14473563,0.7611288,
capture_2020_04_17_11_39_49_7392.jpg,4.602251e-06,0.4482454,0.20528057,0.3448797,0.13879095,0.51189435,0.14665622,0.7608248,
capture_2020_04_17_11_39_49_7393.jpg,5.0462345e-06,0.44852582,0.2061812,0.34560326,0.14020799,0.5122517,0.14821641,0.75921804,
capture_2020_04_17_11_39_49_7394.jpg,5.0986137e-06,0.44857457,0.20618506,0.34573737,0.14032386,0.5123351,0.14835289,0.7589374,
capture_2020_04_17_11_39_49_7395.jpg,5.265976e-06,0.4487874,0.20624162,0.34630597,0.1407326,0.51263195,0.14875261,0.75783825,
capture_2020_04_17_11_39_49_7396.jpg,5.5037103e-06,0.44910762,0.20623815,0.34719834,0.14131993,0.51305443,0.14927576,0.7560981,
capture_2020_04_17_11_39_49_7397.jpg,5.75182e-06,0.4497606,0.20530088,0.34919557,0.14166869,0.51397985,0.14930354,0.75235784,
capture_2020_04_17_11_39_49_7398.jpg,5.5505166e-06,0.45001495,0.20400324,0.3500732,0.14089552,0.5143787,0.14820929,0.7508817,
capture_2020_04_17_11_39_49_7399.jpg,6.413971e-06,0.45092422,0.20440085,0.35266718,0.14290789,0.5155586,0.15007968,0.74572206,
capture_2020_04_17_11_39_49_7400.jpg,6.903762e-06,0.45114762,0.20518272,0.35321447,0.14409167,0.5158163,0.15137897,0.74447757,
capture_2020_04_17_11_39_49_7401.jpg,6.8152735e-06,0.45122916,0.20467694,0.3535094,0.14378752,0.515957,0.1509699,0.74396306,
capture_2020_04_17_11_39_49_7402.jpg,7.066185e-06,0.45131665,0.20522018,0.35369027,0.14438751,0.51604,0.15163107,0.7435667,
capture_2020_04_17_11_39_49_7403.jpg,7.332793e-06,0.45130154,0.20585027,0.35360757,0.14506163,0.51600647,0.15245146,0.7435411,
capture_2020_04_17_11_39_49_7404.jpg,7.344487e-06,0.4513085,0.20585525,0.35363895,0.1450841,0.51601243,0.15246932,0.74348354,
capture_2020_04_17_11_39_49_7405.jpg,6.670542e-06,0.45103258,0.20483479,0.35290784,0.14352642,0.51568377,0.15077406,0.7451608,
capture_2020_04_17_11_39_49_7406.jpg,6.6001503e-06,0.450909,0.2048697,0.3525735,0.14339173,0.51553875,0.15068457,0.74577916,
capture_2020_04_17_11_39_49_7407.jpg,7.019331e-06,0.45100054,0.20580384,0.35274273,0.14446625,0.5156073,0.15192634,0.74526274,
capture_2020_04_17_11_39_49_7408.jpg,6.817659e-06,0.45093343,0.2053625,0.3526162,0.14395535,0.51555365,0.15135616,0.7455765,
capture_2020_04_17_11_39_49_7409.jpg,6.5951112e-06,0.45070288,0.20537797,0.3519352,0.14350873,0.5152464,0.15095517,0.74693567,
capture_2020_04_17_11_39_49_7410.jpg,6.819331e-06,0.45068637,0.20595552,0.35185143,0.14410649,0.51520354,0.15168044,0.74695265,
capture_2020_04_17_11_39_49_7411.jpg,6.6077646e-06,0.45075044,0.20522542,0.3521166,0.14350545,0.51532584,0.1509102,0.7465733,
capture_2020_04_17_11_39_49_7412.jpg,6.332461e-06,0.45077315,0.20443158,0.35224897,0.1427372,0.5153808,0.14997597,0.74649966,
capture_2020_04_17_11_39_49_7413.jpg,6.457942e-06,0.45101964,0.20413223,0.35301134,0.1429322,0.51572573,0.1500509,0.74503374,
capture_2020_04_17_11_39_49_7414.jpg,6.884183e-06,0.4514594,0.20414422,0.3542987,0.14379568,0.5163195,0.15083301,0.74243975,
capture_2020_04_17_11_39_49_7415.jpg,6.8864415e-06,0.45147675,0.20405428,0.35437542,0.14376484,0.5163634,0.1507842,0.7422891,
capture_2020_04_17_11_39_49_7416.jpg,7.14329e-06,0.4516711,0.20427106,0.35488182,0.14431447,0.516596,0.15134743,0.7412465,
capture_2020_04_17_11_39_49_7417.jpg,7.4068357e-06,0.45188466,0.20427798,0.35553947,0.14481965,0.5168968,0.15183389,0.7398589,
capture_2020_04_17_11_39_49_7418.jpg,7.068362e-06,0.4519547,0.2032852,0.35585874,0.14395,0.51702887,0.15073434,0.7394377,
capture_2020_04_17_11_39_49_7419.jpg,5.2025766e-06,0.45230225,0.1981188,0.35715312,0.13868427,0.5174657,0.14399205,0.73849463,
capture_2020_04_17_11_39_49_7420.jpg,4.182075e-06,0.45286354,0.19380343,0.36017224,0.13506526,0.518752,0.13954078,0.7340536,
capture_2020_04_17_11_39_49_7421.jpg,3.7276418e-06,0.45308378,0.19137451,0.36164445,0.13314839,0.5193949,0.1372739,0.73179936,
capture_2020_04_17_11_39_49_7422.jpg,3.5324224e-06,0.45343268,0.18972172,0.36340785,0.13219711,0.52018905,0.1361236,0.7287736,
capture_2020_04_17_11_39_49_7423.jpg,3.5037835e-06,0.45362327,0.1892005,0.36425808,0.13201764,0.5205674,0.13587117,0.7272848,
capture_2020_04_17_11_39_49_7424.jpg,3.1830511e-06,0.45415127,0.1867438,0.36693186,0.1304232,0.5217398,0.13390718,0.72278893,
capture_2020_04_17_11_39_49_7425.jpg,1.2743058e-06,0.45446473,0.17211354,0.3720526,0.116665505,0.5239492,0.118473046,0.71703786,
capture_2020_04_17_11_39_49_7426.jpg,4.1107148e-07,0.4531743,0.1575258,0.37120757,0.10175595,0.52380383,0.10277876,0.7220999,
capture_2020_04_17_11_39_49_7427.jpg,3.503215e-07,0.4529392,0.15574968,0.37085995,0.09985744,0.5236437,0.100758925,0.7231859,
capture_2020_04_17_11_39_49_7428.jpg,2.9397296e-07,0.45266545,0.1538158,0.37050688,0.09786525,0.52346796,0.09867378,0.72419983,
capture_2020_04_17_11_39_49_7429.jpg,2.6491034e-07,0.45251328,0.15271181,0.37026852,0.096681096,0.52335393,0.0974122,0.7249193,
capture_2020_04_17_11_39_49_7430.jpg,2.719407e-07,0.45254317,0.152985,0.37032998,0.09699496,0.52337635,0.09775261,0.7246975,
capture_2020_04_17_11_39_49_7431.jpg,2.9357707e-07,0.4526302,0.15378352,0.37053823,0.097940594,0.52345884,0.09880842,0.723916,
capture_2020_04_17_11_39_49_7432.jpg,2.8652022e-07,0.45259103,0.15352434,0.37049702,0.09767832,0.52343094,0.09853968,0.72402877,
capture_2020_04_17_11_39_49_7433.jpg,2.9353396e-07,0.45262116,0.15377867,0.3705625,0.0979804,0.5234569,0.09887387,0.7237817,
capture_2020_04_17_11_39_49_7434.jpg,2.8144964e-07,0.4525717,0.15338252,0.37045428,0.09749873,0.5234031,0.09835139,0.7241511,
capture_2020_04_17_11_39_49_7435.jpg,2.8841598e-07,0.45260227,0.15359634,0.37053272,0.097779736,0.52344745,0.09866576,0.72389066,
capture_2020_04_17_11_39_49_7436.jpg,2.7243314e-07,0.45252246,0.15300487,0.37039232,0.09712238,0.5233785,0.09795565,0.72433466,
capture_2020_04_17_11_39_49_7437.jpg,2.6255918e-07,0.45248082,0.15262315,0.37029558,0.096674345,0.5233415,0.09745955,0.7246995,
capture_2020_04_17_11_39_49_7438.jpg,2.835316e-07,0.4525835,0.15345842,0.3704648,0.09757771,0.52341086,0.09843087,0.7241162,
capture_2020_04_17_11_39_49_7439.jpg,3.3310323e-07,0.4527975,0.15517458,0.37082782,0.0994671,0.5235718,0.10046425,0.7229068,
capture_2020_04_17_11_39_49_7440.jpg,3.448386e-07,0.45284787,0.15550628,0.37090537,0.09982906,0.52362317,0.10084434,0.72270685,
capture_2020_04_17_11_39_49_7441.jpg,3.4693852e-07,0.45286438,0.15558925,0.37088963,0.09986664,0.52362406,0.100859724,0.7227803,
capture_2020_04_17_11_39_49_7442.jpg,3.4922138e-07,0.45287818,0.155659,0.3708993,0.09992281,0.5236334,0.10091051,0.7227876,
capture_2020_04_17_11_39_49_7443.jpg,3.2972017e-07,0.4527931,0.15495414,0.37077576,0.09919323,0.5236005,0.10012637,0.72320575,
capture_2020_04_17_11_39_49_7444.jpg,3.3600728e-07,0.45281264,0.1551591,0.37082124,0.09943216,0.52361745,0.10039332,0.7230096,
capture_2020_04_17_11_39_49_7445.jpg,3.2083756e-07,0.45275322,0.15462586,0.3707246,0.09885947,0.5235866,0.09977265,0.72337335,
capture_2020_04_17_11_39_49_7446.jpg,3.5565742e-07,0.45288315,0.15567893,0.3709757,0.10006657,0.5237071,0.10108736,0.72251415,
capture_2020_04_17_11_39_49_7447.jpg,3.827492e-07,0.452989,0.1564945,0.3711398,0.10094274,0.5237807,0.102029495,0.7219892,
capture_2020_04_17_11_39_49_7448.jpg,3.9721579e-07,0.45304134,0.15687697,0.3712186,0.10136354,0.5238237,0.10247456,0.7217492,
capture_2020_04_17_11_39_49_7449.jpg,3.9484246e-07,0.45304018,0.15680945,0.37120292,0.101275094,0.5238213,0.10236844,0.72184515,
capture_2020_04_17_11_39_49_7450.jpg,3.9763498e-07,0.45304155,0.15684201,0.3712392,0.101362586,0.5238429,0.102481194,0.7217043,
capture_2020_04_17_11_39_49_7451.jpg,3.9155685e-07,0.45302236,0.15671365,0.37119785,0.10119574,0.5238133,0.102298275,0.72183686,
capture_2020_04_17_11_39_49_7452.jpg,3.5458518e-07,0.45289046,0.15569547,0.37095377,0.10003786,0.523689,0.101039395,0.7226146,
capture_2020_04_17_11_39_49_7453.jpg,6.3459515e-07,0.45364955,0.1620111,0.37235072,0.10726069,0.5243127,0.10892473,0.7177515,
capture_2020_04_17_11_39_49_7454.jpg,2.6121925e-06,0.45530635,0.17782784,0.37511086,0.12651831,0.52567333,0.13010378,0.7067476,
capture_2020_04_17_11_39_49_7455.jpg,2.9254347e-06,0.4554714,0.17901209,0.37560815,0.12817492,0.5259286,0.1320402,0.70530856,
capture_2020_04_17_11_39_49_7456.jpg,3.179438e-06,0.4555753,0.18012945,0.37566727,0.12943017,0.52594495,0.13337742,0.70493567,
capture_2020_04_17_11_39_49_7457.jpg,3.4189977e-06,0.45564675,0.18110175,0.3756019,0.13050169,0.5259148,0.13449743,0.704833,
capture_2020_04_17_11_39_49_7458.jpg,3.8864714e-06,0.4558599,0.18243147,0.3764541,0.13251877,0.5263031,0.13692069,0.7025756,
capture_2020_04_17_11_39_49_7459.jpg,3.949542e-06,0.45590153,0.18240353,0.37683418,0.1327729,0.5264909,0.13733241,0.70166594,
capture_2020_04_17_11_39_49_7460.jpg,4.2962924e-06,0.45599902,0.18338315,0.37707028,0.13410503,0.526596,0.1388451,0.70080024,
capture_2020_04_17_11_39_49_7461.jpg,4.7847934e-06,0.4561404,0.18475248,0.3773096,0.13581003,0.5266879,0.14072147,0.6999324,
capture_2020_04_17_11_39_49_7462.jpg,4.8800766e-06,0.45616272,0.18498719,0.3773574,0.13612178,0.5267114,0.14107282,0.6997425,
capture_2020_04_17_11_39_49_7463.jpg,5.0861568e-06,0.45622203,0.1855276,0.3774309,0.13677132,0.5267637,0.14181511,0.69945186,
capture_2020_04_17_11_39_49_7464.jpg,5.2078885e-06,0.45624816,0.18584071,0.37748823,0.13717453,0.5267749,0.14225912,0.699216,
capture_2020_04_17_11_39_49_7465.jpg,5.170249e-06,0.45623615,0.18570016,0.37748584,0.13704109,0.52678543,0.1421269,0.6992342,
capture_2020_04_17_11_39_49_7466.jpg,4.9982964e-06,0.45619458,0.185275,0.37742215,0.13650799,0.5267465,0.14151682,0.6994982,
capture_2020_04_17_11_39_49_7467.jpg,4.8079655e-06,0.45614034,0.18472947,0.37735838,0.13588196,0.5267286,0.1408384,0.6997441,
capture_2020_04_17_11_39_49_7468.jpg,5.010714e-06,0.45619684,0.18530674,0.3774276,0.13655008,0.5267529,0.14157067,0.6994692,
capture_2020_04_17_11_39_49_7469.jpg,5.4015177e-06,0.45629454,0.18634193,0.37753585,0.13777599,0.5268107,0.14295416,0.69895685,
capture_2020_04_17_11_39_49_7470.jpg,5.4201664e-06,0.45630792,0.1864476,0.37751442,0.13783109,0.5268096,0.14302039,0.69903064,
capture_2020_04_17_11_39_49_7471.jpg,5.6059753e-06,0.4563537,0.18693721,0.37754452,0.13837463,0.5268282,0.14362502,0.6988604,
capture_2020_04_17_11_39_49_7472.jpg,5.755227e-06,0.4563833,0.18725945,0.37762532,0.13882744,0.5268551,0.1441435,0.6985546,
capture_2020_04_17_11_39_49_7473.jpg,5.6238387e-06,0.4563472,0.18690468,0.37761998,0.13845614,0.5268362,0.14371726,0.698634,
capture_2020_04_17_11_39_49_7474.jpg,5.5642276e-06,0.4563261,0.18670419,0.37766042,0.13832445,0.52683586,0.14358278,0.6985118,
capture_2020_04_17_11_39_49_7475.jpg,5.5031383e-06,0.45630008,0.18648924,0.3776762,0.13814951,0.5268282,0.14338425,0.698473,
capture_2020_04_17_11_39_49_7476.jpg,5.5191263e-06,0.4563033,0.18649122,0.3777084,0.13819775,0.52684706,0.14345586,0.6983712,
capture_2020_04_17_11_39_49_7477.jpg,5.521859e-06,0.4563049,0.18646786,0.37772334,0.13819563,0.5268634,0.143466,0.69831985,
capture_2020_04_17_11_39_49_7478.jpg,5.472094e-06,0.45629045,0.18636894,0.3776953,0.13806333,0.526843,0.14331184,0.69840336,
capture_2020_04_17_11_39_49_7479.jpg,5.4278476e-06,0.4562868,0.18629877,0.37766373,0.13792832,0.5268289,0.143149,0.6985394,
capture_2020_04_17_11_39_49_7480.jpg,5.424945e-06,0.45627567,0.18620382,0.37769884,0.13791715,0.5268548,0.14317155,0.69840163,
capture_2020_04_17_11_39_49_7481.jpg,5.1254174e-06,0.45620966,0.18554392,0.37755847,0.13702554,0.52678955,0.14217557,0.69891196,
capture_2020_04_17_11_39_49_7482.jpg,5.0558256e-06,0.45619595,0.18536204,0.37753594,0.13680334,0.5267837,0.14193027,0.69902396,
capture_2020_04_17_11_39_49_7483.jpg,5.380911e-06,0.4562832,0.18619381,0.37766305,0.13780408,0.5268267,0.14301477,0.69857514,
capture_2020_04_17_11_39_49_7484.jpg,5.20215e-06,0.4562351,0.18577003,0.3775888,0.13728553,0.52679247,0.14245231,0.6988071,
capture_2020_04_17_11_39_49_7485.jpg,5.0772787e-06,0.45621383,0.18551336,0.377537,0.13692363,0.5267619,0.14204487,0.69900924,
capture_2020_04_17_11_39_49_7486.jpg,4.0309824e-06,0.45595935,0.18306376,0.37695312,0.13351984,0.52640504,0.13817222,0.7011103,
capture_2020_04_17_11_39_49_7487.jpg,3.5120734e-06,0.45582443,0.18161242,0.37658015,0.13145682,0.5261859,0.13576612,0.7025719,
capture_2020_04_17_11_39_49_7488.jpg,3.3416768e-06,0.45576587,0.18105449,0.37646732,0.13074021,0.52612364,0.13496667,0.70296854,
capture_2020_04_17_11_39_49_7489.jpg,3.2623936e-06,0.45570645,0.18058132,0.37650627,0.13041747,0.52615416,0.13470346,0.7027703,
capture_2020_04_17_11_39_49_7490.jpg,3.2225873e-06,0.4556681,0.18034782,0.3765219,0.13026904,0.5261608,0.13459513,0.702639,
capture_2020_04_17_11_39_49_7491.jpg,3.2711262e-06,0.4556759,0.18042684,0.37662736,0.13053264,0.5262136,0.1349518,0.70224285,
capture_2020_04_17_11_39_49_7492.jpg,4.168183e-06,0.45595047,0.1830865,0.37735745,0.13430643,0.5265528,0.13928953,0.699566,
capture_2020_04_17_11_39_49_7493.jpg,5.341216e-06,0.45624816,0.18595402,0.37803006,0.13820776,0.5268606,0.14371881,0.6971154,
capture_2020_04_17_11_39_49_7494.jpg,6.9448092e-06,0.45655122,0.18888968,0.3788009,0.14245212,0.52723545,0.14861554,0.6942599,
capture_2020_04_17_11_39_49_7495.jpg,1.0729673e-05,0.45582274,0.19284956,0.3776256,0.14907165,0.525468,0.15608555,0.6873286,
capture_2020_04_17_11_39_49_7496.jpg,1.4100478e-05,0.44990155,0.19133388,0.3668247,0.15307817,0.5125838,0.16005322,0.6645002,
capture_2020_04_17_11_39_49_7497.jpg,1.622636e-05,0.44085655,0.18841657,0.35079914,0.15844125,0.49084502,0.16419318,0.62984914,
capture_2020_04_17_11_39_49_7498.jpg,2.1667229e-05,0.43742475,0.19268094,0.34596762,0.16611616,0.48284984,0.1720637,0.61333305,
capture_2020_04_17_11_39_49_7499.jpg,5.6833887e-05,0.43584466,0.21536827,0.3434564,0.19344269,0.4752326,0.20166956,0.5912876,
capture_2020_04_17_11_39_49_7500.jpg,7.645585e-05,0.4370953,0.22326294,0.3439646,0.20257092,0.47503743,0.21197066,0.5908947,
capture_2020_04_17_11_39_49_7501.jpg,0.00019391857,0.44135404,0.24600537,0.34690955,0.22989704,0.47499353,0.24065208,0.5825634,
capture_2020_04_17_11_39_49_7502.jpg,0.000514869,0.44607195,0.2766941,0.35394353,0.2563111,0.48200873,0.26893836,0.5953656,
capture_2020_04_17_11_39_49_7503.jpg,0.0006499311,0.446447,0.29068825,0.35807675,0.26609594,0.4855012,0.2776556,0.5883245,
capture_2020_04_17_11_39_49_7504.jpg,0.0006417035,0.44545713,0.3016847,0.35922322,0.27395296,0.48749152,0.28318274,0.5733343,
capture_2020_04_17_11_39_49_7505.jpg,0.0005243549,0.43664512,0.32058156,0.35600615,0.29886627,0.48231247,0.3066843,0.53260326,
capture_2020_04_17_11_39_49_7506.jpg,0.00046173902,0.4330478,0.33310324,0.35318053,0.31439796,0.47547674,0.3234322,0.5125995,
capture_2020_04_17_11_39_49_7507.jpg,0.0003971709,0.4312578,0.34354368,0.3510871,0.3271533,0.46872354,0.33756855,0.4929417,
capture_2020_04_17_11_39_49_7508.jpg,0.000281714,0.43506923,0.37582535,0.3611571,0.36084616,0.46449855,0.37559044,0.45120895,
capture_2020_04_17_11_39_49_7509.jpg,0.00023906857,0.4394152,0.40973637,0.37163275,0.4035779,0.45810825,0.42380697,0.39177603,
capture_2020_04_17_11_39_49_7510.jpg,0.00024325788,0.44394264,0.42763177,0.37835824,0.42387214,0.45896208,0.4480468,0.36220798,
capture_2020_04_17_11_39_49_7511.jpg,0.00024599678,0.44682074,0.4361524,0.38193685,0.43219915,0.46061638,0.4582309,0.34990993,
capture_2020_04_17_11_39_49_7512.jpg,0.00025050924,0.4482057,0.43926638,0.38311166,0.4341102,0.46181694,0.4606533,0.34704077,
capture_2020_04_17_11_39_49_7513.jpg,0.00033304657,0.4456871,0.48071843,0.38679746,0.47894096,0.458862,0.50618845,0.31280032,
capture_2020_04_17_11_39_49_7514.jpg,0.0004101301,0.4541432,0.52869236,0.40359223,0.5271158,0.46712753,0.5518748,0.28104192,
capture_2020_04_17_11_39_49_7515.jpg,0.0004024599,0.4677137,0.55391854,0.42654648,0.54774183,0.4828376,0.57034075,0.25660917,
capture_2020_04_17_11_39_49_7516.jpg,0.00039433117,0.4742751,0.55465114,0.43338817,0.5462995,0.48940715,0.5697642,0.25616232,
capture_2020_04_17_11_39_49_7517.jpg,0.00034933916,0.4772214,0.5698754,0.4396346,0.5622611,0.48839477,0.5876706,0.24166116,
capture_2020_04_17_11_39_49_7518.jpg,0.00034794002,0.47636724,0.5889409,0.4394683,0.58153385,0.48443666,0.60825676,0.23224282,
capture_2020_04_17_11_39_49_7519.jpg,0.000360151,0.4859996,0.615848,0.44903865,0.6082709,0.4902016,0.63343245,0.22474036,
capture_2020_04_17_11_39_49_7520.jpg,0.0003756978,0.49974954,0.64326155,0.463988,0.63778806,0.4992311,0.6589081,0.21767108,
capture_2020_04_17_11_39_49_7521.jpg,0.00038552648,0.4992854,0.6477652,0.46277267,0.6438438,0.49800196,0.6649997,0.21618077,
capture_2020_04_17_11_39_49_7522.jpg,0.00034056633,0.511002,0.66708475,0.4760088,0.66690826,0.5041416,0.6861945,0.20178536,
capture_2020_04_17_11_39_49_7523.jpg,0.00028484882,0.52857643,0.6988221,0.49545178,0.70323384,0.5104019,0.72112644,0.17180233,
capture_2020_04_17_11_39_49_7524.jpg,0.0002865567,0.53672314,0.7077767,0.5037792,0.7088568,0.519122,0.7268185,0.17068882,
capture_2020_04_17_11_39_49_7525.jpg,0.00029707773,0.53940165,0.7136915,0.5061155,0.71174884,0.5228891,0.7303583,0.17230216,
capture_2020_04_17_11_39_49_7526.jpg,0.0003045941,0.5403622,0.712896,0.50745076,0.7107699,0.5243748,0.72943026,0.17373136,
capture_2020_04_17_11_39_49_7527.jpg,0.00029717828,0.5450231,0.72139317,0.513149,0.7174198,0.52832174,0.7352174,0.16363153,
capture_2020_04_17_11_39_49_7528.jpg,0.0002848719,0.5483209,0.727465,0.517731,0.72174484,0.5316352,0.74039334,0.15438588,
capture_2020_04_17_11_39_49_7529.jpg,0.0002477279,0.55348843,0.73896235,0.52649504,0.72903377,0.53760785,0.7508033,0.13676532,
capture_2020_04_17_11_39_49_7530.jpg,0.00021283438,0.5555122,0.74612355,0.53208303,0.73302454,0.5402707,0.7560472,0.123047695,
capture_2020_04_17_11_39_49_7531.jpg,0.00017742543,0.56058383,0.7511194,0.54122764,0.73636705,0.54592896,0.7589763,0.11227618,
capture_2020_04_17_11_39_49_7532.jpg,0.00014598058,0.56394196,0.7537778,0.54437554,0.73872125,0.5485763,0.7615915,0.10685344,
capture_2020_04_17_11_39_49_7533.jpg,0.00010080345,0.57329315,0.76064456,0.55477893,0.7453208,0.5556427,0.7675309,0.09765534,
capture_2020_04_17_11_39_49_7534.jpg,6.3105595e-05,0.580025,0.768973,0.5616601,0.7550297,0.559599,0.77497137,0.0878525,
capture_2020_04_17_11_39_49_7535.jpg,1.6180265e-05,0.6013146,0.7890185,0.5852024,0.7807447,0.5732266,0.79607886,0.06376821,
capture_2020_04_17_11_39_49_7536.jpg,1.0479644e-05,0.6089818,0.79243535,0.59361523,0.7823149,0.58025044,0.7995566,0.05701647,
capture_2020_04_17_11_39_49_7537.jpg,6.368417e-06,0.6184687,0.79594535,0.6038836,0.78372246,0.5890811,0.8034733,0.049964223,
capture_2020_04_17_11_39_49_7538.jpg,3.2685941e-06,0.6328353,0.80225646,0.61991096,0.7904648,0.60121495,0.81102204,0.041917723,
capture_2020_04_17_11_39_49_7539.jpg,2.7939518e-06,0.64059085,0.80489194,0.62845266,0.79395324,0.60772467,0.81396407,0.03997138,
capture_2020_04_17_11_39_49_7540.jpg,2.7097094e-06,0.6500908,0.8054428,0.6395274,0.79420316,0.6167189,0.81526524,0.038775995,
capture_2020_04_17_11_39_49_7541.jpg,2.1271949e-06,0.6587725,0.8072713,0.64922345,0.7949976,0.62475973,0.8174813,0.035807382,
capture_2020_04_17_11_39_49_7542.jpg,1.1571768e-06,0.6731061,0.81295794,0.6656929,0.80006254,0.63761497,0.8238347,0.030025005,
capture_2020_04_17_11_39_49_7543.jpg,9.514286e-07,0.68023866,0.8156996,0.67425287,0.80351716,0.64392227,0.82692575,0.02858131,
capture_2020_04_17_11_39_49_7544.jpg,5.817899e-07,0.68965936,0.82074946,0.6855378,0.8089345,0.6520541,0.8323968,0.025078185,
capture_2020_04_17_11_39_49_7545.jpg,4.9939086e-07,0.69248354,0.8223645,0.6887277,0.8111735,0.6542495,0.8341978,0.024073865,
capture_2020_04_17_11_39_49_7546.jpg,3.5016515e-07,0.69859433,0.825837,0.695635,0.8153988,0.659072,0.8380053,0.021808203,
capture_2020_04_17_11_39_49_7547.jpg,3.0557626e-07,0.7004959,0.8269902,0.697812,0.81660134,0.66061145,0.8392572,0.021006675,
capture_2020_04_17_11_39_49_7548.jpg,2.661255e-07,0.70242846,0.8281962,0.700044,0.8178903,0.6621457,0.8405669,0.02024725,
capture_2020_04_17_11_39_49_7549.jpg,2.4805533e-07,0.703714,0.82882684,0.70140123,0.81888866,0.6629829,0.84138435,0.019891258,
capture_2020_04_17_11_39_49_7550.jpg,2.503205e-07,0.7040311,0.8288148,0.7017155,0.8191249,0.6631541,0.84147197,0.019979367,
capture_2020_04_17_11_39_49_7551.jpg,2.5687746e-07,0.7038896,0.82869637,0.7015015,0.81919384,0.66292995,0.84136,0.020158434,
capture_2020_04_17_11_39_49_7552.jpg,2.6125784e-07,0.7039992,0.8286543,0.7016795,0.81918406,0.66310006,0.8412881,0.020257322,
capture_2020_04_17_11_39_49_7553.jpg,2.624365e-07,0.70379275,0.82858104,0.70151407,0.8189767,0.66303945,0.84120256,0.020265874,
capture_2020_04_17_11_39_49_7554.jpg,2.8010786e-07,0.70259094,0.8280172,0.7001695,0.8182243,0.6621371,0.8405058,0.020613335,
capture_2020_04_17_11_39_49_7555.jpg,3.4658902e-07,0.6994001,0.82613146,0.696414,0.8161139,0.65949535,0.8384087,0.021850253,
capture_2020_04_17_11_39_49_7556.jpg,4.5284537e-07,0.69446915,0.82349634,0.69052625,0.813095,0.65517396,0.8358188,0.023545494,
capture_2020_04_17_11_39_49_7557.jpg,7.1232165e-07,0.683261,0.8179456,0.6772162,0.80665565,0.6454254,0.8301211,0.026396185,
capture_2020_04_17_11_39_49_7558.jpg,1.4708083e-06,0.6653074,0.8107954,0.6554721,0.80045336,0.62888473,0.8226142,0.0322816,
capture_2020_04_17_11_39_49_7559.jpg,2.096238e-06,0.6377621,0.8075904,0.6233044,0.7991774,0.6022648,0.8179925,0.036736146,
capture_2020_04_17_11_39_49_7560.jpg,3.0976666e-06,0.62744296,0.8070604,0.6119207,0.8018177,0.59160036,0.81643337,0.04130133,
capture_2020_04_17_11_39_49_7561.jpg,7.247882e-06,0.576269,0.8080994,0.5606091,0.80587256,0.5486576,0.8070516,0.060727756,
capture_2020_04_17_11_39_49_7562.jpg,1.0130222e-05,0.5561621,0.8037635,0.5393415,0.8027973,0.5311451,0.80403143,0.067498386,
capture_2020_04_17_11_39_49_7563.jpg,1.4186452e-05,0.50711924,0.80036455,0.49092153,0.808211,0.48786622,0.80659705,0.07792436,
capture_2020_04_17_11_39_49_7564.jpg,1.6153086e-05,0.48878795,0.7991252,0.47264588,0.80921817,0.47191972,0.80692273,0.082725234,
capture_2020_04_17_11_39_49_7565.jpg,1.1839921e-05,0.46758512,0.8054877,0.44875944,0.82214576,0.44831362,0.8143723,0.08205314,
capture_2020_04_17_11_39_49_7566.jpg,6.4199376e-06,0.44711152,0.8054929,0.4320044,0.8283861,0.4262084,0.8144454,0.07247799,
capture_2020_04_17_11_39_49_7567.jpg,5.4572674e-06,0.42909867,0.80282134,0.41535237,0.8277366,0.4080807,0.81001246,0.07123142,
capture_2020_04_17_11_39_49_7568.jpg,4.9717205e-06,0.41470134,0.7962686,0.40074763,0.8228792,0.39423862,0.80655754,0.0681771,
capture_2020_04_17_11_39_49_7569.jpg,4.1789813e-06,0.39185113,0.8002948,0.3769709,0.83072805,0.37228414,0.8120054,0.07095888,
capture_2020_04_17_11_39_49_7570.jpg,2.2276572e-06,0.38684598,0.8045516,0.3710901,0.83633566,0.3656055,0.8173166,0.061920363,
capture_2020_04_17_11_39_49_7571.jpg,2.9002094e-06,0.38571188,0.8013807,0.3701422,0.8336014,0.36547267,0.8150179,0.06595913,
capture_2020_04_17_11_39_49_7572.jpg,3.2953137e-06,0.36936072,0.8012459,0.35253677,0.83482784,0.35061526,0.81478035,0.07379404,
capture_2020_04_17_11_39_49_7573.jpg,3.1617494e-06,0.33750087,0.8049752,0.3177107,0.839754,0.3210061,0.816066,0.0871735,
capture_2020_04_17_11_39_49_7574.jpg,2.9175055e-06,0.3181295,0.81356794,0.29587525,0.84950095,0.30171403,0.82226616,0.09648565,
capture_2020_04_17_11_39_49_7575.jpg,4.814036e-06,0.29817614,0.8141435,0.27377203,0.84949565,0.2845487,0.81891423,0.12412319,
capture_2020_04_17_11_39_49_7576.jpg,6.243002e-06,0.28032547,0.81596833,0.26262373,0.84475744,0.2754263,0.81588215,0.13909374,
capture_2020_04_17_11_39_49_7577.jpg,6.3638936e-06,0.27710596,0.8126523,0.25964472,0.84144866,0.27273315,0.81351054,0.1414255,
capture_2020_04_17_11_39_49_7578.jpg,6.670065e-06,0.26988152,0.7941724,0.25081265,0.8228472,0.2659032,0.8011785,0.14958575,
capture_2020_04_17_11_39_49_7579.jpg,5.5938312e-06,0.2585094,0.7830123,0.2406343,0.8098515,0.25674516,0.79622495,0.15375152,
capture_2020_04_17_11_39_49_7580.jpg,6.421481e-06,0.25520155,0.7703276,0.23684247,0.79322976,0.25432166,0.78485036,0.16569985,
capture_2020_04_17_11_39_49_7581.jpg,8.473783e-06,0.25222698,0.7505521,0.23128386,0.7688389,0.25134313,0.7624708,0.18380891,
capture_2020_04_17_11_39_49_7582.jpg,6.7057367e-06,0.24776854,0.7470971,0.22396964,0.76362497,0.2473066,0.7574202,0.1929057,
capture_2020_04_17_11_39_49_7583.jpg,5.642044e-06,0.243179,0.7441689,0.2181502,0.75923884,0.24318051,0.7523813,0.19562763,
capture_2020_04_17_11_39_49_7584.jpg,2.4480028e-06,0.22488283,0.74510914,0.20212558,0.7595077,0.22674857,0.74984443,0.1817914,
capture_2020_04_17_11_39_49_7585.jpg,2.0903728e-06,0.22125338,0.7450334,0.19893305,0.7597628,0.22330584,0.74871093,0.17839612,
capture_2020_04_17_11_39_49_7586.jpg,1.7695774e-06,0.21828039,0.7460319,0.19585633,0.7610229,0.22011396,0.75045395,0.17436041,
capture_2020_04_17_11_39_49_7587.jpg,8.579579e-07,0.20745139,0.7519933,0.18541496,0.76905024,0.20827699,0.7614874,0.1538094,
capture_2020_04_17_11_39_49_7588.jpg,5.3825204e-07,0.20085908,0.7558875,0.17905578,0.7748246,0.20088784,0.7689876,0.14051889,
capture_2020_04_17_11_39_49_7589.jpg,3.1207367e-07,0.1939868,0.76133305,0.17268395,0.7826609,0.19297671,0.77902746,0.12503383,
capture_2020_04_17_11_39_49_7590.jpg,2.4150975e-07,0.19041914,0.76379544,0.16941102,0.78587717,0.18922521,0.7829965,0.11899637,
capture_2020_04_17_11_39_49_7591.jpg,2.2546203e-07,0.18965007,0.76499015,0.16884655,0.7875261,0.18835501,0.78507763,0.11643064,
capture_2020_04_17_11_39_49_7592.jpg,2.503888e-07,0.19178909,0.76841855,0.17156707,0.7914646,0.190194,0.79030734,0.11284004,
capture_2020_04_17_11_39_49_7593.jpg,2.4657766e-07,0.19188587,0.7697035,0.17190312,0.7928091,0.19026095,0.79212767,0.11143238,
capture_2020_04_17_11_39_49_7594.jpg,2.2048111e-07,0.19052225,0.7708707,0.17093998,0.79397935,0.18909869,0.7936678,0.110050716,
capture_2020_04_17_11_39_49_7595.jpg,1.8496775e-07,0.18839891,0.7740683,0.16938068,0.7973082,0.1870301,0.797708,0.106004685,
capture_2020_04_17_11_39_49_7596.jpg,1.3937553e-07,0.18571782,0.78105974,0.16794588,0.80432594,0.18438886,0.80643016,0.097721204,
capture_2020_04_17_11_39_49_7597.jpg,9.834906e-08,0.1833993,0.7901252,0.16689989,0.8132898,0.18176594,0.8175011,0.08767566,
capture_2020_04_17_11_39_49_7598.jpg,5.314122e-08,0.17813355,0.8052262,0.16403812,0.82827324,0.17652144,0.8333099,0.07404207,
capture_2020_04_17_11_39_49_7599.jpg,1.0017598e-08,0.15974477,0.8292802,0.14914294,0.8540617,0.15815647,0.86008584,0.05030821,
capture_2020_04_17_11_39_49_7600.jpg,3.0850358e-09,0.14726576,0.8422922,0.13751923,0.86736983,0.14532419,0.873988,0.039245375,
capture_2020_04_17_11_39_49_7601.jpg,2.1637445e-09,0.14367752,0.8464336,0.13426684,0.8711233,0.14173098,0.8779069,0.036428954,
capture_2020_04_17_11_39_49_7602.jpg,1.4899888e-09,0.13981326,0.8508861,0.13096629,0.87456757,0.13799255,0.8815545,0.03396642,
capture_2020_04_17_11_39_49_7603.jpg,1.5013886e-09,0.14035714,0.8528241,0.13169545,0.87540495,0.13858427,0.88243157,0.03363444,
capture_2020_04_17_11_39_49_7604.jpg,9.5951094e-11,0.110890895,0.8746444,0.10742154,0.8934294,0.11207431,0.90207887,0.023385953,
capture_2020_04_17_11_39_49_7605.jpg,2.633951e-11,0.09787249,0.883351,0.09679168,0.9007652,0.10064778,0.9109888,0.019982995,
capture_2020_04_17_11_39_49_7606.jpg,7.553107e-12,0.08683119,0.89352775,0.088304795,0.91030955,0.090971135,0.9212231,0.016556965,
capture_2020_04_17_11_39_49_7607.jpg,1.0574861e-12,0.07311751,0.9066279,0.07689694,0.92208403,0.07809836,0.93293613,0.012199912,
capture_2020_04_17_11_39_49_7608.jpg,2.5334672e-14,0.05196916,0.92613024,0.057081353,0.9406077,0.056892883,0.95064235,0.0068271263,
capture_2020_04_17_11_39_49_7609.jpg,1.757184e-16,0.03262146,0.9469248,0.037531566,0.96064097,0.036415514,0.9686566,0.0029524162,
capture_2020_04_17_11_39_49_7610.jpg,2.4223759e-18,0.021636657,0.9592382,0.025904821,0.9712733,0.024682935,0.97792006,0.001525554,
capture_2020_04_17_11_39_49_7611.jpg,7.8889676e-20,0.015532803,0.96701974,0.019029934,0.97746,0.017946012,0.98321736,0.0009207206,
capture_2020_04_17_11_39_49_7612.jpg,1.1209441e-20,0.012750836,0.97035235,0.015827747,0.9801129,0.0148758665,0.9854336,0.00070709595,
capture_2020_04_17_11_39_49_7613.jpg,5.186511e-22,0.009363477,0.9752271,0.01185278,0.9838843,0.011058093,0.98851144,0.00045892317,
capture_2020_04_17_11_39_49_7614.jpg,1.0772399e-22,0.007962225,0.97729695,0.010133511,0.98552203,0.009441287,0.98981184,0.0003691023,
capture_2020_04_17_11_39_49_7615.jpg,2.1147233e-23,0.0067405985,0.9793163,0.008647693,0.9870481,0.008036042,0.9909644,0.00029750032,
capture_2020_04_17_11_39_49_7616.jpg,1.8466207e-23,0.0066371,0.9794707,0.008517579,0.9871841,0.007916241,0.99105424,0.0002927707,
capture_2020_04_17_11_39_49_7617.jpg,9.35786e-24,0.006206837,0.9803156,0.008000341,0.98778266,0.007418872,0.9915242,0.00026392387,
capture_2020_04_17_11_39_49_7618.jpg,4.720764e-24,0.005816733,0.98116297,0.0075322157,0.98836875,0.006962318,0.9919939,0.0002358294,
capture_2020_04_17_11_39_49_7619.jpg,3.3604327e-24,0.0056218253,0.98146,0.007303514,0.98855865,0.006746475,0.9921612,0.00022499634,
capture_2020_04_17_11_39_49_7620.jpg,5.4117194e-25,0.004713779,0.98325884,0.006237215,0.9896891,0.0057305046,0.99307793,0.00017506271,
capture_2020_04_17_11_39_49_7621.jpg,4.058606e-25,0.004556352,0.9832085,0.006081126,0.98959166,0.0056017083,0.9930368,0.00017474734,
capture_2020_04_17_11_39_49_7622.jpg,9.457875e-25,0.0049204417,0.98201686,0.0065493807,0.9887293,0.006069745,0.99239373,0.00020450847,
capture_2020_04_17_11_39_49_7623.jpg,9.67674e-24,0.006040825,0.97788656,0.007979214,0.985657,0.007556583,0.9900714,0.0003254737,
capture_2020_04_17_11_39_49_7624.jpg,1.8396105e-23,0.0063807224,0.97649616,0.008395335,0.9844319,0.008013639,0.98919755,0.00037950845,
capture_2020_04_17_11_39_49_7625.jpg,5.324779e-22,0.008613471,0.968402,0.010904915,0.97717744,0.010820623,0.98372006,0.0007862205,
capture_2020_04_17_11_39_49_7626.jpg,7.8677504e-20,0.013793684,0.9535852,0.016413307,0.9625391,0.017070062,0.97187907,0.002090796,
capture_2020_04_17_11_39_49_7627.jpg,1.5675402e-17,0.0227592,0.93285024,0.025455229,0.9405736,0.027536847,0.9530158,0.0054488457,
capture_2020_04_17_11_39_49_7628.jpg,1.0063146e-14,0.039530743,0.8915909,0.04113799,0.89172494,0.04712982,0.90660083,0.018683773,
capture_2020_04_17_11_39_49_7629.jpg,7.807321e-14,0.04542918,0.86792094,0.046740316,0.86357504,0.05482206,0.8777531,0.02844701,
capture_2020_04_17_11_39_49_7630.jpg,3.7834205e-13,0.051072236,0.8136758,0.043722462,0.7958336,0.0613602,0.8131079,0.06878368,
capture_2020_04_17_11_39_49_7631.jpg,2.4462299e-12,0.06219442,0.7929043,0.049506478,0.77511597,0.07223223,0.7936427,0.10028708,
capture_2020_04_17_11_39_49_7632.jpg,2.2645873e-11,0.07771757,0.7732778,0.05868432,0.75905716,0.08729249,0.7787903,0.13753341,
capture_2020_04_17_11_39_49_7633.jpg,3.3913056e-10,0.102576345,0.753349,0.075429626,0.7425291,0.111578315,0.7671054,0.18107542,
capture_2020_04_17_11_39_49_7634.jpg,3.3507297e-09,0.1288461,0.74469626,0.09562641,0.73590547,0.13697232,0.7594372,0.20742951,
capture_2020_04_17_11_39_49_7635.jpg,1.4168419e-08,0.14827278,0.740075,0.11071913,0.73177254,0.15554002,0.75591016,0.22638775,
capture_2020_04_17_11_39_49_7636.jpg,6.342896e-08,0.17104962,0.7386726,0.12994865,0.7340794,0.17631298,0.7537144,0.23903194,
capture_2020_04_17_11_39_49_7637.jpg,1.0204958e-07,0.17752512,0.7389996,0.13649176,0.737505,0.18208805,0.75352216,0.23584302,
capture_2020_04_17_11_39_49_7638.jpg,1.73544e-06,0.23837578,0.7470846,0.18487363,0.74603426,0.2360395,0.77324665,0.27844962,
capture_2020_04_17_11_39_49_7639.jpg,4.064109e-06,0.26571032,0.76506716,0.20962733,0.76614916,0.26008824,0.7905969,0.28121376,
capture_2020_04_17_11_39_49_7640.jpg,4.761864e-06,0.27339065,0.7689868,0.21554978,0.77269495,0.26881748,0.8012811,0.28902566,
capture_2020_04_17_11_39_49_7641.jpg,3.0225148e-05,0.3273541,0.7705263,0.25978237,0.7697041,0.3284097,0.81596625,0.33477166,
capture_2020_04_17_11_39_49_7642.jpg,5.1727082e-05,0.34455088,0.77764267,0.2797633,0.7710198,0.35698763,0.8251132,0.3578679,
capture_2020_04_17_11_39_49_7643.jpg,6.330582e-05,0.35107228,0.7788598,0.28690472,0.7721382,0.36513895,0.8279362,0.36289588,
capture_2020_04_17_11_39_49_7644.jpg,8.512322e-05,0.36037794,0.77800936,0.29650348,0.76730216,0.37804055,0.8289105,0.3800308,
capture_2020_04_17_11_39_49_7645.jpg,0.00010655936,0.3662365,0.77546054,0.30377847,0.76161826,0.38554302,0.82368904,0.39026842,
capture_2020_04_17_11_39_49_7646.jpg,0.00013031584,0.3705186,0.7728709,0.30941108,0.7566462,0.3905034,0.81843925,0.39588603,
capture_2020_04_17_11_39_49_7647.jpg,0.00015847429,0.37826398,0.7685469,0.31490767,0.74433845,0.40002763,0.80988675,0.42084622,
capture_2020_04_17_11_39_49_7648.jpg,0.00019517253,0.38445562,0.76260793,0.317992,0.73362845,0.40660265,0.8029715,0.44083053,
capture_2020_04_17_11_39_49_7649.jpg,0.00027840154,0.38982862,0.75204676,0.3218816,0.7199156,0.41198468,0.79242426,0.4612423,
capture_2020_04_17_11_39_49_7650.jpg,0.00038321488,0.3914921,0.74218917,0.32189214,0.70822465,0.40981475,0.7782946,0.46192133,
capture_2020_04_17_11_39_49_7651.jpg,0.0004304213,0.39097327,0.7379836,0.32112202,0.70421356,0.40732187,0.7725116,0.4584549,
capture_2020_04_17_11_39_49_7652.jpg,0.0003102234,0.3854762,0.74226624,0.31445798,0.6985065,0.40215874,0.7680931,0.4645783,
capture_2020_04_17_11_39_49_7653.jpg,0.00027886961,0.38313997,0.74166065,0.3092933,0.6891448,0.3997911,0.7575631,0.47133017,
capture_2020_04_17_11_39_49_7654.jpg,0.00019120073,0.37998194,0.74723834,0.30140552,0.67829967,0.399002,0.7477632,0.4902998,
capture_2020_04_17_11_39_49_7655.jpg,0.00013499304,0.37866786,0.75336903,0.29718485,0.6681204,0.40295324,0.74122363,0.51837885,
capture_2020_04_17_11_39_49_7656.jpg,0.00010758003,0.37789345,0.7564281,0.2934882,0.6563387,0.40593737,0.7315282,0.54403573,
capture_2020_04_17_11_39_49_7657.jpg,6.5561784e-05,0.37708706,0.76563287,0.28658876,0.641223,0.41204345,0.72099847,0.5897399,
capture_2020_04_17_11_39_49_7658.jpg,5.675449e-05,0.37793592,0.7673853,0.2838381,0.63261014,0.41514042,0.7169367,0.61067563,
capture_2020_04_17_11_39_49_7659.jpg,6.0523536e-05,0.3781293,0.76505095,0.28367049,0.6307121,0.4146116,0.71400136,0.6091442,
capture_2020_04_17_11_39_49_7660.jpg,6.938494e-05,0.3787914,0.7611984,0.28451517,0.63110834,0.4135505,0.7115334,0.6025377,
capture_2020_04_17_11_39_49_7661.jpg,0.0006147672,0.41568652,0.69501036,0.32243508,0.6222758,0.47366238,0.6749158,0.7143225,
capture_2020_04_17_11_39_49_7662.jpg,0.0004971628,0.4468965,0.71231997,0.35386243,0.61871266,0.5246684,0.68099236,0.8206368,
capture_2020_04_17_11_39_49_7663.jpg,0.00036192196,0.4666319,0.7278295,0.36357984,0.61922055,0.54204166,0.687646,0.85112524,
capture_2020_04_17_11_39_49_7664.jpg,9.802489e-05,0.48339942,0.74838376,0.37054512,0.61962444,0.55944663,0.69409275,0.90622103,
capture_2020_04_17_11_39_49_7665.jpg,2.3038587e-05,0.487555,0.7652007,0.37007132,0.6243791,0.570946,0.7063934,0.9408466,
capture_2020_04_17_11_39_49_7666.jpg,6.4526594e-06,0.49183574,0.77993613,0.37083185,0.6283308,0.58137774,0.7185711,0.96041924,
capture_2020_04_17_11_39_49_7667.jpg,4.155771e-06,0.49337485,0.7836003,0.37161836,0.628978,0.58510506,0.7217796,0.965689,
capture_2020_04_17_11_39_49_7668.jpg,3.2967976e-06,0.49379063,0.778848,0.3711256,0.62335193,0.58746886,0.71748656,0.96927726,
capture_2020_04_17_11_39_49_7669.jpg,5.5786686e-06,0.4933004,0.7161546,0.3592677,0.57473475,0.5892234,0.666938,0.97088474,
capture_2020_04_17_11_39_49_7670.jpg,2.558654e-05,0.49579713,0.53068936,0.368469,0.46453518,0.5920776,0.5454525,0.96250165,
capture_2020_04_17_11_39_49_7671.jpg,2.3469456e-05,0.49392217,0.486856,0.37330335,0.43311098,0.5919685,0.51403344,0.9631273,
capture_2020_04_17_11_39_49_7672.jpg,3.070296e-05,0.49025235,0.47779533,0.3734893,0.42464685,0.5864507,0.50527364,0.95900065,
capture_2020_04_17_11_39_49_7673.jpg,3.117666e-05,0.48335174,0.45972854,0.37320468,0.40446198,0.57985437,0.47824448,0.95820165,
capture_2020_04_17_11_39_49_7674.jpg,4.7208974e-05,0.47462663,0.4399692,0.37128347,0.38498166,0.5687228,0.45048377,0.94999933,
capture_2020_04_17_11_39_49_7675.jpg,7.4310636e-05,0.46691546,0.4266201,0.36843437,0.37205005,0.55816144,0.4314522,0.93902624,
capture_2020_04_17_11_39_49_7676.jpg,0.0001200031,0.46769452,0.4165594,0.3561921,0.34549984,0.5476208,0.40260196,0.9188016,
capture_2020_04_17_11_39_49_7677.jpg,0.0002492993,0.46351054,0.38351646,0.3375904,0.29364467,0.5272142,0.34353477,0.86767536,
capture_2020_04_17_11_39_49_7678.jpg,0.00029613072,0.4585418,0.36503345,0.33823004,0.2775801,0.5225622,0.32492337,0.84794927,
capture_2020_04_17_11_39_49_7679.jpg,0.00037028172,0.45232034,0.3275807,0.34112608,0.25153255,0.51621974,0.29788908,0.8160016,
capture_2020_04_17_11_39_49_7680.jpg,0.00037323817,0.45022354,0.3241814,0.34058934,0.24845353,0.51490414,0.29361114,0.8114917,
capture_2020_04_17_11_39_49_7681.jpg,0.00035102692,0.44611946,0.31308684,0.3409603,0.2396439,0.5121096,0.2806439,0.7941945,
capture_2020_04_17_11_39_49_7682.jpg,0.00031742163,0.4464672,0.3025533,0.34285238,0.2326019,0.5122095,0.26939943,0.78324115,
capture_2020_04_17_11_39_49_7683.jpg,0.00026363795,0.4471884,0.2929071,0.34464487,0.22561145,0.51258326,0.25827548,0.7730172,
capture_2020_04_17_11_39_49_7684.jpg,0.00022563201,0.44792926,0.28464928,0.34767997,0.22022158,0.51342684,0.24930373,0.75990874,
capture_2020_04_17_11_39_49_7685.jpg,0.00019680973,0.44963846,0.27424353,0.35136425,0.21386062,0.5148632,0.23818935,0.746287,
capture_2020_04_17_11_39_49_7686.jpg,0.00020243513,0.45359233,0.26011574,0.360291,0.20955648,0.5185674,0.22875383,0.72387975,
capture_2020_04_17_11_39_49_7687.jpg,9.6886564e-05,0.45247048,0.23418662,0.36425546,0.19702315,0.5082982,0.20881794,0.65694356,
capture_2020_04_17_11_39_49_7688.jpg,0.00012036398,0.45919785,0.24057743,0.37452832,0.19971031,0.5204184,0.21272004,0.67172444,
capture_2020_04_17_11_39_49_7689.jpg,0.00016427644,0.484293,0.25246185,0.40850797,0.20640361,0.55416733,0.22983862,0.6622373,
capture_2020_04_17_11_39_49_7690.jpg,0.00018974945,0.5011493,0.26465687,0.42645505,0.21392997,0.57132876,0.24511936,0.65120745,
capture_2020_04_17_11_39_49_7691.jpg,0.00026185781,0.51655906,0.27744585,0.44311738,0.22360891,0.5869851,0.26279032,0.64063287,
capture_2020_04_17_11_39_49_7692.jpg,0.00026420233,0.5230034,0.2818955,0.4504,0.22590362,0.5933382,0.26854843,0.6367238,
capture_2020_04_17_11_39_49_7693.jpg,0.00025465924,0.5281299,0.2844315,0.4557241,0.22598368,0.598351,0.27083308,0.6351103,
capture_2020_04_17_11_39_49_7694.jpg,0.00023329261,0.5311741,0.28497213,0.45892006,0.22460094,0.60140187,0.27069485,0.6342829,
capture_2020_04_17_11_39_49_7695.jpg,0.00022250692,0.53735805,0.28761902,0.46580362,0.22454947,0.60763294,0.27370384,0.63120407,
capture_2020_04_17_11_39_49_7696.jpg,0.00023060497,0.54225296,0.28953424,0.47213832,0.2259031,0.6130374,0.27861643,0.626384,
capture_2020_04_17_11_39_49_7697.jpg,0.00023643972,0.5432752,0.29024512,0.47343045,0.22659111,0.6141424,0.28008854,0.62536246,
capture_2020_04_17_11_39_49_7698.jpg,0.00024612277,0.5438348,0.29082245,0.47433913,0.22756316,0.61481994,0.2817931,0.6242318,
capture_2020_04_17_11_39_49_7699.jpg,0.00024951642,0.5435977,0.29084703,0.47414476,0.22785437,0.61459315,0.28206986,0.624159,
capture_2020_04_17_11_39_49_7700.jpg,0.0002379028,0.5427972,0.2899984,0.47302508,0.22673208,0.61369634,0.28019816,0.6253336,
capture_2020_04_17_11_39_49_7701.jpg,0.00023730064,0.5422886,0.28980547,0.4724157,0.22660708,0.613149,0.2797237,0.62572205,
capture_2020_04_17_11_39_49_7702.jpg,0.00024978133,0.54138017,0.28995934,0.47155845,0.22761315,0.6122643,0.28054732,0.62565494,
capture_2020_04_17_11_39_49_7703.jpg,0.000259963,0.5391264,0.2894975,0.4690572,0.2282741,0.6099115,0.28011397,0.626765,
capture_2020_04_17_11_39_49_7704.jpg,0.00026668631,0.53798413,0.2892794,0.4678148,0.22873771,0.6087382,0.28010926,0.6272377,
capture_2020_04_17_11_39_49_7705.jpg,0.00028260658,0.5361349,0.28892258,0.4660491,0.22988833,0.60691607,0.2808,0.62740004,
capture_2020_04_17_11_39_49_7706.jpg,0.00028633932,0.5357094,0.28877768,0.46571946,0.23016721,0.6065112,0.28102526,0.62730616,
capture_2020_04_17_11_39_49_7707.jpg,0.0002930374,0.53475153,0.28859127,0.4646937,0.23056792,0.60553277,0.28102812,0.6276635,
capture_2020_04_17_11_39_49_7708.jpg,0.00032088696,0.5333154,0.2889808,0.4633676,0.23244569,0.6041133,0.28263724,0.62749887,
capture_2020_04_17_11_39_49_7709.jpg,0.00033500404,0.53259087,0.28907415,0.46275234,0.23332286,0.60341114,0.2833912,0.62731856,
capture_2020_04_17_11_39_49_7710.jpg,0.0003671271,0.53162736,0.2896858,0.46192965,0.23523313,0.6024956,0.2852575,0.62690973,
capture_2020_04_17_11_39_49_7711.jpg,0.00037218735,0.53117824,0.28960776,0.46149644,0.2354844,0.60205054,0.2853551,0.6269824,
capture_2020_04_17_11_39_49_7712.jpg,0.00037947678,0.5309595,0.2897137,0.4613507,0.23592015,0.60186344,0.28588012,0.62680066,
capture_2020_04_17_11_39_49_7713.jpg,0.00039958817,0.5306185,0.2900347,0.46123794,0.23703663,0.6016008,0.28720865,0.6261793,
capture_2020_04_17_11_39_49_7714.jpg,0.0003943299,0.5307378,0.28996387,0.46130368,0.23674066,0.6017054,0.28687096,0.6263146,
capture_2020_04_17_11_39_49_7715.jpg,0.00039920016,0.53067243,0.2901386,0.4611805,0.23697853,0.60163134,0.2870591,0.6263965,
capture_2020_04_17_11_39_49_7716.jpg,0.00040512,0.53069234,0.29025614,0.46129322,0.23728505,0.6016899,0.2874911,0.62613106,
capture_2020_04_17_11_39_49_7717.jpg,0.0003952921,0.53091705,0.29012275,0.4614543,0.2367801,0.60188764,0.28696293,0.6262923,
capture_2020_04_17_11_39_49_7718.jpg,0.00039194667,0.5309746,0.2900965,0.46146283,0.23660146,0.6019254,0.28673714,0.6264208,
capture_2020_04_17_11_39_49_7719.jpg,0.00039513517,0.53095955,0.29011565,0.46153596,0.23679353,0.6019404,0.28703767,0.6262153,
capture_2020_05_06_13_35_00_1625.jpg,8.730459e-09,0.98479664,0.8814599,0.98612136,0.86778414,0.9749527,0.901301,0.22047451,
capture_2020_05_06_13_35_00_1626.jpg,5.6552327e-09,0.9863238,0.8856594,0.98769057,0.87298566,0.9770621,0.9055709,0.2156372,
capture_2020_05_06_13_35_00_1627.jpg,4.7885247e-09,0.9867688,0.8873325,0.98819566,0.8754689,0.97765744,0.90735114,0.2128625,
capture_2020_05_06_13_35_00_1628.jpg,4.032488e-09,0.9872557,0.8889855,0.98872185,0.8776662,0.9783346,0.9090429,0.21048254,
capture_2020_05_06_13_35_00_1629.jpg,4.9256252e-09,0.98648876,0.88728726,0.9880056,0.8760291,0.9772132,0.90746,0.21168211,
capture_2020_05_06_13_35_00_1630.jpg,9.189824e-09,0.9837939,0.8819505,0.9855036,0.87032497,0.97341824,0.90210843,0.21584764,
capture_2020_05_06_13_35_00_1631.jpg,1.2827352e-08,0.9821326,0.87915105,0.9839587,0.8674037,0.9711198,0.8992613,0.21800275,
capture_2020_05_06_13_35_00_1632.jpg,1.861253e-08,0.9799111,0.8762193,0.9820112,0.8649817,0.9680582,0.89626676,0.21866475,
capture_2020_05_06_13_35_00_1633.jpg,2.086358e-08,0.97867113,0.87594825,0.9811762,0.86559016,0.9663789,0.89572513,0.21571817,
capture_2020_05_06_13_35_00_1634.jpg,2.5971833e-08,0.9770617,0.87433195,0.9798132,0.8637159,0.96428275,0.89357054,0.21570478,
capture_2020_05_06_13_35_00_1635.jpg,4.6279045e-08,0.9721767,0.8702387,0.9758203,0.85895056,0.9581429,0.88805175,0.21507946,
capture_2020_05_06_13_35_00_1636.jpg,7.2826325e-08,0.9669585,0.86779714,0.97180635,0.85553414,0.9518344,0.88360476,0.21280895,
capture_2020_05_06_13_35_00_1637.jpg,1.3472459e-07,0.9586789,0.86379796,0.9654319,0.84973204,0.9422627,0.8769411,0.21151434,
capture_2020_05_06_13_35_00_1638.jpg,1.4979003e-07,0.9564916,0.86331594,0.96386284,0.8485353,0.9398692,0.8756068,0.21056855,
capture_2020_05_06_13_35_00_1639.jpg,1.8386942e-07,0.9540188,0.8615193,0.96171653,0.84574723,0.9371765,0.8730425,0.21212973,
capture_2020_05_06_13_35_00_1640.jpg,2.8082707e-07,0.9495301,0.85651356,0.957245,0.83909476,0.9322125,0.86748344,0.2180464,
capture_2020_05_06_13_35_00_1641.jpg,4.2283804e-07,0.9442244,0.8519318,0.95226187,0.8327046,0.92654383,0.8620097,0.2227977,
capture_2020_05_06_13_35_00_1642.jpg,6.45648e-07,0.93816656,0.8471371,0.9465408,0.82580703,0.92024565,0.85608053,0.22754988,
capture_2020_05_06_13_35_00_1643.jpg,7.64211e-07,0.93551296,0.84541273,0.9439653,0.82286674,0.9174997,0.85375845,0.22981593,
capture_2020_05_06_13_35_00_1644.jpg,8.8301283e-07,0.93316424,0.84380823,0.94171405,0.82009876,0.9151893,0.85152024,0.23180178,
capture_2020_05_06_13_35_00_1645.jpg,8.791141e-07,0.9332538,0.84384084,0.9417237,0.81892496,0.91549325,0.8510045,0.23312071,
capture_2020_05_06_13_35_00_1646.jpg,1.6912161e-06,0.92435706,0.8358249,0.93274814,0.80621064,0.90736663,0.83976555,0.24319261,
capture_2020_05_06_13_35_00_1647.jpg,2.801014e-06,0.91719234,0.82985556,0.92536485,0.7964391,0.90114903,0.83093166,0.25095436,
capture_2020_05_06_13_35_00_1648.jpg,3.3812216e-06,0.9159673,0.8268332,0.9239003,0.79077226,0.90107316,0.82535094,0.25413206,
capture_2020_05_06_13_35_00_1649.jpg,3.895682e-06,0.9184949,0.81591886,0.9250025,0.7781211,0.90496045,0.8102,0.25725725,
capture_2020_05_06_13_35_00_1650.jpg,6.310746e-06,0.9157879,0.7969592,0.9208776,0.7564911,0.90499884,0.7843465,0.26304913,
capture_2020_05_06_13_35_00_1651.jpg,6.988359e-06,0.9138966,0.77609533,0.9199049,0.7322448,0.90638644,0.7592817,0.26265356,
capture_2020_05_06_13_35_00_1652.jpg,7.432145e-06,0.9109074,0.75785017,0.9183244,0.7119568,0.9060898,0.73874784,0.2618996,
capture_2020_05_06_13_35_00_1653.jpg,6.7854285e-06,0.91751623,0.71833736,0.92677486,0.66951704,0.9187436,0.69561946,0.26025397,
capture_2020_05_06_13_35_00_1654.jpg,7.64029e-06,0.92055196,0.692362,0.92952347,0.64336425,0.92440355,0.67218107,0.2647982,
capture_2020_05_06_13_35_00_1655.jpg,8.813724e-06,0.9220813,0.668227,0.93020797,0.61946803,0.9276182,0.6538457,0.26636407,
capture_2020_05_06_13_35_00_1656.jpg,1.0493584e-05,0.92078024,0.6499524,0.9274997,0.60268694,0.92745674,0.6401743,0.27423042,
capture_2020_05_06_13_35_00_1657.jpg,1.0701223e-05,0.92227507,0.6335469,0.9276238,0.58797544,0.93024725,0.6260059,0.28086084,
capture_2020_05_06_13_35_00_1658.jpg,1.0788302e-05,0.9231808,0.62346005,0.9276723,0.5795893,0.9315562,0.61689276,0.2890245,
capture_2020_05_06_13_35_00_1659.jpg,1.0876264e-05,0.9231772,0.6154207,0.9270434,0.5726062,0.9318677,0.6089299,0.29847664,
capture_2020_05_06_13_35_00_1660.jpg,1.122562e-05,0.92254645,0.6127199,0.92638564,0.5703566,0.9314926,0.6053062,0.30162305,
capture_2020_05_06_13_35_00_1661.jpg,1.238852e-05,0.9204342,0.6071274,0.92396134,0.5665264,0.92987937,0.6001208,0.30656412,
capture_2020_05_06_13_35_00_1662.jpg,1.3923851e-05,0.9178138,0.59877074,0.9206727,0.5608605,0.9277144,0.5935502,0.3151228,
capture_2020_05_06_13_35_00_1663.jpg,1.3683352e-05,0.9199776,0.5935671,0.92227006,0.55648273,0.9302844,0.5867173,0.3235003,
capture_2020_05_06_13_35_00_1664.jpg,1.3269576e-05,0.9222268,0.57991767,0.92409945,0.54770315,0.93242747,0.57630897,0.33504304,
capture_2020_05_06_13_35_00_1665.jpg,1.2553703e-05,0.925134,0.5596505,0.92665005,0.53505397,0.9349589,0.5624061,0.35122445,
capture_2020_05_06_13_35_00_1666.jpg,1.1869473e-05,0.9272844,0.5484946,0.9285653,0.5284917,0.936896,0.55505216,0.35944584,
capture_2020_05_06_13_35_00_1667.jpg,1.0229391e-05,0.9314226,0.5392138,0.93247825,0.52385676,0.94045234,0.54952276,0.36622974,
capture_2020_05_06_13_35_00_1668.jpg,7.673222e-06,0.9383515,0.53006303,0.9392065,0.5201448,0.9462905,0.5447071,0.3734389,
capture_2020_05_06_13_35_00_1669.jpg,5.4094153e-06,0.9454699,0.52155197,0.9460905,0.5166284,0.9522616,0.5404076,0.37903133,
capture_2020_05_06_13_35_00_1670.jpg,2.1998362e-06,0.9598433,0.50327075,0.96012104,0.50882304,0.96439224,0.53111887,0.39011455,
capture_2020_05_06_13_35_00_1671.jpg,1.55564e-06,0.96442163,0.49578086,0.96460354,0.50579613,0.9682834,0.52741045,0.39532566,
capture_2020_05_06_13_35_00_1672.jpg,9.881297e-07,0.96944237,0.4923345,0.9695823,0.5053143,0.97251344,0.52653193,0.39774516,
capture_2020_05_06_13_35_00_1673.jpg,9.091437e-07,0.97019994,0.49312827,0.97032905,0.5064108,0.97310525,0.52764016,0.39746848,
capture_2020_05_06_13_35_00_1674.jpg,7.558381e-07,0.9716107,0.5099582,0.9717504,0.5184635,0.97395873,0.5404089,0.38803944,
