,Face,,Left eye,,Right eye,,Left,Right,Up,Down,Face width:
Picture:,"(x,",y),"(x,",y),"(x,",y),,,,,
capture_2020_04_17_11_39_49_7213,326,329,288,313,356,313,1,0,0,1,149
capture_2020_04_17_11_39_49_7214,327,330,288,314,357,314,1,0,0,1,149
capture_2020_04_17_11_39_49_7215,327,330,288,314,357,314,1,0,0,1,149
capture_2020_04_17_11_39_49_7216,327,330,288,314,357,314,1,0,0,1,149
capture_2020_04_17_11_39_49_7217,327,330,288,314,357,314,0,0,0,0,149
capture_2020_04_17_11_39_49_7218,326,330,288,312,359,311,0,0,0,0,149
capture_2020_04_17_11_39_49_7219,326,327,288,312,359,311,0,0,0,0,149
capture_2020_04_17_11_39_49_7220,326,327,289,310,360,310,0,0,0,0,149
capture_2020_04_17_11_39_49_7221,326,327,290,309,362,309,0,0,0,0,149
capture_2020_04_17_11_39_49_7222,331,323,291,307,362,307,0,0,0,0,149
capture_2020_04_17_11_39_49_7223,331,320,293,306,364,306,0,0,0,0,149
capture_2020_04_17_11_39_49_7224,334,320,294,304,368,304,0,0,0,0,149
capture_2020_04_17_11_39_49_7225,336,314,297,304,368,304,0,0,0,0,149
capture_2020_04_17_11_39_49_7226,339,312,300,300,371,304,0,0,0,0,149
capture_2020_04_17_11_39_49_7227,347,312,307,298,378,304,0,0,0,0,149
capture_2020_04_17_11_39_49_7228,348,312,310,296,381,300,0,0,0,0,149
capture_2020_04_17_11_39_49_7229,352,312,314,296,385,300,0,0,0,0,149
capture_2020_04_17_11_39_49_7230,353,312,316,296,385,300,0,0,0,0,149
capture_2020_04_17_11_39_49_7231,355,312,316,296,385,300,0,0,0,0,149
capture_2020_04_17_11_39_49_7232,355,312,320,295,386,300,0,0,0,0,149
capture_2020_04_17_11_39_49_7233,355,312,320,296,385,301,0,0,0,0,149
capture_2020_04_17_11_39_49_7234,355,312,320,298,385,304,0,0,0,0,149
capture_2020_04_17_11_39_49_7235,353,312,315,304,384,305,0,0,0,0,149
capture_2020_04_17_11_39_49_7236,352,312,314,304,384,306,0,0,0,0,149
capture_2020_04_17_11_39_49_7237,350,312,313,304,381,307,0,0,0,0,149
capture_2020_04_17_11_39_49_7238,348,312,310,306,378,309,0,0,0,0,149
capture_2020_04_17_11_39_49_7239,341,314,309,307,376,310,0,0,0,0,143
capture_2020_04_17_11_39_49_7240,340,314,306,310,371,312,0,0,0,0,143
capture_2020_04_17_11_39_49_7241,336,314,304,310,370,310,0,0,0,0,143
capture_2020_04_17_11_39_49_7242,334,314,300,308,368,309,0,0,0,0,143
capture_2020_04_17_11_39_49_7243,334,314,304,307,368,306,0,0,0,0,143
capture_2020_04_17_11_39_49_7244,331,314,300,307,368,306,0,0,0,0,143
capture_2020_04_17_11_39_49_7245,333,314,300,307,368,306,0,0,0,0,143
capture_2020_04_17_11_39_49_7246,334,314,298,308,368,307,0,0,0,0,143
capture_2020_04_17_11_39_49_7247,334,314,300,310,368,309,0,0,0,0,143
capture_2020_04_17_11_39_49_7248,331,308,304,311,370,310,0,0,0,0,140
capture_2020_04_17_11_39_49_7249,335,308,304,312,372,312,0,0,0,0,140
capture_2020_04_17_11_39_49_7250,336,313,304,312,372,312,0,0,0,0,140
capture_2020_04_17_11_39_49_7251,341,320,307,312,375,312,0,0,0,0,143
capture_2020_04_17_11_39_49_7252,341,320,307,312,375,312,0,0,0,0,143
capture_2020_04_17_11_39_49_7253,341,320,307,312,375,312,0,0,0,0,143
capture_2020_04_17_11_39_49_7254,341,320,307,312,377,312,0,0,0,0,143
capture_2020_04_17_11_39_49_7255,344,321,307,314,376,314,0,0,0,0,143
capture_2020_04_17_11_39_49_7256,344,321,309,314,378,315,0,0,0,0,143
capture_2020_04_17_11_39_49_7257,344,321,308,315,376,314,0,0,0,0,143
capture_2020_04_17_11_39_49_7258,344,321,308,315,376,314,0,0,0,0,143
capture_2020_04_17_11_39_49_7259,344,321,308,315,376,314,0,0,0,0,143
capture_2020_04_17_11_39_49_7260,347,332,308,315,376,314,0,0,0,0,147
capture_2020_04_17_11_39_49_7261,347,332,308,315,376,314,0,0,0,0,147
capture_2020_04_17_11_39_49_7262,347,332,308,312,379,312,0,0,0,0,147
capture_2020_04_17_11_39_49_7263,347,332,309,311,378,311,0,0,0,0,147
capture_2020_04_17_11_39_49_7264,351,331,309,310,380,309,0,0,0,0,151
capture_2020_04_17_11_39_49_7265,351,329,309,310,380,309,0,0,0,0,151
capture_2020_04_17_11_39_49_7266,351,329,309,310,380,309,0,0,0,0,151
capture_2020_04_17_11_39_49_7267,356,327,312,309,384,307,0,0,0,0,151
capture_2020_04_17_11_39_49_7268,356,324,314,307,386,306,0,0,0,0,151
capture_2020_04_17_11_39_49_7269,358,323,313,307,387,306,0,0,0,0,153
capture_2020_04_17_11_39_49_7270,363,331,315,307,389,306,0,0,0,0,157
capture_2020_04_17_11_39_49_7271,366,335,316,305,390,305,0,0,0,0,159
capture_2020_04_17_11_39_49_7272,370,339,320,304,393,305,0,0,0,0,159
capture_2020_04_17_11_39_49_7273,370,339,320,304,393,305,0,0,0,0,159
capture_2020_04_17_11_39_49_7274,370,330,320,304,395,304,0,0,0,0,159
capture_2020_04_17_11_39_49_7275,370,330,320,301,393,301,0,0,0,0,159
capture_2020_04_17_11_39_49_7276,370,330,316,299,395,300,0,0,0,0,159
capture_2020_04_17_11_39_49_7277,370,330,320,297,395,298,0,0,0,0,159
capture_2020_04_17_11_39_49_7278,370,326,316,296,394,297,0,0,0,0,159
capture_2020_04_17_11_39_49_7279,368,326,316,293,394,295,0,0,0,0,161
capture_2020_04_17_11_39_49_7280,368,326,314,292,393,294,0,0,0,0,161
capture_2020_04_17_11_39_49_7281,367,326,311,291,393,294,0,0,0,0,164
capture_2020_04_17_11_39_49_7282,362,321,309,290,389,292,0,0,0,0,161
capture_2020_04_17_11_39_49_7283,368,325,309,289,391,291,0,0,0,0,168
capture_2020_04_17_11_39_49_7284,368,330,305,288,389,291,0,0,0,0,170
capture_2020_04_17_11_39_49_7285,370,338,304,288,389,288,0,0,0,0,174
capture_2020_04_17_11_39_49_7286,369,338,304,288,387,288,0,0,0,0,174
capture_2020_04_17_11_39_49_7287,368,337,304,284,388,285,0,0,0,0,174
capture_2020_04_17_11_39_49_7288,364,332,298,282,385,282,0,0,0,0,174
capture_2020_04_17_11_39_49_7289,371,344,296,279,384,280,0,0,0,0,178
capture_2020_04_17_11_39_49_7290,373,342,294,276,385,277,0,0,0,0,182
capture_2020_04_17_11_39_49_7291,373,342,295,274,384,275,0,0,0,0,182
capture_2020_04_17_11_39_49_7292,381,341,293,272,386,269,0,0,0,0,193
capture_2020_04_17_11_39_49_7293,381,341,295,266,388,265,0,0,0,0,193
capture_2020_04_17_11_39_49_7294,382,337,294,262,389,263,0,0,0,0,193
capture_2020_04_17_11_39_49_7295,384,340,295,261,390,262,0,0,0,0,195
capture_2020_04_17_11_39_49_7296,384,333,295,257,393,257,0,0,0,0,195
capture_2020_04_17_11_39_49_7297,390,342,295,256,395,256,0,0,0,0,201
capture_2020_04_17_11_39_49_7298,394,343,293,252,395,256,0,0,0,0,203
capture_2020_04_17_11_39_49_7299,397,347,293,246,397,248,0,0,0,0,209
capture_2020_04_17_11_39_49_7300,403,338,293,242,397,243,0,0,0,0,214
capture_2020_04_17_11_39_49_7301,401,334,293,240,400,240,0,0,0,0,214
capture_2020_04_17_11_39_49_7302,401,333,291,232,400,233,0,0,0,0,214
capture_2020_04_17_11_39_49_7303,406,339,291,228,400,229,0,0,0,0,220
capture_2020_04_17_11_39_49_7304,403,335,289,224,400,224,0,0,0,0,220
capture_2020_04_17_11_39_49_7305,409,336,288,221,400,224,0,0,0,0,226
capture_2020_04_17_11_39_49_7306,410,343,284,220,400,221,0,0,0,0,230
capture_2020_04_17_11_39_49_7307,411,345,284,218,400,219,0,0,0,0,232
capture_2020_04_17_11_39_49_7308,410,340,281,216,397,216,0,0,0,0,232
capture_2020_04_17_11_39_49_7309,408,339,281,214,400,214,0,0,0,0,234
capture_2020_04_17_11_39_49_7310,416,349,278,212,400,211,0,0,0,0,239
capture_2020_04_17_11_39_49_7311,415,349,280,208,400,208,0,0,0,0,239
capture_2020_04_17_11_39_49_7312,420,357,278,208,400,208,0,0,0,0,243
capture_2020_04_17_11_39_49_7313,420,350,279,204,403,202,0,0,0,0,243
capture_2020_04_17_11_39_49_7314,420,350,281,202,405,200,0,0,0,0,243
capture_2020_04_17_11_39_49_7315,426,349,282,200,407,198,0,0,0,0,247
capture_2020_04_17_11_39_49_7316,428,353,282,198,407,196,0,0,0,0,249
capture_2020_04_17_11_39_49_7317,431,357,284,197,410,195,0,0,0,0,251
capture_2020_04_17_11_39_49_7318,438,363,284,195,416,195,0,0,0,0,255
capture_2020_04_17_11_39_49_7319,438,363,284,195,416,195,0,0,0,0,255
capture_2020_04_17_11_39_49_7320,444,373,285,193,417,192,0,0,0,0,260
capture_2020_04_17_11_39_49_7321,443,366,288,192,418,192,0,0,0,0,260
capture_2020_04_17_11_39_49_7322,443,366,288,192,418,192,0,0,0,0,260
capture_2020_04_17_11_39_49_7323,451,356,282,189,419,189,0,0,0,0,268
capture_2020_04_17_11_39_49_7324,451,356,284,188,420,187,0,0,0,0,268
capture_2020_04_17_11_39_49_7325,451,356,284,187,420,186,0,0,0,0,268
capture_2020_04_17_11_39_49_7326,451,356,282,183,420,182,0,0,0,0,268
capture_2020_04_17_11_39_49_7327,451,357,282,182,420,181,0,0,0,0,270
capture_2020_04_17_11_39_49_7328,451,357,280,182,420,181,0,0,0,0,270
capture_2020_04_17_11_39_49_7329,455,367,282,181,421,181,0,0,0,0,276
capture_2020_04_17_11_39_49_7330,455,367,282,182,421,184,0,0,0,0,276
capture_2020_04_17_11_39_49_7331,455,367,282,184,421,186,0,0,0,0,276
capture_2020_04_17_11_39_49_7332,455,367,280,186,419,187,0,0,0,0,276
capture_2020_04_17_11_39_49_7333,455,367,280,186,419,187,0,0,0,0,276
capture_2020_04_17_11_39_49_7334,455,367,280,186,419,187,0,0,0,0,276
capture_2020_04_17_11_39_49_7335,452,367,280,186,419,187,0,0,0,0,276
capture_2020_04_17_11_39_49_7336,451,367,278,186,416,186,0,0,0,0,276
capture_2020_04_17_11_39_49_7337,451,367,278,186,416,186,0,0,0,0,276
capture_2020_04_17_11_39_49_7338,451,367,278,187,416,187,0,0,0,0,276
capture_2020_04_17_11_39_49_7339,452,367,278,187,416,187,0,0,0,0,276
capture_2020_04_17_11_39_49_7340,452,367,277,189,421,188,0,0,0,0,276
capture_2020_04_17_11_39_49_7341,452,367,277,189,421,188,0,0,0,0,276
capture_2020_04_17_11_39_49_7342,452,367,277,186,422,186,0,0,0,0,276
capture_2020_04_17_11_39_49_7343,452,367,274,192,416,192,1,0,0,0,276
capture_2020_04_17_11_39_49_7344,452,367,274,192,416,192,1,0,0,0,276
capture_2020_04_17_11_39_49_7345,452,367,274,192,416,192,1,0,0,0,276
capture_2020_04_17_11_39_49_7346,452,367,274,192,416,192,1,0,0,0,276
capture_2020_04_17_11_39_49_7347,452,367,274,192,416,192,1,0,0,0,276
capture_2020_04_17_11_39_49_7348,450,360,274,192,416,192,1,0,0,0,272
capture_2020_04_17_11_39_49_7349,450,360,274,192,416,192,1,0,0,0,272
capture_2020_04_17_11_39_49_7350,450,360,274,192,416,192,1,0,0,0,272
capture_2020_04_17_11_39_49_7351,448,360,273,193,416,192,1,0,0,0,272
capture_2020_04_17_11_39_49_7352,448,360,272,194,416,192,1,0,0,0,272
capture_2020_04_17_11_39_49_7353,445,360,269,194,406,192,1,0,0,0,272
capture_2020_04_17_11_39_49_7354,445,360,266,194,403,192,1,0,0,0,272
capture_2020_04_17_11_39_49_7355,445,360,264,194,400,192,1,0,0,0,272
capture_2020_04_17_11_39_49_7356,444,360,264,194,400,192,1,0,0,0,272
capture_2020_04_17_11_39_49_7357,444,360,264,194,400,192,1,0,0,0,272
capture_2020_04_17_11_39_49_7358,444,360,264,194,400,192,1,0,0,0,272
capture_2020_04_17_11_39_49_7359,444,360,264,194,400,192,1,0,0,0,272
capture_2020_04_17_11_39_49_7360,444,360,264,194,400,192,1,0,0,0,272
capture_2020_04_17_11_39_49_7361,444,360,264,194,400,192,0,0,0,0,272
capture_2020_04_17_11_39_49_7362,444,360,264,194,400,192,0,0,0,0,272
capture_2020_04_17_11_39_49_7363,444,360,264,194,400,192,0,0,0,0,272
capture_2020_04_17_11_39_49_7364,441,360,265,194,401,192,0,1,0,0,272
capture_2020_04_17_11_39_49_7365,441,360,265,194,401,192,0,1,0,0,272
capture_2020_04_17_11_39_49_7366,441,360,265,194,401,192,0,1,0,0,272
capture_2020_04_17_11_39_49_7367,441,360,272,196,405,192,0,1,0,0,272
capture_2020_04_17_11_39_49_7368,441,360,272,196,405,192,0,1,0,0,272
capture_2020_04_17_11_39_49_7369,445,360,272,196,405,192,0,1,0,0,272
capture_2020_04_17_11_39_49_7370,445,360,275,196,411,192,0,1,0,0,272
capture_2020_04_17_11_39_49_7371,445,360,277,195,416,192,0,1,0,0,272
capture_2020_04_17_11_39_49_7372,448,360,278,195,419,192,0,1,0,0,272
capture_2020_04_17_11_39_49_7373,448,360,278,195,419,192,0,1,0,0,272
capture_2020_04_17_11_39_49_7374,448,360,278,195,419,192,0,1,0,0,272
capture_2020_04_17_11_39_49_7375,448,360,278,195,419,192,0,1,0,0,272
capture_2020_04_17_11_39_49_7376,448,360,278,195,419,192,0,1,0,0,272
capture_2020_04_17_11_39_49_7377,448,360,278,195,419,192,0,1,0,0,272
capture_2020_04_17_11_39_49_7378,448,360,278,195,419,192,0,1,0,0,272
capture_2020_04_17_11_39_49_7379,448,360,283,195,419,193,0,1,0,0,272
capture_2020_04_17_11_39_49_7380,448,360,283,195,419,193,0,1,0,0,272
capture_2020_04_17_11_39_49_7381,448,360,283,195,419,193,0,1,0,0,272
capture_2020_04_17_11_39_49_7382,448,360,283,195,419,193,0,1,0,0,272
capture_2020_04_17_11_39_49_7383,448,360,283,195,419,193,0,0,0,0,272
capture_2020_04_17_11_39_49_7384,448,360,283,195,419,193,0,0,0,0,272
capture_2020_04_17_11_39_49_7385,448,360,283,195,419,193,0,0,0,0,272
capture_2020_04_17_11_39_49_7386,448,360,283,195,419,193,0,0,0,0,272
capture_2020_04_17_11_39_49_7387,448,360,283,195,419,193,0,0,0,0,272
capture_2020_04_17_11_39_49_7388,448,360,283,195,419,193,0,0,0,0,272
capture_2020_04_17_11_39_49_7389,448,360,279,195,421,193,0,0,0,0,272
capture_2020_04_17_11_39_49_7390,448,360,279,195,421,193,0,0,0,0,272
capture_2020_04_17_11_39_49_7391,448,360,279,202,417,201,0,0,0,1,272
capture_2020_04_17_11_39_49_7392,448,360,281,200,418,198,0,0,0,1,272
capture_2020_04_17_11_39_49_7393,448,360,279,195,421,193,0,0,0,1,272
capture_2020_04_17_11_39_49_7394,448,360,279,195,421,193,0,0,0,1,272
capture_2020_04_17_11_39_49_7395,448,360,279,195,421,193,0,0,0,0,272
capture_2020_04_17_11_39_49_7396,448,360,279,195,421,193,0,0,0,0,272
capture_2020_04_17_11_39_49_7397,448,360,279,195,421,193,0,0,0,0,272
capture_2020_04_17_11_39_49_7398,448,360,279,195,421,193,0,0,0,0,272
capture_2020_04_17_11_39_49_7399,448,360,279,195,421,193,0,0,0,0,272
capture_2020_04_17_11_39_49_7400,448,360,279,195,421,193,0,0,0,0,272
capture_2020_04_17_11_39_49_7401,448,360,279,195,421,193,0,0,0,0,272
capture_2020_04_17_11_39_49_7402,448,360,279,195,421,193,0,0,0,0,272
capture_2020_04_17_11_39_49_7403,448,360,279,195,421,193,0,0,0,0,272
capture_2020_04_17_11_39_49_7404,448,360,279,199,422,197,0,0,0,0,272
capture_2020_04_17_11_39_49_7405,448,360,279,199,422,197,0,0,0,0,272
capture_2020_04_17_11_39_49_7406,448,360,279,199,422,197,0,0,0,0,272
capture_2020_04_17_11_39_49_7407,448,360,279,199,422,197,0,0,0,0,272
capture_2020_04_17_11_39_49_7408,448,360,279,199,422,197,0,0,0,0,272
capture_2020_04_17_11_39_49_7409,448,360,279,199,422,197,0,0,0,0,272
capture_2020_04_17_11_39_49_7410,452,360,279,199,422,197,0,0,0,0,272
capture_2020_04_17_11_39_49_7411,452,360,279,199,422,197,0,0,0,0,272
capture_2020_04_17_11_39_49_7412,452,360,279,199,422,197,0,0,0,0,272
capture_2020_04_17_11_39_49_7413,452,360,279,199,422,197,0,0,0,0,272
capture_2020_04_17_11_39_49_7414,452,360,279,199,422,197,0,0,0,0,272
capture_2020_04_17_11_39_49_7415,452,360,279,199,422,197,0,0,0,0,272
capture_2020_04_17_11_39_49_7416,452,360,279,199,422,197,0,0,0,0,272
capture_2020_04_17_11_39_49_7417,452,360,279,199,422,197,0,0,0,0,272
capture_2020_04_17_11_39_49_7418,452,360,279,199,422,197,0,0,0,0,272
capture_2020_04_17_11_39_49_7419,452,360,284,197,420,196,0,0,0,0,272
capture_2020_04_17_11_39_49_7420,452,360,284,195,420,195,0,0,0,0,272
capture_2020_04_17_11_39_49_7421,452,360,288,194,420,193,0,0,0,0,272
capture_2020_04_17_11_39_49_7422,452,360,288,194,420,193,0,0,0,0,272
capture_2020_04_17_11_39_49_7423,452,360,288,194,420,193,0,0,0,0,272
capture_2020_04_17_11_39_49_7424,452,360,288,192,420,192,0,0,1,0,272
capture_2020_04_17_11_39_49_7425,452,360,288,192,420,188,0,0,1,0,272
capture_2020_04_17_11_39_49_7426,452,360,288,188,420,185,0,0,1,0,272
capture_2020_04_17_11_39_49_7427,452,360,288,186,420,184,0,0,1,0,272
capture_2020_04_17_11_39_49_7428,456,360,288,186,420,184,0,0,1,0,272
capture_2020_04_17_11_39_49_7429,456,360,288,186,420,184,0,0,1,0,272
capture_2020_04_17_11_39_49_7430,456,360,288,186,420,184,0,0,1,0,272
capture_2020_04_17_11_39_49_7431,456,360,288,186,420,184,0,0,1,0,272
capture_2020_04_17_11_39_49_7432,456,360,288,186,420,184,0,0,1,0,272
capture_2020_04_17_11_39_49_7433,456,360,288,186,420,184,0,0,1,0,272
capture_2020_04_17_11_39_49_7434,456,360,288,186,420,184,0,0,1,0,272
capture_2020_04_17_11_39_49_7435,456,360,288,186,420,184,0,0,1,0,272
capture_2020_04_17_11_39_49_7436,456,360,288,186,420,184,0,0,1,0,272
capture_2020_04_17_11_39_49_7437,456,360,288,186,420,184,0,0,1,0,272
capture_2020_04_17_11_39_49_7438,456,360,288,186,420,184,0,0,1,0,272
capture_2020_04_17_11_39_49_7439,456,360,288,186,420,184,0,0,1,0,272
capture_2020_04_17_11_39_49_7440,456,360,288,186,420,184,0,0,1,0,272
capture_2020_04_17_11_39_49_7441,456,360,288,186,420,184,0,0,1,0,272
capture_2020_04_17_11_39_49_7442,456,360,288,186,420,184,0,0,1,0,272
capture_2020_04_17_11_39_49_7443,456,360,288,186,420,184,0,0,1,0,272
capture_2020_04_17_11_39_49_7444,456,360,288,186,420,184,0,0,1,0,272
capture_2020_04_17_11_39_49_7445,456,360,288,186,420,184,0,0,1,0,272
capture_2020_04_17_11_39_49_7446,454,357,288,186,420,184,0,0,1,0,270
capture_2020_04_17_11_39_49_7447,454,357,288,186,420,184,0,0,1,0,270
capture_2020_04_17_11_39_49_7448,454,357,288,186,420,184,0,0,1,0,270
capture_2020_04_17_11_39_49_7449,454,357,288,186,420,184,0,0,1,0,270
capture_2020_04_17_11_39_49_7450,454,357,288,186,420,184,0,0,1,0,270
capture_2020_04_17_11_39_49_7451,454,357,288,186,420,184,0,0,1,0,270
capture_2020_04_17_11_39_49_7452,454,357,288,186,420,184,0,0,1,0,270
capture_2020_04_17_11_39_49_7453,454,357,288,192,420,188,0,0,1,0,270
capture_2020_04_17_11_39_49_7454,454,357,288,192,420,188,0,0,0,0,270
capture_2020_04_17_11_39_49_7455,454,357,288,193,420,192,0,0,0,0,270
capture_2020_04_17_11_39_49_7456,454,357,288,193,420,192,0,0,0,0,270
capture_2020_04_17_11_39_49_7457,454,357,288,193,420,192,0,0,0,0,270
capture_2020_04_17_11_39_49_7458,454,357,288,193,420,192,0,0,0,0,270
capture_2020_04_17_11_39_49_7459,454,357,288,193,420,192,0,0,0,0,270
capture_2020_04_17_11_39_49_7460,454,357,288,193,420,192,0,0,0,0,270
capture_2020_04_17_11_39_49_7461,454,362,288,195,421,195,0,0,0,0,270
capture_2020_04_17_11_39_49_7462,454,362,288,195,421,195,0,0,0,0,270
capture_2020_04_17_11_39_49_7463,454,362,288,195,421,195,0,0,0,0,270
capture_2020_04_17_11_39_49_7464,454,362,288,195,425,195,0,0,0,0,270
capture_2020_04_17_11_39_49_7465,454,362,288,195,425,195,0,0,0,0,270
capture_2020_04_17_11_39_49_7466,454,362,284,197,428,195,0,0,0,0,270
capture_2020_04_17_11_39_49_7467,454,362,284,197,428,195,0,0,0,0,270
capture_2020_04_17_11_39_49_7468,454,362,280,197,432,195,0,0,0,0,270
capture_2020_04_17_11_39_49_7469,454,362,280,198,432,198,0,0,0,0,270
capture_2020_04_17_11_39_49_7470,454,362,280,198,432,198,0,0,0,0,270
capture_2020_04_17_11_39_49_7471,454,362,280,198,432,198,0,0,0,0,270
capture_2020_04_17_11_39_49_7472,454,362,280,198,432,198,0,0,0,0,270
capture_2020_04_17_11_39_49_7473,454,362,280,198,432,198,0,0,0,0,270
capture_2020_04_17_11_39_49_7474,454,362,280,198,432,198,0,0,0,0,270
capture_2020_04_17_11_39_49_7475,454,362,285,198,432,198,0,0,0,0,270
capture_2020_04_17_11_39_49_7476,454,362,285,198,432,198,0,0,0,0,270
capture_2020_04_17_11_39_49_7477,454,362,285,198,432,198,0,0,0,0,270
capture_2020_04_17_11_39_49_7478,454,362,285,198,432,198,0,0,0,0,270
capture_2020_04_17_11_39_49_7479,454,362,285,198,432,198,0,0,0,0,270
capture_2020_04_17_11_39_49_7480,454,362,285,198,432,198,0,0,0,0,270
capture_2020_04_17_11_39_49_7481,454,362,285,198,432,198,0,0,0,0,270
capture_2020_04_17_11_39_49_7482,454,362,285,198,432,198,0,0,0,0,270
capture_2020_04_17_11_39_49_7483,454,362,285,198,432,198,0,0,0,0,270
capture_2020_04_17_11_39_49_7484,454,362,285,198,432,198,0,0,0,0,270
capture_2020_04_17_11_39_49_7485,454,362,285,198,432,198,0,0,0,0,270
capture_2020_04_17_11_39_49_7486,454,362,288,198,425,198,0,0,0,0,270
capture_2020_04_17_11_39_49_7487,454,362,289,197,424,195,0,0,0,0,270
capture_2020_04_17_11_39_49_7488,454,362,290,194,424,193,0,0,0,0,270
capture_2020_04_17_11_39_49_7489,454,362,290,194,424,193,0,0,0,0,270
capture_2020_04_17_11_39_49_7490,454,362,290,194,424,193,0,0,0,0,270
capture_2020_04_17_11_39_49_7491,454,362,290,194,424,193,0,0,0,0,270
capture_2020_04_17_11_39_49_7492,451,357,290,194,424,193,0,0,0,0,268
capture_2020_04_17_11_39_49_7493,449,355,288,194,419,193,0,0,0,0,266
capture_2020_04_17_11_39_49_7494,446,349,288,194,419,193,0,0,0,0,264
capture_2020_04_17_11_39_49_7495,445,352,288,194,416,194,0,0,0,0,262
capture_2020_04_17_11_39_49_7496,437,345,284,194,411,194,0,0,0,0,257
capture_2020_04_17_11_39_49_7497,432,338,282,194,408,194,0,0,0,0,255
capture_2020_04_17_11_39_49_7498,432,338,282,198,408,197,0,0,0,0,253
capture_2020_04_17_11_39_49_7499,429,352,281,208,405,204,0,0,0,0,249
capture_2020_04_17_11_39_49_7500,423,350,281,211,405,208,0,0,0,0,245
capture_2020_04_17_11_39_49_7501,423,350,283,219,403,216,0,0,0,0,245
capture_2020_04_17_11_39_49_7502,426,350,285,224,405,219,0,0,0,0,245
capture_2020_04_17_11_39_49_7503,426,350,288,226,405,224,0,0,0,0,245
capture_2020_04_17_11_39_49_7504,418,356,290,229,405,227,0,0,0,0,234
capture_2020_04_17_11_39_49_7505,418,356,292,237,403,235,0,0,0,0,234
capture_2020_04_17_11_39_49_7506,416,368,293,241,405,240,0,0,0,0,228
capture_2020_04_17_11_39_49_7507,416,368,295,243,403,242,0,0,0,0,228
capture_2020_04_17_11_39_49_7508,404,360,296,248,401,246,0,0,0,0,214
capture_2020_04_17_11_39_49_7509,400,346,298,252,401,250,0,0,0,0,211
capture_2020_04_17_11_39_49_7510,403,342,300,256,400,251,0,0,0,0,205
capture_2020_04_17_11_39_49_7511,403,342,300,256,400,256,0,0,0,0,205
capture_2020_04_17_11_39_49_7512,403,342,300,260,400,257,0,0,0,0,205
capture_2020_04_17_11_39_49_7513,397,344,304,264,405,261,0,0,0,0,195
capture_2020_04_17_11_39_49_7514,396,325,309,272,405,268,0,0,0,0,188
capture_2020_04_17_11_39_49_7515,396,325,312,274,405,272,0,0,0,0,188
capture_2020_04_17_11_39_49_7516,396,325,314,277,406,275,0,0,0,0,188
capture_2020_04_17_11_39_49_7517,396,341,317,281,406,278,0,0,0,0,182
capture_2020_04_17_11_39_49_7518,391,339,320,288,407,282,0,0,0,0,176
capture_2020_04_17_11_39_49_7519,391,339,323,288,408,284,0,0,0,0,176
capture_2020_04_17_11_39_49_7520,397,339,326,292,410,289,0,0,0,0,176
capture_2020_04_17_11_39_49_7521,397,339,328,296,413,293,0,0,0,0,176
capture_2020_04_17_11_39_49_7522,394,347,332,298,413,295,0,0,0,0,166
capture_2020_04_17_11_39_49_7523,397,338,336,304,416,299,0,0,0,0,166
capture_2020_04_17_11_39_49_7524,397,338,336,304,417,301,0,0,0,0,166
capture_2020_04_17_11_39_49_7525,401,338,341,309,420,304,0,0,0,0,166
capture_2020_04_17_11_39_49_7526,403,338,343,309,421,306,0,0,0,0,166
capture_2020_04_17_11_39_49_7527,401,331,346,311,424,307,0,0,0,0,159
capture_2020_04_17_11_39_49_7528,406,344,348,312,426,308,0,0,0,0,161
capture_2020_04_17_11_39_49_7529,405,341,353,313,432,310,0,0,0,0,157
capture_2020_04_17_11_39_49_7530,408,340,357,314,432,310,0,0,0,0,157
capture_2020_04_17_11_39_49_7531,407,343,360,315,434,311,0,0,0,0,153
capture_2020_04_17_11_39_49_7532,408,339,363,316,436,313,0,0,0,0,153
capture_2020_04_17_11_39_49_7533,413,337,369,320,440,316,0,0,0,0,153
capture_2020_04_17_11_39_49_7534,417,337,371,320,442,317,0,0,0,0,153
capture_2020_04_17_11_39_49_7535,419,332,377,322,449,320,0,0,0,0,147
capture_2020_04_17_11_39_49_7536,420,328,380,323,452,320,0,0,0,0,143
capture_2020_04_17_11_39_49_7537,423,328,384,324,454,321,0,0,0,0,143
capture_2020_04_17_11_39_49_7538,428,328,391,326,460,323,0,0,0,0,143
capture_2020_04_17_11_39_49_7539,433,328,395,326,464,323,0,0,0,0,143
capture_2020_04_17_11_39_49_7540,436,328,400,326,465,325,0,0,0,0,143
capture_2020_04_17_11_39_49_7541,438,328,400,328,469,325,0,0,0,0,143
capture_2020_04_17_11_39_49_7542,444,331,406,328,473,326,0,0,0,0,143
capture_2020_04_17_11_39_49_7543,447,333,408,328,476,326,0,0,0,0,143
capture_2020_04_17_11_39_49_7544,449,341,411,330,480,327,0,0,0,0,143
capture_2020_04_17_11_39_49_7545,451,336,416,330,480,328,0,0,0,0,140
capture_2020_04_17_11_39_49_7546,451,336,417,331,483,328,0,0,0,0,140
capture_2020_04_17_11_39_49_7547,452,336,417,331,485,329,0,0,0,0,140
capture_2020_04_17_11_39_49_7548,452,336,417,331,485,329,0,0,0,0,140
capture_2020_04_17_11_39_49_7549,452,336,420,333,486,331,0,0,0,0,140
capture_2020_04_17_11_39_49_7550,452,336,420,333,486,331,0,0,0,0,140
capture_2020_04_17_11_39_49_7551,454,336,420,333,486,331,0,0,0,0,140
capture_2020_04_17_11_39_49_7552,454,336,420,333,486,331,0,0,0,0,140
capture_2020_04_17_11_39_49_7553,454,336,420,333,486,331,0,0,0,0,140
capture_2020_04_17_11_39_49_7554,452,336,418,331,485,329,0,0,0,0,140
capture_2020_04_17_11_39_49_7555,447,335,416,331,481,329,0,0,0,0,140
capture_2020_04_17_11_39_49_7556,443,335,410,331,480,329,0,0,0,0,140
capture_2020_04_17_11_39_49_7557,439,335,406,331,474,329,0,0,0,0,140
capture_2020_04_17_11_39_49_7558,434,335,402,330,469,328,0,0,0,0,140
capture_2020_04_17_11_39_49_7559,420,334,388,330,456,326,0,0,0,0,140
capture_2020_04_17_11_39_49_7560,411,334,384,330,448,326,0,0,0,0,140
capture_2020_04_17_11_39_49_7561,399,334,362,330,434,324,0,0,0,0,140
capture_2020_04_17_11_39_49_7562,392,341,357,332,425,324,0,0,0,0,143
capture_2020_04_17_11_39_49_7563,378,344,341,336,410,323,0,0,0,0,145
capture_2020_04_17_11_39_49_7564,374,344,336,336,403,323,0,0,0,0,145
capture_2020_04_17_11_39_49_7565,358,344,324,336,390,323,0,0,0,0,145
capture_2020_04_17_11_39_49_7566,352,344,317,336,384,324,0,0,0,0,145
capture_2020_04_17_11_39_49_7567,353,349,311,337,380,324,0,0,0,0,151
capture_2020_04_17_11_39_49_7568,345,349,307,337,374,324,0,0,0,0,151
capture_2020_04_17_11_39_49_7569,336,349,296,337,364,323,0,0,0,0,151
capture_2020_04_17_11_39_49_7570,335,356,291,337,359,323,0,0,0,0,155
capture_2020_04_17_11_39_49_7571,328,354,288,337,354,323,0,0,0,0,155
capture_2020_04_17_11_39_49_7572,323,354,280,337,352,323,0,0,0,0,155
capture_2020_04_17_11_39_49_7573,315,354,275,337,342,323,0,0,0,0,155
capture_2020_04_17_11_39_49_7574,313,352,272,337,339,323,0,0,0,0,157
capture_2020_04_17_11_39_49_7575,306,352,266,336,336,321,0,0,0,0,157
capture_2020_04_17_11_39_49_7576,309,363,263,336,331,320,0,0,0,0,163
capture_2020_04_17_11_39_49_7577,309,363,259,332,328,320,0,0,0,0,163
capture_2020_04_17_11_39_49_7578,309,363,252,332,320,316,0,0,0,0,163
capture_2020_04_17_11_39_49_7579,309,363,248,332,316,316,0,0,0,0,163
capture_2020_04_17_11_39_49_7580,297,356,243,332,314,314,0,0,0,0,163
capture_2020_04_17_11_39_49_7581,286,354,240,327,309,314,0,0,0,0,163
capture_2020_04_17_11_39_49_7582,285,354,234,327,305,312,0,0,0,0,163
capture_2020_04_17_11_39_49_7583,285,354,234,326,305,312,0,0,0,0,163
capture_2020_04_17_11_39_49_7584,275,354,227,326,301,312,0,0,0,0,163
capture_2020_04_17_11_39_49_7585,275,354,227,326,299,312,0,0,0,0,163
capture_2020_04_17_11_39_49_7586,275,354,225,326,296,312,0,0,0,0,163
capture_2020_04_17_11_39_49_7587,270,347,224,326,294,313,0,0,0,0,159
capture_2020_04_17_11_39_49_7588,270,347,224,325,294,314,0,0,0,0,159
capture_2020_04_17_11_39_49_7589,267,343,224,326,293,316,0,0,0,0,157
capture_2020_04_17_11_39_49_7590,265,339,220,328,291,316,0,0,0,0,155
capture_2020_04_17_11_39_49_7591,263,337,220,328,289,317,0,0,0,0,151
capture_2020_04_17_11_39_49_7592,263,337,221,328,288,320,0,0,0,0,151
capture_2020_04_17_11_39_49_7593,263,337,221,328,288,320,0,0,0,0,151
capture_2020_04_17_11_39_49_7594,263,337,221,328,288,320,0,0,0,0,151
capture_2020_04_17_11_39_49_7595,254,337,218,330,288,322,0,0,0,0,143
capture_2020_04_17_11_39_49_7596,254,337,218,331,288,327,0,0,0,0,143
capture_2020_04_17_11_39_49_7597,254,337,218,332,286,327,0,0,0,0,143
capture_2020_04_17_11_39_49_7598,254,337,218,334,285,328,0,0,0,0,143
capture_2020_04_17_11_39_49_7599,243,328,216,337,281,332,0,0,0,0,136
capture_2020_04_17_11_39_49_7600,238,332,212,339,279,335,0,0,0,0,136
capture_2020_04_17_11_39_49_7601,236,334,211,340,275,336,0,0,0,0,136
capture_2020_04_17_11_39_49_7602,233,334,208,341,273,337,0,0,0,0,136
capture_2020_04_17_11_39_49_7603,228,337,206,342,271,339,0,0,0,0,136
capture_2020_04_17_11_39_49_7604,224,339,200,344,264,341,0,0,0,0,136
capture_2020_04_17_11_39_49_7605,218,340,198,345,261,343,0,0,0,0,134
capture_2020_04_17_11_39_49_7606,213,342,192,349,256,345,0,0,0,0,134
capture_2020_04_17_11_39_49_7607,213,342,190,351,253,347,0,0,0,0,134
capture_2020_04_17_11_39_49_7608,207,342,186,352,250,349,0,0,0,0,134
capture_2020_04_17_11_39_49_7609,199,344,182,355,244,351,0,0,0,0,134
capture_2020_04_17_11_39_49_7610,197,340,179,357,240,353,0,0,0,0,132
capture_2020_04_17_11_39_49_7611,193,342,177,359,238,355,0,0,0,0,132
capture_2020_04_17_11_39_49_7612,190,344,176,359,236,355,0,0,0,0,132
capture_2020_04_17_11_39_49_7613,188,344,174,360,234,356,0,0,0,0,132
capture_2020_04_17_11_39_49_7614,186,345,172,361,232,356,0,0,0,0,132
capture_2020_04_17_11_39_49_7615,182,348,169,362,229,356,0,0,0,0,132
capture_2020_04_17_11_39_49_7616,181,349,167,364,226,357,0,0,0,0,132
capture_2020_04_17_11_39_49_7617,179,350,166,364,225,357,0,0,0,0,132
capture_2020_04_17_11_39_49_7618,179,350,166,363,225,357,0,0,0,0,132
capture_2020_04_17_11_39_49_7619,178,350,166,363,225,357,0,0,0,0,132
capture_2020_04_17_11_39_49_7620,179,354,166,362,225,357,0,0,0,0,134
capture_2020_04_17_11_39_49_7621,182,358,166,362,225,356,0,0,0,0,136
capture_2020_04_17_11_39_49_7622,184,361,167,360,226,355,0,0,0,0,138
capture_2020_04_17_11_39_49_7623,184,361,167,360,226,355,0,0,0,0,138
capture_2020_04_17_11_39_49_7624,186,358,168,359,229,354,0,0,0,0,138
capture_2020_04_17_11_39_49_7625,189,355,168,356,232,352,0,0,0,0,138
capture_2020_04_17_11_39_49_7626,189,355,168,353,233,349,0,0,0,0,138
capture_2020_04_17_11_39_49_7627,199,359,168,351,234,346,0,0,0,0,145
capture_2020_04_17_11_39_49_7628,199,354,170,343,236,340,0,0,0,0,145
capture_2020_04_17_11_39_49_7629,201,351,171,339,239,336,0,0,0,0,145
capture_2020_04_17_11_39_49_7630,210,347,171,332,244,327,0,0,0,0,151
capture_2020_04_17_11_39_49_7631,216,350,174,327,247,321,0,0,0,0,155
capture_2020_04_17_11_39_49_7632,221,352,176,321,251,318,0,0,0,0,159
capture_2020_04_17_11_39_49_7633,229,350,179,318,256,316,0,0,0,0,164
capture_2020_04_17_11_39_49_7634,239,347,186,318,265,316,0,0,0,0,164
capture_2020_04_17_11_39_49_7635,245,344,192,316,275,316,0,0,0,0,164
capture_2020_04_17_11_39_49_7636,271,349,203,316,288,316,0,0,0,1,172
capture_2020_04_17_11_39_49_7637,274,349,209,319,298,316,0,0,0,1,172
capture_2020_04_17_11_39_49_7638,295,369,222,321,312,325,0,0,0,1,182
capture_2020_04_17_11_39_49_7639,303,369,229,321,320,325,0,0,0,1,182
capture_2020_04_17_11_39_49_7640,310,366,235,323,325,327,0,0,0,1,182
capture_2020_04_17_11_39_49_7641,333,380,252,323,354,327,1,0,0,1,189
capture_2020_04_17_11_39_49_7642,343,380,263,323,359,334,1,0,0,1,189
capture_2020_04_17_11_39_49_7643,357,383,263,323,362,334,0,0,0,1,195
capture_2020_04_17_11_39_49_7644,359,377,268,323,369,334,0,0,0,1,195
capture_2020_04_17_11_39_49_7645,364,383,273,323,373,334,0,0,0,1,199
capture_2020_04_17_11_39_49_7646,374,387,273,322,375,332,0,0,0,1,203
capture_2020_04_17_11_39_49_7647,381,390,273,321,377,331,0,0,0,1,212
capture_2020_04_17_11_39_49_7648,381,389,277,317,377,327,0,0,0,1,212
capture_2020_04_17_11_39_49_7649,381,389,277,317,377,327,0,0,0,1,212
capture_2020_04_17_11_39_49_7650,381,389,277,314,377,323,0,0,0,1,212
capture_2020_04_17_11_39_49_7651,376,388,275,311,377,318,0,0,0,1,212
capture_2020_04_17_11_39_49_7652,382,389,269,306,377,314,0,0,0,1,216
capture_2020_04_17_11_39_49_7653,382,389,269,303,377,314,0,0,0,1,216
capture_2020_04_17_11_39_49_7654,382,389,269,303,377,314,0,0,0,1,216
capture_2020_04_17_11_39_49_7655,382,389,269,301,377,310,0,0,0,1,216
capture_2020_04_17_11_39_49_7656,384,390,269,298,377,307,0,0,0,1,222
capture_2020_04_17_11_39_49_7657,387,395,264,295,375,303,0,0,0,1,226
capture_2020_04_17_11_39_49_7658,387,395,264,295,375,303,0,0,0,1,226
capture_2020_04_17_11_39_49_7659,389,399,264,292,377,301,0,0,0,1,232
capture_2020_04_17_11_39_49_7660,389,399,264,289,381,299,0,0,0,1,232
capture_2020_04_17_11_39_49_7661,441,418,276,294,408,304,0,0,0,1,264
capture_2020_04_17_11_39_49_7662,447,410,282,294,423,304,0,0,0,1,264
capture_2020_04_17_11_39_49_7663,464,482,283,294,423,304,0,0,0,1,285
capture_2020_04_17_11_39_49_7664,479,505,288,300,433,311,0,0,0,1,297
capture_2020_04_17_11_39_49_7665,479,505,289,303,441,312,0,0,0,1,297
capture_2020_04_17_11_39_49_7666,494,509,289,303,448,313,0,0,0,1,303
capture_2020_04_17_11_39_49_7667,497,514,296,303,449,313,0,0,0,1,305
capture_2020_04_17_11_39_49_7668,497,514,296,303,449,313,0,0,0,1,305
capture_2020_04_17_11_39_49_7669,500,506,296,282,455,296,0,0,0,1,305
capture_2020_04_17_11_39_49_7670,500,506,296,271,455,284,0,0,0,1,305
capture_2020_04_17_11_39_49_7671,500,490,296,263,455,276,0,0,0,1,305
capture_2020_04_17_11_39_49_7672,500,490,296,254,455,266,0,0,0,1,305
capture_2020_04_17_11_39_49_7673,495,464,296,244,451,260,0,0,0,1,305
capture_2020_04_17_11_39_49_7674,489,455,296,238,444,250,0,0,0,1,305
capture_2020_04_17_11_39_49_7675,489,455,288,237,442,245,0,0,0,1,305
capture_2020_04_17_11_39_49_7676,490,412,288,234,438,243,0,0,0,1,297
capture_2020_04_17_11_39_49_7677,472,398,282,229,433,236,0,0,0,1,287
capture_2020_04_17_11_39_49_7678,468,399,282,228,430,234,0,0,0,1,285
capture_2020_04_17_11_39_49_7679,460,404,282,221,422,227,0,0,0,1,282
capture_2020_04_17_11_39_49_7680,460,404,282,224,419,228,0,0,0,1,282
capture_2020_04_17_11_39_49_7681,452,391,279,224,419,225,0,0,0,1,276
capture_2020_04_17_11_39_49_7682,445,381,279,220,419,223,0,0,0,1,270
capture_2020_04_17_11_39_49_7683,445,381,279,218,415,220,0,0,0,1,270
capture_2020_04_17_11_39_49_7684,445,381,281,216,415,217,0,0,0,1,270
capture_2020_04_17_11_39_49_7685,443,375,284,215,415,213,0,0,0,1,264
capture_2020_04_17_11_39_49_7686,441,359,285,213,418,213,0,0,0,1,260
capture_2020_04_17_11_39_49_7687,444,357,293,213,421,212,0,0,0,1,255
capture_2020_04_17_11_39_49_7688,449,365,293,213,421,212,0,0,0,1,257
capture_2020_04_17_11_39_49_7689,450,352,303,213,430,212,0,0,0,1,251
capture_2020_04_17_11_39_49_7690,454,352,308,213,434,212,0,0,0,1,251
capture_2020_04_17_11_39_49_7691,454,352,315,213,441,212,0,0,0,1,251
capture_2020_04_17_11_39_49_7692,465,352,321,213,442,212,0,0,0,1,251
capture_2020_04_17_11_39_49_7693,470,352,325,213,448,212,0,0,0,1,251
capture_2020_04_17_11_39_49_7694,470,352,325,213,449,214,0,0,0,1,251
capture_2020_04_17_11_39_49_7695,475,352,325,213,449,214,0,0,0,1,251
capture_2020_04_17_11_39_49_7696,475,352,332,213,454,218,0,0,0,1,251
capture_2020_04_17_11_39_49_7697,475,352,332,215,458,222,0,0,0,1,251
capture_2020_04_17_11_39_49_7698,478,352,335,215,459,222,0,0,0,1,251
capture_2020_04_17_11_39_49_7699,478,352,335,215,459,222,0,0,0,1,251
capture_2020_04_17_11_39_49_7700,478,352,335,215,459,222,0,0,0,1,251
capture_2020_04_17_11_39_49_7701,478,352,335,215,459,222,0,0,0,1,251
capture_2020_04_17_11_39_49_7702,473,352,332,215,459,222,0,0,0,1,251
capture_2020_04_17_11_39_49_7703,473,352,328,215,459,222,0,0,0,1,251
capture_2020_04_17_11_39_49_7704,473,352,323,215,456,222,0,0,0,1,251
capture_2020_04_17_11_39_49_7705,473,352,323,215,456,222,0,0,0,1,251
capture_2020_04_17_11_39_49_7706,473,352,323,215,456,222,0,0,0,1,251
capture_2020_04_17_11_39_49_7707,473,352,323,215,456,222,0,0,0,1,251
capture_2020_04_17_11_39_49_7708,473,352,323,215,456,222,0,0,0,1,251
capture_2020_04_17_11_39_49_7709,469,352,323,215,456,222,0,0,0,1,251
capture_2020_04_17_11_39_49_7710,469,352,323,218,456,224,0,0,0,1,251
capture_2020_04_17_11_39_49_7711,469,352,323,218,456,224,0,0,0,1,251
capture_2020_04_17_11_39_49_7712,469,352,323,218,456,224,0,0,0,1,251
capture_2020_04_17_11_39_49_7713,469,352,323,218,456,224,0,0,0,1,251
capture_2020_04_17_11_39_49_7714,469,352,323,218,456,224,0,0,0,1,251
capture_2020_04_17_11_39_49_7715,469,352,323,218,456,224,0,0,0,1,251
capture_2020_04_17_11_39_49_7716,469,352,323,218,456,224,0,0,0,1,251
capture_2020_04_17_11_39_49_7717,469,352,323,218,456,224,0,0,0,1,251
capture_2020_04_17_11_39_49_7718,469,352,323,218,456,224,0,0,0,1,251
capture_2020_04_17_11_39_49_7719,469,352,323,218,456,224,0,0,0,1,251
