Frame preprocessing,Face prediction,Face preprocessing,Face elements prediction,Face elements preprocessing,Eyes prediction,Visual notification,
0.0010104179382324219,1.3864796161651611,0.000993490219116211,0.008975982666015625,0.0,0.04843926429748535,0.0,
0.0,0.011175870895385742,0.0,0.009974956512451172,0.0,0.010028362274169922,0.0,
0.0,0.01099848747253418,0.0,0.010969877243041992,0.0,0.009973526000976562,0.0009717941284179688,
0.0,0.011000394821166992,0.0,0.010940313339233398,0.0,0.01099395751953125,0.0,
0.0,0.010971307754516602,0.0,0.011001110076904297,0.0,0.009970903396606445,0.0,
0.0009596347808837891,0.01099848747253418,0.0,0.010941267013549805,0.0,0.010003089904785156,0.0,
0.0,0.011004924774169922,0.0,0.01196146011352539,0.0,0.01096963882446289,0.0,
0.0,0.011001110076904297,0.0,0.009970664978027344,0.0009677410125732422,0.01003885269165039,0.0009930133819580078,
0.0,0.0109710693359375,0.0,0.010001659393310547,0.0,0.009944438934326172,0.0009968280792236328,
0.0,0.010970115661621094,0.0,0.010970115661621094,0.0,0.01061701774597168,0.0,
0.0,0.010998725891113281,0.0,0.010941743850708008,0.0,0.010970115661621094,0.0,
0.0,0.010999917984008789,0.0,0.010969161987304688,0.0,0.010908126831054688,0.0,
0.0,0.010004758834838867,0.0,0.010967731475830078,0.0,0.009973764419555664,0.00096893310546875,
0.0,0.011001825332641602,0.0,0.009972572326660156,0.0009686946868896484,0.00997304916381836,0.0,
0.0,0.01100301742553711,0.0,0.009967327117919922,0.0,0.010940790176391602,0.0,
0.0,0.01055598258972168,0.0,0.009976863861083984,0.0,0.010971784591674805,0.0009672641754150391,
0.0,0.010999679565429688,0.0,0.010967254638671875,0.0,0.010976314544677734,0.0009624958038330078,
0.0009968280792236328,0.010001897811889648,0.0,0.00997304916381836,0.0009684562683105469,0.010001659393310547,0.0009686946868896484,
0.0,0.009995222091674805,0.0009679794311523438,0.010001659393310547,0.0,0.009972572326660156,0.0009701251983642578,
0.0009951591491699219,0.0109710693359375,0.0,0.011967897415161133,0.0,0.010968923568725586,0.0,
0.0,0.00996708869934082,0.0009965896606445312,0.009004592895507812,0.0009686946868896484,0.01000213623046875,0.0,
0.0009920597076416016,0.016977310180664062,0.0009725093841552734,0.010999441146850586,0.0,0.00997304916381836,0.0009677410125732422,
0.0,0.011002540588378906,0.0,0.010937690734863281,0.0,0.010007143020629883,0.0,
0.0,0.010576009750366211,0.0,0.00997304916381836,0.0,0.010180234909057617,0.0009722709655761719,
0.0,0.016955852508544922,0.0010213851928710938,0.01195216178894043,0.0,0.009986400604248047,0.0,
0.0,0.01092982292175293,0.0,0.009975433349609375,0.0,0.010970115661621094,0.0,
0.0,0.010476350784301758,0.0009684562683105469,0.009979248046875,0.0,0.01029348373413086,0.0009670257568359375,
0.000993490219116211,0.016953229904174805,0.0,0.011001110076904297,0.0,0.010939359664916992,0.0,
0.0010128021240234375,0.009986639022827148,0.0,0.010969400405883789,0.0,0.010364294052124023,0.0,
0.0,0.010985612869262695,0.0,0.00997161865234375,0.0,0.010972976684570312,0.0009655952453613281,
0.0009829998016357422,0.010998725891113281,0.0,0.010971784591674805,0.0,0.009972095489501953,0.0009701251983642578,
0.0,0.01099848747253418,0.0,0.010966062545776367,0.0,0.010969877243041992,0.0,
0.0,0.010999917984008789,0.0,0.00997304916381836,0.0009677410125732422,0.00991511344909668,0.0,
0.0,0.010996818542480469,0.0009706020355224609,0.010001897811889648,0.0,0.009968280792236328,0.0,
0.0,0.010996341705322266,0.0,0.00997614860534668,0.0009686946868896484,0.010970354080200195,0.0,
0.0009860992431640625,0.009972333908081055,0.0,0.009998798370361328,0.0009729862213134766,0.010001659393310547,0.0009682178497314453,
0.0,0.017950773239135742,0.0,0.011002063751220703,0.0,0.00997018814086914,0.0009686946868896484,
0.0,0.010999679565429688,0.0,0.010941743850708008,0.0,0.0102691650390625,0.0,
0.0009961128234863281,0.010002851486206055,0.0,0.010940790176391602,0.0,0.009973526000976562,0.0009970664978027344,
0.0009975433349609375,0.0109710693359375,0.0,0.010969400405883789,0.0,0.010001897811889648,0.0,
0.0,0.010994911193847656,0.0009682178497314453,0.009972333908081055,0.0,0.010012388229370117,0.0009582042694091797,
0.0,0.011902570724487305,0.0,0.010004043579101562,0.0009684562683105469,0.010001897811889648,0.0,
0.0009975433349609375,0.010998249053955078,0.0,0.009975671768188477,0.0,0.010779380798339844,0.0009677410125732422,
0.0,0.01697826385498047,0.0,0.010973691940307617,0.0,0.010969400405883789,0.0009686946868896484,
0.0,0.010999202728271484,0.0,0.009977340698242188,0.0,0.00997161865234375,0.0010075569152832031,
0.0009982585906982422,0.017950057983398438,0.0,0.013962268829345703,0.0,0.013964653015136719,0.0009951591491699219,
0.0009984970092773438,0.011966466903686523,0.0,0.011967182159423828,0.0,0.014990568161010742,0.0,
0.0009992122650146484,0.01396322250366211,0.0,0.012962818145751953,0.0010268688201904297,0.010940074920654297,0.0,
0.0,0.01099705696105957,0.0,0.010968208312988281,0.0,0.010975122451782227,0.0009675025939941406,
0.0,0.010994672775268555,0.0,0.010974884033203125,0.0,0.010941267013549805,0.0,
0.0,0.011969566345214844,0.0009970664978027344,0.010001897811889648,0.0009677410125732422,0.010002374649047852,0.0010120868682861328,
0.0,0.0110015869140625,0.0,0.009971141815185547,0.0009706020355224609,0.010003089904785156,0.0,
0.0,0.011001348495483398,0.0009658336639404297,0.010002613067626953,0.0,0.009979486465454102,0.0009610652923583984,
0.0,0.00999903678894043,0.0009708404541015625,0.01000213623046875,0.0,0.01094198226928711,0.0,
0.0,0.010732650756835938,0.0,0.009969472885131836,0.0009717941284179688,0.010922670364379883,0.0,
0.0,0.010960817337036133,0.0,0.010002374649047852,0.0,0.010514497756958008,0.0009975433349609375,
0.0,0.010804414749145508,0.0,0.010001182556152344,0.0,0.010941267013549805,0.0,
0.0,0.010854959487915039,0.0,0.010941028594970703,0.0,0.010001659393310547,0.00096893310546875,
0.0009982585906982422,0.009998083114624023,0.0,0.010974407196044922,0.0,0.010487794876098633,0.0009646415710449219,
0.0009965896606445312,0.01100468635559082,0.0,0.010935783386230469,0.0,0.010001897811889648,0.0,
0.0009903907775878906,0.01794886589050293,0.0,0.010970592498779297,0.0,0.011967182159423828,0.0009970664978027344,
0.0,0.0110015869140625,0.0,0.010939359664916992,0.0,0.010970354080200195,0.0,
0.0,0.01000070571899414,0.0009686946868896484,0.010009288787841797,0.0,0.009971141815185547,0.0009632110595703125,
0.0,0.010969400405883789,0.0,0.010998725891113281,0.0,0.0109710693359375,0.0,
0.0009980201721191406,0.010002374649047852,0.0,0.01093912124633789,0.0,0.01000213623046875,0.0,
0.0,0.01099848747253418,0.0,0.009973287582397461,0.0009679794311523438,0.010002851486206055,0.00096893310546875,
0.0009989738464355469,0.010967731475830078,0.0,0.01100468635559082,0.0,0.010934829711914062,0.0,
0.0,0.010997772216796875,0.0,0.010970354080200195,0.0,0.009973287582397461,0.0009996891021728516,
0.0,0.010999679565429688,0.0,0.010967254638671875,0.0,0.009981870651245117,0.0009615421295166016,
0.0,0.010000228881835938,0.0,0.010973930358886719,0.0,0.010963678359985352,0.0,
0.0009980201721191406,0.010251522064208984,0.0,0.010944366455078125,0.0,0.010004758834838867,0.0,
0.0009961128234863281,0.010974407196044922,0.0,0.00999903678894043,0.0,0.010940313339233398,0.0,
0.0,0.009971857070922852,0.0,0.0109710693359375,0.0,0.010000228881835938,0.0,
0.0009932518005371094,0.010001897811889648,0.0,0.010939836502075195,0.0,0.010003805160522461,0.0009677410125732422,
0.0,0.011000633239746094,0.0,0.010970354080200195,0.0,0.010940313339233398,0.0,
0.0,0.010999679565429688,0.0,0.010941267013549805,0.0,0.010971784591674805,0.0,
0.0,0.011587142944335938,0.0,0.011970758438110352,0.0,0.010938644409179688,0.0,
0.0,0.010998249053955078,0.0,0.010970115661621094,0.0,0.009971141815185547,0.0009698867797851562,
0.00099945068359375,0.00997304916381836,0.0,0.010970592498779297,0.0,0.010001897811889648,0.00096893310546875,
0.0,0.0109710693359375,0.0,0.010001897811889648,0.0,0.009973526000976562,0.0009675025939941406,
0.0,0.010998964309692383,0.0,0.010971546173095703,0.0,0.010968685150146484,0.0,
0.0,0.010985374450683594,0.0,0.011939048767089844,0.0,0.01124882698059082,0.0,
0.0009963512420654297,0.010001659393310547,0.0,0.009970664978027344,0.0009703636169433594,0.009973526000976562,0.0,
0.0009989738464355469,0.021968841552734375,0.0,0.010969400405883789,0.0,0.00997161865234375,0.0009701251983642578,
0.007986307144165039,0.011960744857788086,0.0,0.011950969696044922,0.0,0.011967897415161133,0.0,
0.009974241256713867,0.011968135833740234,0.0,0.010970115661621094,0.0,0.00999903678894043,0.0009706020355224609,
0.009973287582397461,0.012993335723876953,0.0,0.009975671768188477,0.0,0.010967493057250977,0.0009694099426269531,
0.006979942321777344,0.01196742057800293,0.0,0.009973526000976562,0.0009975433349609375,0.009972810745239258,0.0009992122650146484,
0.00797891616821289,0.010969877243041992,0.0,0.009973526000976562,0.0,0.010970592498779297,0.0009975433349609375,
0.007977485656738281,0.012993812561035156,0.0009686946868896484,0.009973526000976562,0.0,0.010970115661621094,0.0,
0.00997304916381836,0.00997304916381836,0.0,0.010970115661621094,0.0,0.010977029800415039,0.0009913444519042969,
0.00697779655456543,0.011971235275268555,0.0,0.009970903396606445,0.0,0.010970354080200195,0.0,
0.007978200912475586,0.010971546173095703,0.0,0.010002374649047852,0.0,0.010941505432128906,0.0,
0.006982564926147461,0.010970354080200195,0.0,0.010970592498779297,0.0009975433349609375,0.010999202728271484,0.0,
0.010972261428833008,0.011966705322265625,0.0,0.009973526000976562,0.0,0.01296544075012207,0.0,
0.006957054138183594,0.010998010635375977,0.0009682178497314453,0.011007547378540039,0.0,0.010968685150146484,0.0009617805480957031,
0.007008790969848633,0.010970354080200195,0.0,0.010970115661621094,0.0,0.010970830917358398,0.0009975433349609375,
0.008972644805908203,0.012966156005859375,0.0009975433349609375,0.010997772216796875,0.0,0.010940790176391602,0.0009970664978027344,
0.007979393005371094,0.010970115661621094,0.0,0.010001659393310547,0.0,0.010970592498779297,0.0,
0.0069806575775146484,0.010970830917358398,0.0,0.01096963882446289,0.0,0.010970354080200195,0.0,
0.007979154586791992,0.010999679565429688,0.0,0.010941267013549805,0.0,0.013988494873046875,0.0009713172912597656,
0.010001897811889648,0.01197195053100586,0.0,0.009970664978027344,0.0009658336639404297,0.009973526000976562,0.0,
0.006978034973144531,0.010999679565429688,0.0,0.010970592498779297,0.0,0.00997304916381836,0.0009684562683105469,
0.007016897201538086,0.01093745231628418,0.000997304916381836,0.00988626480102539,0.0,0.00997471809387207,0.0,
0.007009744644165039,0.010966062545776367,0.0009729862213134766,0.009973287582397461,0.0,0.010970115661621094,0.0,
0.006981372833251953,0.009974241256713867,0.000997304916381836,0.00997304916381836,0.0,0.010970354080200195,0.0009975433349609375,
0.006982088088989258,0.010970115661621094,0.000997781753540039,0.01096963882446289,0.000997304916381836,0.009973764419555664,0.0009963512420654297,
0.006980419158935547,0.0109710693359375,0.0009965896606445312,0.010972023010253906,0.0,0.011967658996582031,0.000995635986328125,
0.006978511810302734,0.011969566345214844,0.0009965896606445312,0.009999275207519531,0.0,0.010976076126098633,0.0009658336639404297,
0.006979465484619141,0.011966943740844727,0.0,0.013962984085083008,0.0,0.010969161987304688,0.0009975433349609375,
0.007978200912475586,0.010989665985107422,0.0,0.010950803756713867,0.0,0.011996030807495117,0.0010068416595458984,
0.006981849670410156,0.010968446731567383,0.0,0.01099085807800293,0.0,0.010522603988647461,0.0,
0.01296854019165039,0.011987924575805664,0.0009679794311523438,0.010001897811889648,0.0,0.010967254638671875,0.0,
0.007972955703735352,0.010999202728271484,0.0009684562683105469,0.010001659393310547,0.0,0.010941743850708008,0.0,
0.00698089599609375,0.010000467300415039,0.0,0.010970115661621094,0.0,0.010970592498779297,0.0,
0.007978677749633789,0.010968208312988281,0.0,0.010002851486206055,0.0,0.010970592498779297,0.0,
0.00701141357421875,0.010967493057250977,0.0,0.010971307754516602,0.0,0.010970830917358398,0.0,
0.006013393402099609,0.010969161987304688,0.0009677410125732422,0.010002851486206055,0.0009675025939941406,0.009974002838134766,0.0,
0.006981849670410156,0.010998010635375977,0.0,0.009972572326660156,0.0,0.009973526000976562,0.0010001659393310547,
0.006981849670410156,0.011000394821166992,0.0,0.009974241256713867,0.0,0.010937929153442383,0.0,
0.00996088981628418,0.011996984481811523,0.0,0.010972023010253906,0.0,0.010965347290039062,0.0,
0.0070078372955322266,0.011940479278564453,0.0,0.010000228881835938,0.0009682178497314453,0.009974002838134766,0.000997781753540039,
0.006979465484619141,0.010999679565429688,0.0,0.010685920715332031,0.0,0.0109710693359375,0.0010118484497070312,
0.00698089599609375,0.009972333908081055,0.0,0.011968135833740234,0.0,0.011967897415161133,0.0,
0.006981849670410156,0.012964010238647461,0.000997304916381836,0.009972810745239258,0.0009975433349609375,0.010971784591674805,0.000997781753540039,
0.006978273391723633,0.011967897415161133,0.0,0.009998559951782227,0.0009720325469970703,0.010970354080200195,0.0,
0.007005214691162109,0.01097416877746582,0.0,0.009973526000976562,0.0,0.010969877243041992,0.0009679794311523438,
0.006979942321777344,0.009973764419555664,0.0,0.010970592498779297,0.0,0.010993480682373047,0.001001119613647461,
0.006981372833251953,0.010970592498779297,0.0,0.010997295379638672,0.0,0.0109710693359375,0.0,
0.006981611251831055,0.011996269226074219,0.0,0.010941267013549805,0.0,0.010003805160522461,0.0009663105010986328,
0.007009744644165039,0.011937618255615234,0.0,0.011001825332641602,0.0,0.009975671768188477,0.0,
0.008976459503173828,0.011998176574707031,0.0,0.010938644409179688,0.0,0.00997304916381836,0.0009965896606445312,
0.006979465484619141,0.012965202331542969,0.0,0.010971784591674805,0.0,0.009972095489501953,0.0009970664978027344,
0.007977962493896484,0.009973764419555664,0.0,0.009972572326660156,0.0,0.01200556755065918,0.0009601116180419922,
0.00698089599609375,0.011966705322265625,0.0,0.010002613067626953,0.00096893310546875,0.012989044189453125,0.0,
0.007008790969848633,0.0109405517578125,0.0009984970092773438,0.010971307754516602,0.0,0.010969877243041992,0.0,
0.006979942321777344,0.011003971099853516,0.0,0.010937690734863281,0.0,0.011967897415161133,0.0,
0.007009029388427734,0.011938333511352539,0.0,0.010994911193847656,0.0,0.012942314147949219,0.0009951591491699219,
0.007976770401000977,0.011968612670898438,0.0,0.01196742057800293,0.0,0.010970592498779297,0.0,
0.006978750228881836,0.010970354080200195,0.0,0.011992454528808594,0.0009741783142089844,0.010998725891113281,0.0009672641754150391,
0.0069811344146728516,0.01000356674194336,0.0,0.011966228485107422,0.0,0.010970830917358398,0.0,
0.0069811344146728516,0.01096963882446289,0.0,0.010970592498779297,0.0,0.009972810745239258,0.0009992122650146484,
0.007980108261108398,0.010991334915161133,0.0,0.010948657989501953,0.0,0.00999903678894043,0.0009710788726806641,
0.010998010635375977,0.010962247848510742,0.0,0.010940074920654297,0.0,0.010003805160522461,0.0009675025939941406,
0.01296377182006836,0.012994050979614258,0.0,0.010965585708618164,0.0,0.010946273803710938,0.0,
0.006012916564941406,0.010971307754516602,0.0,0.009985923767089844,0.0,0.010609149932861328,0.0,
0.00698089599609375,0.010971307754516602,0.0,0.011990785598754883,0.0,0.010946035385131836,0.0,
0.0069811344146728516,0.011000394821166992,0.0,0.009973526000976562,0.0,0.0109405517578125,0.0,
0.00797724723815918,0.01000213623046875,0.0,0.009972810745239258,0.0,0.009974002838134766,0.0009675025939941406,
0.012956619262695312,0.012998580932617188,0.0,0.009973287582397461,0.0,0.010936975479125977,0.0,
0.006011962890625,0.011965513229370117,0.0,0.009944915771484375,0.0009965896606445312,0.010970592498779297,0.0,
0.007979393005371094,0.011017084121704102,0.0,0.009979248046875,0.0,0.009949207305908203,0.0009679794311523438,
0.006978034973144531,0.010971546173095703,0.0,0.01096963882446289,0.0,0.012965202331542969,0.0,
0.006979942321777344,0.010997772216796875,0.0,0.010942220687866211,0.0,0.01099848747253418,0.0,
0.006980180740356445,0.011000633239746094,0.0,0.009943246841430664,0.0009970664978027344,0.010970354080200195,0.0,
0.00698089599609375,0.010999917984008789,0.0009677410125732422,0.010005712509155273,0.0009660720825195312,0.010969161987304688,0.0,
0.011968612670898438,0.013988733291625977,0.0,0.009972810745239258,0.0009686946868896484,0.010970354080200195,0.0,
0.0069811344146728516,0.010200738906860352,0.0,0.010974645614624023,0.0,0.010358333587646484,0.0009658336639404297,
0.006980419158935547,0.011967182159423828,0.0,0.010001659393310547,0.0,0.010977029800415039,0.0,
0.01299428939819336,0.012958049774169922,0.0,0.010974407196044922,0.0,0.009973287582397461,0.0009703636169433594,
0.01196742057800293,0.011997699737548828,0.0,0.009970903396606445,0.0,0.010942220687866211,0.0,
0.011965036392211914,0.012991666793823242,0.0,0.009974241256713867,0.0,0.010968685150146484,0.0009706020355224609,
0.0069789886474609375,0.010002613067626953,0.0009675025939941406,0.009998083114624023,0.0,0.01194310188293457,0.0,
0.0070095062255859375,0.0109710693359375,0.0009677410125732422,0.010003328323364258,0.0009655952453613281,0.011996984481811523,0.0009682178497314453,
0.006980180740356445,0.010969877243041992,0.0,0.00997304916381836,0.0,0.010970354080200195,0.0,
0.0070116519927978516,0.01094198226928711,0.000997304916381836,0.009970903396606445,0.0,0.01097249984741211,0.0,
0.007977485656738281,0.010972023010253906,0.0009953975677490234,0.00997304916381836,0.0,0.012964725494384766,0.0009970664978027344,
0.009973287582397461,0.012965202331542969,0.0,0.011967182159423828,0.0009965896606445312,0.011966943740844727,0.0010001659393310547,
0.006980419158935547,0.010970354080200195,0.0,0.011967897415161133,0.0,0.010970592498779297,0.0,
0.00797724723815918,0.010970592498779297,0.0,0.009972572326660156,0.0,0.011968374252319336,0.00099945068359375,
0.006981372833251953,0.010969877243041992,0.0,0.010971546173095703,0.0,0.010969877243041992,0.000997304916381836,
0.007976293563842773,0.011966943740844727,0.0,0.009975433349609375,0.0009970664978027344,0.010970115661621094,0.0,
0.007976055145263672,0.01196742057800293,0.0,0.011967182159423828,0.0,0.011966943740844727,0.0009987354278564453,
0.006983280181884766,0.01097559928894043,0.0,0.010965824127197266,0.0,0.011967658996582031,0.0,
0.006974458694458008,0.012974977493286133,0.0,0.009964942932128906,0.0009970664978027344,0.009993314743041992,0.0,
0.007977962493896484,0.010968685150146484,0.0009975433349609375,0.00997471809387207,0.0,0.010968685150146484,0.0,
0.00797891616821289,0.012966632843017578,0.0009970664978027344,0.01196599006652832,0.0,0.013962268829345703,0.0009980201721191406,
0.006980419158935547,0.010970592498779297,0.0,0.010970115661621094,0.0,0.010970354080200195,0.0009970664978027344,
0.006979703903198242,0.010970592498779297,0.0,0.01196908950805664,0.0,0.010970354080200195,0.0,
0.0069789886474609375,0.011967897415161133,0.0,0.00997304916381836,0.0,0.010970354080200195,0.0,
0.0069811344146728516,0.009972810745239258,0.0,0.010970354080200195,0.0,0.010970354080200195,0.0,
0.0069806575775146484,0.011967182159423828,0.0,0.00999760627746582,0.0009734630584716797,0.009996891021728516,0.0009930133819580078,
0.006981849670410156,0.010997533798217773,0.0,0.009968280792236328,0.0,0.010974884033203125,0.0009698867797851562,
0.01296377182006836,0.011999130249023438,0.0,0.009971380233764648,0.0009665489196777344,0.01000213623046875,0.0009670257568359375,
0.011964797973632812,0.012964248657226562,0.0,0.01096963882446289,0.0,0.010002613067626953,0.0009701251983642578,
0.006992340087890625,0.011984825134277344,0.0,0.009967565536499023,0.0,0.01097559928894043,0.0009694099426269531,
0.0070035457611083984,0.01094675064086914,0.0,0.009972572326660156,0.0,0.011002779006958008,0.0,
0.00698089599609375,0.011968612670898438,0.0,0.010998010635375977,0.0,0.010942459106445312,0.0009963512420654297,
0.006978273391723633,0.011998414993286133,0.0,0.009972095489501953,0.0,0.010940790176391602,0.0010030269622802734,
0.011991739273071289,0.013966083526611328,0.0,0.009970664978027344,0.0,0.010941743850708008,0.0,
0.013962984085083008,0.011995553970336914,0.0,0.009972333908081055,0.0009675025939941406,0.01000356674194336,0.0009679794311523438,
0.006980419158935547,0.0109710693359375,0.0,0.01096963882446289,0.0,0.009973526000976562,0.000997304916381836,
0.01196432113647461,0.012964725494384766,0.0,0.009973526000976562,0.0009970664978027344,0.009972810745239258,0.0,
0.006981372833251953,0.010969161987304688,0.0,0.010970830917358398,0.0,0.009972810745239258,0.0009970664978027344,
0.007977485656738281,0.009972572326660156,0.0,0.010970354080200195,0.0,0.010970354080200195,0.000997304916381836,
0.005985260009765625,0.011004924774169922,0.0,0.010934829711914062,0.0,0.010237693786621094,0.0009682178497314453,
0.00698399543762207,0.009971380233764648,0.0009686946868896484,0.010009765625,0.0,0.010558366775512695,0.0009682178497314453,
0.006980419158935547,0.010972023010253906,0.0,0.010970592498779297,0.0,0.010998249053955078,0.0009686946868896484,
0.006979703903198242,0.010001897811889648,0.0,0.010941267013549805,0.0,0.01000356674194336,0.0009679794311523438,
0.007977724075317383,0.010998964309692383,0.0,0.010970115661621094,0.0,0.009973287582397461,0.0009684562683105469,
0.0069980621337890625,0.010953187942504883,0.0,0.010001659393310547,0.0009703636169433594,0.009972333908081055,0.0009965896606445312,
0.006012439727783203,0.010941028594970703,0.0,0.010998964309692383,0.0,0.010970354080200195,0.0,
0.007010698318481445,0.010970115661621094,0.0,0.01096963882446289,0.0009694099426269531,0.009971380233764648,0.000997781753540039,
0.007979154586791992,0.011968135833740234,0.0,0.010969877243041992,0.0,0.010970354080200195,0.0,
0.009972810745239258,0.011967658996582031,0.0,0.010998010635375977,0.0,0.010970592498779297,0.0009999275207519531,
0.0069828033447265625,0.010970354080200195,0.0,0.010970354080200195,0.0,0.010970115661621094,0.0,
0.008975505828857422,0.010972023010253906,0.0,0.010970354080200195,0.0,0.010970354080200195,0.0009975433349609375,
0.006980419158935547,0.011967897415161133,0.0,0.011967897415161133,0.0,0.011966228485107422,0.0010001659393310547,
0.0069811344146728516,0.010971307754516602,0.0,0.013961553573608398,0.000997304916381836,0.01595616340637207,0.0010006427764892578,
0.007977962493896484,0.012967348098754883,0.0009970664978027344,0.011966466903686523,0.0009975433349609375,0.011968135833740234,0.0,
0.007977962493896484,0.011968135833740234,0.0009996891021728516,0.011964797973632812,0.0,0.009974479675292969,0.0009968280792236328,
0.006981372833251953,0.010969877243041992,0.0,0.010971307754516602,0.0009961128234863281,0.01196599006652832,0.0,
0.0079803466796875,0.011965274810791016,0.0,0.010970354080200195,0.0,0.010971307754516602,0.0,
0.006982088088989258,0.014958381652832031,0.0,0.010970354080200195,0.0,0.009972810745239258,0.000997304916381836,
0.010967731475830078,0.013963937759399414,0.0,0.01196599006652832,0.0,0.011968135833740234,0.0009970664978027344,
0.006980419158935547,0.011968135833740234,0.0009970664978027344,0.010970354080200195,0.0009980201721191406,0.009973287582397461,0.0009968280792236328,
0.007979631423950195,0.010970592498779297,0.0,0.01096963882446289,0.0009987354278564453,0.01096963882446289,0.0,
0.006981611251831055,0.01695418357849121,0.0,0.010969400405883789,0.0,0.013962507247924805,0.0,
0.009974479675292969,0.012964010238647461,0.0,0.012965202331542969,0.0,0.013961553573608398,0.0,
0.006980180740356445,0.011967658996582031,0.0,0.013962268829345703,0.0,0.010971546173095703,0.000997304916381836,
0.006980180740356445,0.01096963882446289,0.0009975433349609375,0.012966632843017578,0.0,0.010969400405883789,0.0009970664978027344,
0.00797271728515625,0.010971546173095703,0.0,0.010000944137573242,0.0,0.010970354080200195,0.0009679794311523438,
0.010969161987304688,0.017950773239135742,0.0,0.014958858489990234,0.0,0.01296544075012207,0.000997304916381836,
0.00698089599609375,0.011999130249023438,0.0,0.011935710906982422,0.0,0.010993719100952148,0.0009777545928955078,
0.007010221481323242,0.011939048767089844,0.0,0.010969877243041992,0.0,0.011007308959960938,0.0009605884552001953,
0.00698089599609375,0.010000944137573242,0.00096893310546875,0.010001897811889648,0.0,0.010970115661621094,0.00096893310546875,
0.007009744644165039,0.010969877243041992,0.0009670257568359375,0.011000394821166992,0.0009672641754150391,0.01000213623046875,0.000997781753540039,
0.007008790969848633,0.010971784591674805,0.0,0.010940313339233398,0.0,0.010999441146850586,0.0009675025939941406,
0.0069806575775146484,0.010968446731567383,0.0,0.0110015869140625,0.0,0.011937379837036133,0.0,
0.006978273391723633,0.011000394821166992,0.0,0.010970115661621094,0.0,0.010981082916259766,0.0,
0.007977008819580078,0.01096963882446289,0.0,0.011967658996582031,0.0,0.011967897415161133,0.0,
0.009974002838134766,0.010970830917358398,0.0,0.0109710693359375,0.0,0.01199793815612793,0.0009675025939941406,
0.007979631423950195,0.010001897811889648,0.0009670257568359375,0.01000213623046875,0.0009682178497314453,0.0109710693359375,0.0,
0.006980180740356445,0.01196742057800293,0.0,0.011966943740844727,0.0,0.010997772216796875,0.0,
0.00600743293762207,0.011992692947387695,0.0,0.010952472686767578,0.0,0.010968685150146484,0.0,
0.0069789886474609375,0.012002229690551758,0.0,0.010965347290039062,0.0,0.011939287185668945,0.0009980201721191406,
0.0069789886474609375,0.010002374649047852,0.0009677410125732422,0.010006189346313477,0.0,0.009964227676391602,0.0009970664978027344,
0.006979227066040039,0.010970354080200195,0.0,0.010970354080200195,0.0,0.010971546173095703,0.0,
0.007009744644165039,0.010970830917358398,0.0,0.010969877243041992,0.0009675025939941406,0.0109710693359375,0.0,
0.0069806575775146484,0.010970592498779297,0.000997304916381836,0.009972810745239258,0.0,0.010969877243041992,0.0009975433349609375,
0.006981849670410156,0.010000228881835938,0.0009682178497314453,0.010002613067626953,0.0,0.009972095489501953,0.0009686946868896484,
0.006010770797729492,0.01196742057800293,0.0,0.009975671768188477,0.0009660720825195312,0.010001420974731445,0.0,
0.0069811344146728516,0.009979248046875,0.0,0.010965824127197266,0.0,0.010997772216796875,0.0009708404541015625,
0.006979227066040039,0.009974479675292969,0.0009975433349609375,0.010970115661621094,0.0,0.013962030410766602,0.0,
0.007979631423950195,0.009999752044677734,0.0,0.012935400009155273,0.0,0.012964963912963867,0.0,
0.0069811344146728516,0.010971784591674805,0.0,0.010970354080200195,0.0,0.010970354080200195,0.0009982585906982422,
0.006980180740356445,0.011967897415161133,0.0,0.009972810745239258,0.0,0.0109710693359375,0.0009968280792236328,
0.006981372833251953,0.010970354080200195,0.0,0.010970354080200195,0.0,0.010971307754516602,0.0009975433349609375,
0.006980419158935547,0.01099538803100586,0.0,0.010946512222290039,0.0,0.010971784591674805,0.0009958744049072266,
0.008976221084594727,0.011966466903686523,0.0,0.011968612670898438,0.0,0.01096963882446289,0.00099945068359375,
0.006983518600463867,0.011964797973632812,0.0009980201721191406,0.00997304916381836,0.0,0.010970592498779297,0.000997304916381836,
0.0069806575775146484,0.011968135833740234,0.0,0.010968685150146484,0.0,0.010969877243041992,0.000997304916381836,
0.0059833526611328125,0.011969566345214844,0.0009970664978027344,0.009973764419555664,0.0,0.012965202331542969,0.0,
0.0069806575775146484,0.014959573745727539,0.0009970664978027344,0.011968135833740234,0.0,0.010970354080200195,0.000997304916381836,
0.009972333908081055,0.011967182159423828,0.0,0.011968135833740234,0.000997781753540039,0.010970115661621094,0.0,
0.006980419158935547,0.010970115661621094,0.0,0.010999679565429688,0.0,0.010970592498779297,0.0,
0.006012678146362305,0.010969400405883789,0.0,0.010970115661621094,0.0,0.010941028594970703,0.0,
0.006979942321777344,0.011969327926635742,0.0,0.011968135833740234,0.0,0.010969161987304688,0.0,
0.007977485656738281,0.011007308959960938,0.0,0.010934114456176758,0.0,0.009972810745239258,0.0010266304016113281,
0.006982326507568359,0.010969877243041992,0.0009958744049072266,0.009973526000976562,0.0,0.010002374649047852,0.0,
0.0069806575775146484,0.010001659393310547,0.0,0.010942459106445312,0.0,0.00998544692993164,0.0,
0.006979942321777344,0.011005878448486328,0.0,0.012930631637573242,0.0019936561584472656,0.012974977493286133,0.0,
0.007976770401000977,0.010970354080200195,0.0,0.010971784591674805,0.0,0.009972572326660156,0.0,
0.0069811344146728516,0.010970830917358398,0.0,0.011000394821166992,0.0,0.009942770004272461,0.0,
0.006979227066040039,0.010002374649047852,0.0009989738464355469,0.010939359664916992,0.0,0.01099538803100586,0.0,
0.007005214691162109,0.013937711715698242,0.0,0.014959335327148438,0.0,0.01795196533203125,0.0009992122650146484,
0.008974790573120117,0.012968301773071289,0.0,0.010968208312988281,0.0,0.010998725891113281,0.0009810924530029297,
0.0069811344146728516,0.011966943740844727,0.0,0.010970592498779297,0.0,0.010970115661621094,0.0009970664978027344,
0.00797724723815918,0.011000394821166992,0.0,0.009974479675292969,0.0,0.010973453521728516,0.0009629726409912109,
0.006980180740356445,0.01100301742553711,0.0,0.010970354080200195,0.0,0.01096796989440918,0.000997304916381836,
0.00897669792175293,0.01196742057800293,0.0,0.012965202331542969,0.0,0.01100015640258789,0.0,
0.0060122013092041016,0.011938333511352539,0.0,0.010997295379638672,0.0,0.010974407196044922,0.0009913444519042969,
0.00698089599609375,0.010999917984008789,0.0,0.009975671768188477,0.0009953975677490234,0.009972095489501953,0.0009684562683105469,
0.006979942321777344,0.011003971099853516,0.0,0.009968757629394531,0.0,0.010970592498779297,0.0,
0.007010936737060547,0.010976552963256836,0.0,0.009961366653442383,0.0,0.010983467102050781,0.0009620189666748047,
0.007978677749633789,0.009972333908081055,0.0,0.010969400405883789,0.0,0.009973764419555664,0.0009975433349609375,
0.007980108261108398,0.011002063751220703,0.0,0.010972261428833008,0.0,0.010965824127197266,0.0,
0.006978511810302734,0.010970115661621094,0.0,0.009973287582397461,0.0009970664978027344,0.010970115661621094,0.0,
0.006981372833251953,0.01096963882446289,0.0,0.00997304916381836,0.0009975433349609375,0.010970354080200195,0.0,
0.007979631423950195,0.01096963882446289,0.000997304916381836,0.01495981216430664,0.0,0.01894855499267578,0.000997781753540039,
0.00897526741027832,0.019947290420532227,0.0,0.013960838317871094,0.0,0.016953229904174805,0.0,
0.006981372833251953,0.011967897415161133,0.0,0.01196742057800293,0.0,0.011967897415161133,0.0,
0.0069806575775146484,0.010969877243041992,0.0,0.011967897415161133,0.0,0.011967658996582031,0.000997304916381836,
0.0069773197174072266,0.011967658996582031,0.0,0.010972261428833008,0.0009970664978027344,0.01495814323425293,0.000997304916381836,
0.006979465484619141,0.012964487075805664,0.0,0.010970354080200195,0.0,0.0109710693359375,0.0,
0.00797891616821289,0.010969161987304688,0.0,0.010970830917358398,0.0,0.011967897415161133,0.0,
0.007977962493896484,0.010970115661621094,0.0,0.011968135833740234,0.0,0.010970830917358398,0.0009968280792236328,
0.006981611251831055,0.013961553573608398,0.0,0.011968374252319336,0.0,0.0109710693359375,0.0,
0.00997304916381836,0.010970592498779297,0.0009970664978027344,0.010969877243041992,0.0,0.010969877243041992,0.0,
0.007979154586791992,0.010970830917358398,0.0,0.010970115661621094,0.0,0.010970115661621094,0.0,
0.006982326507568359,0.011966466903686523,0.0,0.01000356674194336,0.0,0.011944770812988281,0.0,
0.007978439331054688,0.011997699737548828,0.000997304916381836,0.011937618255615234,0.0009968280792236328,0.011000871658325195,0.0,
0.006981611251831055,0.011966943740844727,0.0,0.01096963882446289,0.0,0.010999441146850586,0.0009679794311523438,
0.0069806575775146484,0.010970115661621094,0.0009975433349609375,0.00997304916381836,0.0,0.010970115661621094,0.000997304916381836,
0.007019519805908203,0.01093292236328125,0.0,0.01000213623046875,0.0009970664978027344,0.009974479675292969,0.0009958744049072266,
0.006980180740356445,0.010970354080200195,0.0,0.010970830917358398,0.0,0.010970115661621094,0.0,
0.0069806575775146484,0.010968923568725586,0.0,0.010971546173095703,0.000997304916381836,0.010970115661621094,0.0,
0.006010770797729492,0.010942935943603516,0.0,0.010002374649047852,0.0,0.010003328323364258,0.0009965896606445312,
0.006983280181884766,0.010998010635375977,0.0,0.010973930358886719,0.0,0.009969472885131836,0.0009684562683105469,
0.012976408004760742,0.012976408004760742,0.0,0.009980440139770508,0.0,0.009969472885131836,0.0009691715240478516,
0.007979154586791992,0.01096963882446289,0.000997304916381836,0.009998798370361328,0.0009920597076416016,0.009983062744140625,0.0,
0.006973743438720703,0.011002779006958008,0.0,0.011936426162719727,0.0,0.010003089904785156,0.000989675521850586,
0.0069828033447265625,0.010994434356689453,0.0,0.010970354080200195,0.0,0.011943578720092773,0.0,
0.00701141357421875,0.010941267013549805,0.0,0.01199650764465332,0.0,0.009975910186767578,0.0009648799896240234,
0.006983280181884766,0.010000944137573242,0.0010020732879638672,0.010935783386230469,0.0,0.011967658996582031,0.0,
0.0069811344146728516,0.010970354080200195,0.0,0.010999917984008789,0.0,0.01096487045288086,0.0,
0.0069811344146728516,0.010003805160522461,0.0009963512420654297,0.009943723678588867,0.0,0.010999917984008789,0.0,
0.007979393005371094,0.01099848747253418,0.0,0.009975433349609375,0.000995635986328125,0.00997614860534668,0.000993967056274414,
0.0070111751556396484,0.010970115661621094,0.0,0.010996580123901367,0.0,0.010326385498046875,0.00096893310546875,
0.006994724273681641,0.011952877044677734,0.0,0.010971546173095703,0.000997304916381836,0.010998964309692383,0.0,
0.007009267807006836,0.010969877243041992,0.0,0.00997614860534668,0.0,0.009974956512451172,0.0009639263153076172,
0.006979703903198242,0.010979413986206055,0.0,0.009993314743041992,0.0009694099426269531,0.009998083114624023,0.0009713172912597656,
0.006981849670410156,0.010996103286743164,0.0,0.01094365119934082,0.0,0.010999202728271484,0.0,
0.006979465484619141,0.010005950927734375,0.0009648799896240234,0.010001897811889648,0.0009682178497314453,0.010001897811889648,0.00096893310546875,
0.006979703903198242,0.011966943740844727,0.0,0.00999760627746582,0.0009737014770507812,0.01000213623046875,0.0,
0.00598454475402832,0.010998249053955078,0.0009684562683105469,0.010971784591674805,0.0,0.010997533798217773,0.00096893310546875,
0.0069811344146728516,0.010995149612426758,0.0,0.010945796966552734,0.0,0.009973526000976562,0.000997781753540039,
0.006985187530517578,0.01096653938293457,0.0009968280792236328,0.010002374649047852,0.0,0.010940790176391602,0.0,
0.00698089599609375,0.011967897415161133,0.0,0.010969877243041992,0.0,0.010970115661621094,0.0009992122650146484,
0.006980180740356445,0.011001110076904297,0.0,0.010962724685668945,0.0,0.011944055557250977,0.0,
0.007011890411376953,0.010970592498779297,0.0,0.0109710693359375,0.0,0.010938644409179688,0.0,
0.007978439331054688,0.009974956512451172,0.0009961128234863281,0.010002613067626953,0.0,0.009972810745239258,0.0009677410125732422,
0.00698089599609375,0.009972572326660156,0.000997304916381836,0.009974479675292969,0.0,0.01096963882446289,0.0,
0.006978511810302734,0.014960050582885742,0.0,0.01196908950805664,0.0009968280792236328,0.01396322250366211,0.0009961128234863281,
0.009972333908081055,0.011968135833740234,0.0,0.011967658996582031,0.0,0.011967897415161133,0.0009965896606445312,
0.007978677749633789,0.01396036148071289,0.0,0.009973526000976562,0.0009968280792236328,0.009972810745239258,0.0009970664978027344,
0.0069789886474609375,0.010972023010253906,0.0,0.012964248657226562,0.0,0.0109710693359375,0.0009968280792236328,
0.006981372833251953,0.012964963912963867,0.0,0.010970354080200195,0.0,0.010970354080200195,0.0,
0.006978750228881836,0.010972023010253906,0.0,0.010970115661621094,0.0,0.010970115661621094,0.0,
0.006981372833251953,0.012965202331542969,0.0,0.010968446731567383,0.0,0.012966394424438477,0.0009970664978027344,
0.006978750228881836,0.011968135833740234,0.0,0.011967897415161133,0.0,0.010970592498779297,0.0,
0.006981611251831055,0.010970354080200195,0.000997304916381836,0.009972095489501953,0.0,0.011968374252319336,0.0,
0.006981849670410156,0.012965679168701172,0.0009975433349609375,0.010969161987304688,0.0,0.00997304916381836,0.0009970664978027344,
0.009971857070922852,0.011967182159423828,0.000997304916381836,0.010970354080200195,0.0,0.010970354080200195,0.000997304916381836,
0.0069811344146728516,0.009972333908081055,0.0,0.00997304916381836,0.0,0.010970592498779297,0.0009970664978027344,
0.007004737854003906,0.011944770812988281,0.0,0.009996175765991211,0.0,0.012969732284545898,0.0,
0.007976531982421875,0.0139617919921875,0.0009982585906982422,0.01099848747253418,0.0,0.010970830917358398,0.0009696483612060547,
0.007979393005371094,0.010968208312988281,0.0,0.01296687126159668,0.0,0.012964487075805664,0.0009965896606445312,
0.008976459503173828,0.01199793815612793,0.0009970664978027344,0.00997161865234375,0.0009682178497314453,0.011001348495483398,0.0,
0.006981372833251953,0.010832548141479492,0.0,0.01097559928894043,0.0,0.01164102554321289,0.0,
0.007008790969848633,0.011968374252319336,0.0,0.009974956512451172,0.0,0.010965824127197266,0.0,
0.006979703903198242,0.01100015640258789,0.0,0.0109710693359375,0.0,0.010972261428833008,0.0009663105010986328,
0.0069828033447265625,0.010998249053955078,0.0,0.010969877243041992,0.0,0.009973287582397461,0.0009684562683105469,
0.006012916564941406,0.010970592498779297,0.0,0.0109405517578125,0.0,0.010878324508666992,0.0009684562683105469,
0.0070095062255859375,0.011939525604248047,0.0,0.010969877243041992,0.0,0.010002374649047852,0.0009675025939941406,
0.007004737854003906,0.010975122451782227,0.0,0.010970592498779297,0.0,0.009976387023925781,0.0,
0.0069904327392578125,0.010959625244140625,0.0,0.010999202728271484,0.0,0.010942459106445312,0.0,
0.00797581672668457,0.011004209518432617,0.0,0.010937213897705078,0.0,0.010971784591674805,0.0,
0.0069828033447265625,0.010970354080200195,0.0,0.010970115661621094,0.000997781753540039,0.010968208312988281,0.0,
0.0079803466796875,0.010968208312988281,0.0,0.00997304916381836,0.0009980201721191406,0.010970592498779297,0.0,
0.0069811344146728516,0.011000394821166992,0.0,0.010939836502075195,0.0,0.010999917984008789,0.0,
0.0069828033447265625,0.011966705322265625,0.0,0.009975194931030273,0.0,0.010968446731567383,0.0009980201721191406,
0.0069811344146728516,0.009972333908081055,0.0009968280792236328,0.009973526000976562,0.0,0.010970830917358398,0.000997304916381836,
0.006984233856201172,0.01196432113647461,0.0,0.010413408279418945,0.0,0.009999275207519531,0.0009737014770507812,
0.012962579727172852,0.012995004653930664,0.0,0.01098012924194336,0.0,0.010929346084594727,0.0,
0.006981372833251953,0.010970592498779297,0.0,0.010970115661621094,0.0,0.010970115661621094,0.0,
0.007007122039794922,0.01197195053100586,0.0,0.009972572326660156,0.0,0.010969877243041992,0.00096893310546875,
0.006981372833251953,0.011000394821166992,0.0,0.010970354080200195,0.0,0.010941028594970703,0.0,
0.007977724075317383,0.011017084121704102,0.0,0.010923147201538086,0.0,0.010970115661621094,0.0,
0.006983041763305664,0.011000871658325195,0.0,0.009970664978027344,0.0009984970092773438,0.009972095489501953,0.0009937286376953125,
0.006981372833251953,0.0109710693359375,0.0,0.010970592498779297,0.0,0.010970115661621094,0.0,
0.007976770401000977,0.014960289001464844,0.0,0.010970115661621094,0.0,0.010999917984008789,0.0,
0.0069789886474609375,0.01196742057800293,0.0,0.011968135833740234,0.0009980201721191406,0.011966705322265625,0.0009980201721191406,
0.007978200912475586,0.010996341705322266,0.0009715557098388672,0.010971307754516602,0.0,0.01100015640258789,0.0,
0.006979227066040039,0.010969400405883789,0.0,0.010003328323364258,0.0009682178497314453,0.010003089904785156,0.0009672641754150391,
0.006982088088989258,0.012963533401489258,0.0,0.00997304916381836,0.000997304916381836,0.010969877243041992,0.0009968280792236328,
0.006982564926147461,0.010969400405883789,0.0,0.010971784591674805,0.0009949207305908203,0.009974002838134766,0.0009970664978027344,
0.006979942321777344,0.013962507247924805,0.0,0.010971546173095703,0.0,0.010970592498779297,0.0,
0.00797891616821289,0.010970354080200195,0.000997781753540039,0.009972572326660156,0.000997781753540039,0.010970354080200195,0.0,
0.0069806575775146484,0.012965202331542969,0.0,0.01196908950805664,0.0,0.01196599006652832,0.0,
0.007979393005371094,0.010969877243041992,0.0009965896606445312,0.009973764419555664,0.000997304916381836,0.010969877243041992,0.0009970664978027344,
0.00698089599609375,0.011966705322265625,0.0009975433349609375,0.011967658996582031,0.0,0.011966705322265625,0.0009970664978027344,
0.0069811344146728516,0.010971307754516602,0.0,0.010994672775268555,0.0,0.009946584701538086,0.0010280609130859375,
0.006981611251831055,0.010970830917358398,0.0,0.00997304916381836,0.0,0.010970115661621094,0.000997781753540039,
0.00698089599609375,0.010969400405883789,0.0,0.010970354080200195,0.0,0.010970354080200195,0.0,
0.006981372833251953,0.010002851486206055,0.0009675025939941406,0.010995149612426758,0.0,0.010969877243041992,0.0,
0.01000356674194336,0.010969877243041992,0.0,0.010970592498779297,0.0,0.010969877243041992,0.0,
0.006982088088989258,0.01099848747253418,0.0,0.009974241256713867,0.0,0.0109710693359375,0.0,
0.00698089599609375,0.010973215103149414,0.0,0.010001182556152344,0.0009670257568359375,0.01000213623046875,0.0009982585906982422,
0.006970643997192383,0.010003089904785156,0.0,0.009972572326660156,0.0,0.010941505432128906,0.0,
0.007980823516845703,0.010967731475830078,0.0,0.009973764419555664,0.0,0.011966705322265625,0.0,
0.006982088088989258,0.011968135833740234,0.0,0.010993242263793945,0.0,0.010945558547973633,0.0009989738464355469,
0.0069811344146728516,0.01100015640258789,0.0,0.01097249984741211,0.0,0.009941577911376953,0.0009975433349609375,
0.0069811344146728516,0.010971546173095703,0.0,0.010001420974731445,0.0,0.01096653938293457,0.0,
0.007977485656738281,0.010002374649047852,0.0009682178497314453,0.009973526000976562,0.0,0.010004997253417969,0.0009648799896240234,
0.007005929946899414,0.010973215103149414,0.0009682178497314453,0.01000213623046875,0.0,0.010971546173095703,0.0,
0.00698089599609375,0.009974002838134766,0.0,0.010969400405883789,0.0,0.010970354080200195,0.0,
0.006983280181884766,0.011004209518432617,0.0,0.010970115661621094,0.0,0.010509967803955078,0.0,
0.007977724075317383,0.010016918182373047,0.0,0.010928630828857422,0.0,0.011000633239746094,0.0,
0.008966207504272461,0.010969161987304688,0.0,0.010999441146850586,0.0,0.010971546173095703,0.0009665489196777344,
0.006016254425048828,0.010970830917358398,0.0,0.010999679565429688,0.0,0.0109710693359375,0.0,
0.00698089599609375,0.010999441146850586,0.0,0.010970592498779297,0.0,0.009972333908081055,0.0009686946868896484,
0.007979154586791992,0.010000467300415039,0.0,0.010955333709716797,0.0,0.009989261627197266,0.0009691715240478516,
0.0069806575775146484,0.010970354080200195,0.0,0.015956640243530273,0.0,0.011968612670898438,0.0,
0.007009744644165039,0.011967658996582031,0.0,0.010003089904785156,0.0,0.010976076126098633,0.0009944438934326172,
0.006981372833251953,0.011965274810791016,0.0,0.01196908950805664,0.0,0.011966943740844727,0.0009975433349609375,
0.006979703903198242,0.0139617919921875,0.0,0.01000356674194336,0.0009725093841552734,0.01096653938293457,0.0,
0.007978439331054688,0.0109710693359375,0.0,0.010971307754516602,0.0,0.011967897415161133,0.0,
0.007979154586791992,0.012963533401489258,0.0,0.010971307754516602,0.0,0.011967182159423828,0.0009987354278564453,
0.0069828033447265625,0.010968208312988281,0.0009968280792236328,0.01097249984741211,0.0,0.010970115661621094,0.0009949207305908203,
0.006979227066040039,0.012966156005859375,0.0,0.010968923568725586,0.0,0.010970830917358398,0.0009982585906982422,
0.00698089599609375,0.0109710693359375,0.000997781753540039,0.010970592498779297,0.0,0.01098489761352539,0.0009834766387939453,
0.0070002079010009766,0.01194906234741211,0.0,0.010001420974731445,0.0009691715240478516,0.00999593734741211,0.0009732246398925781,
0.006981372833251953,0.009972333908081055,0.0,0.010970592498779297,0.0,0.010970115661621094,0.0,
0.006981849670410156,0.012987375259399414,0.0,0.009979009628295898,0.0009675025939941406,0.010998964309692383,0.0,
0.007989883422851562,0.0129547119140625,0.0,0.011967897415161133,0.0,0.011966228485107422,0.0,
0.007977962493896484,0.01100015640258789,0.0009675025939941406,0.010969877243041992,0.0,0.0109710693359375,0.0,
0.007978200912475586,0.010999917984008789,0.0,0.010941028594970703,0.0,0.010999917984008789,0.0,
0.0069806575775146484,0.011966943740844727,0.0,0.011968374252319336,0.0,0.009972572326660156,0.0,
0.006980419158935547,0.01196742057800293,0.0,0.01096963882446289,0.0,0.009973526000976562,0.0009968280792236328,
0.006979942321777344,0.012000799179077148,0.0,0.010971307754516602,0.0,0.010966777801513672,0.0009691715240478516,
0.006981372833251953,0.010999679565429688,0.0,0.010972261428833008,0.0,0.010968208312988281,0.0,
0.006981372833251953,0.010970830917358398,0.0,0.009971857070922852,0.0,0.010972738265991211,0.0,
0.006983518600463867,0.010967731475830078,0.0,0.0109710693359375,0.0,0.010999202728271484,0.0,
0.006982088088989258,0.010999441146850586,0.0,0.010969877243041992,0.0,0.010941267013549805,0.0009987354278564453,
0.007010459899902344,0.011937618255615234,0.0,0.010969400405883789,0.0,0.011993646621704102,0.0,
0.006009340286254883,0.010970115661621094,0.0,0.010970354080200195,0.0,0.010970115661621094,0.000997781753540039,
0.006981611251831055,0.010002374649047852,0.0009684562683105469,0.010002851486206055,0.0009675025939941406,0.01001429557800293,0.0,
0.006981849670410156,0.010999679565429688,0.0009691715240478516,0.010001659393310547,0.0010116100311279297,0.010969161987304688,0.0,
0.006980180740356445,0.010002851486206055,0.000997781753540039,0.009972572326660156,0.0,0.010970830917358398,0.0,
0.007976293563842773,0.010999679565429688,0.0,0.011938333511352539,0.0,0.010005474090576172,0.0009653568267822266,
0.007945775985717773,0.009983301162719727,0.0,0.010989665985107422,0.0,0.009975194931030273,0.0009653568267822266,
0.006980180740356445,0.009998321533203125,0.0,0.010977983474731445,0.0,0.010965347290039062,0.0009698867797851562,
0.006981611251831055,0.01096963882446289,0.0,0.00999760627746582,0.0,0.010977506637573242,0.0009655952453613281,
0.007009983062744141,0.009977102279663086,0.0,0.010985374450683594,0.0,0.013915538787841797,0.0009968280792236328,
0.007978439331054688,0.010987520217895508,0.0,0.010953187942504883,0.0,0.010001659393310547,0.0009686946868896484,
0.006995201110839844,0.011850833892822266,0.0,0.01094198226928711,0.0,0.010002613067626953,0.0009915828704833984,
0.006980180740356445,0.010001897811889648,0.0010035037994384766,0.009937763214111328,0.0009970664978027344,0.009997367858886719,0.0009734630584716797,
0.007006406784057617,0.010945320129394531,0.0,0.010999917984008789,0.0,0.010939836502075195,0.0,
0.006979227066040039,0.010986089706420898,0.0,0.01095724105834961,0.0,0.010998010635375977,0.0,
0.007977008819580078,0.010361194610595703,0.0,0.010969877243041992,0.0,0.010004997253417969,0.0,
0.0069806575775146484,0.010971307754516602,0.0,0.011000871658325195,0.0,0.011937856674194336,0.0,
0.006984710693359375,0.010970115661621094,0.0,0.0109405517578125,0.0,0.011006832122802734,0.0,
0.006982326507568359,0.011966466903686523,0.0,0.0109710693359375,0.0,0.010970115661621094,0.0,
0.00698089599609375,0.01296544075012207,0.0,0.011005640029907227,0.0,0.010934591293334961,0.0,
0.0069806575775146484,0.010999441146850586,0.0,0.010941505432128906,0.0,0.010970354080200195,0.0,
0.006981611251831055,0.010970115661621094,0.0,0.009974241256713867,0.001026153564453125,0.01093912124633789,0.0,
0.006989240646362305,0.01099252700805664,0.0,0.011974811553955078,0.0,0.011929750442504883,0.0,
0.009973526000976562,0.01096963882446289,0.0,0.0109710693359375,0.000997304916381836,0.009972810745239258,0.000997304916381836,
0.0070111751556396484,0.01193690299987793,0.0,0.010004758834838867,0.0,0.010964155197143555,0.0,
0.006982326507568359,0.010969161987304688,0.0,0.010970115661621094,0.0,0.009973764419555664,0.0,
0.007977008819580078,0.010969877243041992,0.0,0.010970115661621094,0.0,0.00997304916381836,0.0009970664978027344,
0.006980419158935547,0.010970115661621094,0.0,0.01097249984741211,0.0,0.013985157012939453,0.0,
0.006980419158935547,0.011000394821166992,0.0,0.010970592498779297,0.0,0.010977506637573242,0.0,
0.007012605667114258,0.011936187744140625,0.0,0.00997161865234375,0.0,0.010970115661621094,0.0009975433349609375,
0.008977890014648438,0.01096963882446289,0.0,0.00997304916381836,0.0,0.01196742057800293,0.0,
0.007979631423950195,0.013962745666503906,0.0,0.01196742057800293,0.0,0.012964725494384766,0.0009953975677490234,
0.007979869842529297,0.012964487075805664,0.0,0.010970354080200195,0.0009975433349609375,0.012964963912963867,0.0009975433349609375,
0.008974313735961914,0.011967658996582031,0.0,0.010973930358886719,0.0,0.012963056564331055,0.0009975433349609375,
0.00797891616821289,0.010970592498779297,0.0,0.011968135833740234,0.0,0.011966705322265625,0.0,
0.0069806575775146484,0.013962268829345703,0.0,0.010969877243041992,0.0,0.013961315155029297,0.0,
0.007988452911376953,0.010961771011352539,0.0,0.010969161987304688,0.0,0.012965202331542969,0.0009980201721191406,
0.006979703903198242,0.012995004653930664,0.0009970664978027344,0.010970354080200195,0.0,0.010940790176391602,0.0,
0.006979942321777344,0.0109710693359375,0.0,0.010994672775268555,0.0009732246398925781,0.01000213623046875,0.0009677410125732422,
0.006979227066040039,0.010001659393310547,0.0,0.010941028594970703,0.0,0.009999752044677734,0.0009703636169433594,
0.007013082504272461,0.010976791381835938,0.0,0.010957717895507812,0.0,0.010991334915161133,0.0,
0.006980180740356445,0.010999202728271484,0.0009684562683105469,0.010002851486206055,0.0,0.010939598083496094,0.0,
0.006012916564941406,0.010970354080200195,0.0,0.010941267013549805,0.0,0.011001825332641602,0.0,
0.006979942321777344,0.010971307754516602,0.0,0.009971380233764648,0.0,0.010972023010253906,0.0010249614715576172,
0.006985664367675781,0.009999752044677734,0.0,0.009972095489501953,0.0009665489196777344,0.01101541519165039,0.0,
0.007978439331054688,0.011005163192749023,0.0,0.00996708869934082,0.0,0.010352134704589844,0.0,
0.0069806575775146484,0.010002374649047852,0.0009682178497314453,0.009999990463256836,0.0,0.010968685150146484,0.0,
0.009946584701538086,0.011967897415161133,0.0,0.010994195938110352,0.0,0.009981393814086914,0.0,
0.006978273391723633,0.010969877243041992,0.0,0.010971307754516602,0.0,0.01000213623046875,0.0009698867797851562,
0.00797581672668457,0.010970830917358398,0.0,0.010971784591674805,0.0,0.01096963882446289,0.0,
0.0069811344146728516,0.009971857070922852,0.000997304916381836,0.01000356674194336,0.0,0.009972095489501953,0.0,
0.006983280181884766,0.010971307754516602,0.000997304916381836,0.012965917587280273,0.0,0.010969877243041992,0.0009980201721191406,
0.006981611251831055,0.010970592498779297,0.0,0.012965202331542969,0.0,0.010998725891113281,0.00098419189453125,
0.0070111751556396484,0.010940313339233398,0.0,0.0109710693359375,0.0,0.01099848747253418,0.0009701251983642578,
0.0079803466796875,0.01099848747253418,0.0,0.010941267013549805,0.0,0.01096963882446289,0.0,
0.007010459899902344,0.011939525604248047,0.0,0.011967658996582031,0.0,0.011004209518432617,0.0,
0.00698089599609375,0.010969877243041992,0.000997304916381836,0.00997304916381836,0.0,0.010970115661621094,0.0,
0.006981611251831055,0.010970354080200195,0.0009975433349609375,0.010004758834838867,0.0,0.010941267013549805,0.000997304916381836,
0.007007598876953125,0.010971546173095703,0.0,0.010970115661621094,0.0009686946868896484,0.010998249053955078,0.0,
0.006981372833251953,0.010002374649047852,0.0009682178497314453,0.010970354080200195,0.0,0.010971546173095703,0.0,
0.007005929946899414,0.012941360473632812,0.0,0.010970592498779297,0.0009970664978027344,0.010970354080200195,0.000997781753540039,
0.007976770401000977,0.010970115661621094,0.0,0.009974241256713867,0.0,0.01096963882446289,0.0,
0.0079803466796875,0.012961864471435547,0.000997304916381836,0.00997304916381836,0.0,0.010970592498779297,0.0,
0.006979465484619141,0.011968612670898438,0.0,0.010970354080200195,0.0,0.011965513229370117,0.0,
0.0069811344146728516,0.009971857070922852,0.0009980201721191406,0.009972572326660156,0.0009975433349609375,0.011001348495483398,0.0009684562683105469,
0.00897359848022461,0.011967897415161133,0.0,0.010969400405883789,0.0,0.010970354080200195,0.0,
0.00797891616821289,0.011967658996582031,0.0009970664978027344,0.010971307754516602,0.0,0.010970115661621094,0.0009968280792236328,
0.0069811344146728516,0.011968612670898438,0.0,0.011968135833740234,0.0,0.012964963912963867,0.0,
0.006982088088989258,0.010971307754516602,0.0,0.011967182159423828,0.0010266304016113281,0.009943723678588867,0.0,
0.007979154586791992,0.011967897415161133,0.0,0.011967897415161133,0.0,0.010970115661621094,0.000997781753540039,
0.00797724723815918,0.010970354080200195,0.0,0.011966943740844727,0.0,0.010970354080200195,0.0009975433349609375,
0.006983518600463867,0.011965513229370117,0.0,0.013961315155029297,0.0,0.009973287582397461,0.000997781753540039,
0.009973526000976562,0.01396322250366211,0.0,0.013960838317871094,0.0,0.010970354080200195,0.0,
0.0069811344146728516,0.010969877243041992,0.0,0.010970115661621094,0.0,0.010970830917358398,0.0,
0.00698089599609375,0.010969877243041992,0.0009975433349609375,0.010970830917358398,0.0,0.01296544075012207,0.0,
0.00897669792175293,0.012986898422241211,0.0,0.009980916976928711,0.0009672641754150391,0.010998010635375977,0.0,
0.006981372833251953,0.01099538803100586,0.0,0.010972738265991211,0.0,0.009973287582397461,0.0009684562683105469,
0.0059814453125,0.011968851089477539,0.0,0.010004997253417969,0.0,0.010938882827758789,0.0,
0.005984067916870117,0.011990785598754883,0.0,0.009979009628295898,0.0,0.010969877243041992,0.0,
0.007977724075317383,0.01196742057800293,0.000997781753540039,0.009973287582397461,0.0009970664978027344,0.010970592498779297,0.0009987354278564453,
0.007978439331054688,0.01096963882446289,0.0,0.010971307754516602,0.0,0.010969400405883789,0.0009965896606445312,
0.006982564926147461,0.010970354080200195,0.0009975433349609375,0.010969877243041992,0.0,0.010970592498779297,0.0,
0.007976531982421875,0.011969327926635742,0.0,0.010969400405883789,0.0,0.010972023010253906,0.0009980201721191406,
0.007979393005371094,0.011968135833740234,0.0,0.010969877243041992,0.0,0.010971307754516602,0.000995635986328125,
0.00997304916381836,0.011968135833740234,0.0,0.010970830917358398,0.0009970664978027344,0.010970354080200195,0.0,
0.007975578308105469,0.011969327926635742,0.0,0.00997304916381836,0.0,0.010970354080200195,0.000997304916381836,
0.007977008819580078,0.010972023010253906,0.000997304916381836,0.010970354080200195,0.0,0.011967182159423828,0.0,
0.006979465484619141,0.011968135833740234,0.0,0.011968851089477539,0.0,0.010968923568725586,0.0009975433349609375,
0.006981611251831055,0.009973764419555664,0.0,0.010970592498779297,0.0,0.01000070571899414,0.0009686946868896484,
0.007012605667114258,0.01096796989440918,0.0,0.01194000244140625,0.0,0.010998010635375977,0.0,
0.006981849670410156,0.010997533798217773,0.0,0.010735273361206055,0.0,0.010970592498779297,0.0,
0.00698089599609375,0.010970354080200195,0.0,0.010969161987304688,0.0,0.01100015640258789,0.0,
0.006981849670410156,0.010001420974731445,0.0,0.010941505432128906,0.0,0.010970592498779297,0.0,
0.007993221282958984,0.010956048965454102,0.0,0.009972095489501953,0.0,0.010183572769165039,0.0,
0.0070095062255859375,0.011937856674194336,0.0,0.014961719512939453,0.0,0.011990785598754883,0.0,
0.006973981857299805,0.010972023010253906,0.0,0.011967658996582031,0.0,0.011995077133178711,0.0,
0.006981372833251953,0.010970115661621094,0.0,0.010001659393310547,0.0009686946868896484,0.010002851486206055,0.0009672641754150391,
0.006014347076416016,0.010969877243041992,0.0,0.010943174362182617,0.0009958744049072266,0.010998964309692383,0.0,
0.007976770401000977,0.010999917984008789,0.0,0.010972976684570312,0.0,0.010967016220092773,0.0,
0.006981849670410156,0.01099848747253418,0.0,0.010971307754516602,0.0,0.009971857070922852,0.0009684562683105469,
0.0069806575775146484,0.010999679565429688,0.0,0.010968923568725586,0.0,0.009973287582397461,0.0009698867797851562,
0.006982326507568359,0.010999202728271484,0.0,0.010940790176391602,0.0,0.009996414184570312,0.0009732246398925781,
0.008975744247436523,0.009973526000976562,0.000997781753540039,0.010970592498779297,0.000997304916381836,0.010970354080200195,0.0,
0.007977008819580078,0.010971546173095703,0.0,0.010970354080200195,0.0,0.010970592498779297,0.0,
0.006982326507568359,0.012965679168701172,0.0,0.010968446731567383,0.0,0.0109710693359375,0.0009970664978027344,
0.009972572326660156,0.011970043182373047,0.0,0.010968685150146484,0.0009982585906982422,0.010970592498779297,0.0,
0.006983280181884766,0.012964963912963867,0.0,0.010969877243041992,0.0009970664978027344,0.015955686569213867,0.0009989738464355469,
0.006981611251831055,0.011967182159423828,0.0,0.013961315155029297,0.0,0.01196742057800293,0.0,
0.0069806575775146484,0.014957427978515625,0.0009970664978027344,0.01496124267578125,0.0009958744049072266,0.0219423770904541,0.0009982585906982422,
0.009972333908081055,0.015956640243530273,0.0009980201721191406,0.01196742057800293,0.0,0.013960838317871094,0.0009992122650146484,
0.007978677749633789,0.01196742057800293,0.0,0.013962984085083008,0.0,0.011966943740844727,0.0,
0.0069806575775146484,0.012965202331542969,0.0,0.010972738265991211,0.0,0.01196599006652832,0.000997304916381836,
0.006979703903198242,0.011002540588378906,0.0009667873382568359,0.010970830917358398,0.0,0.010999679565429688,0.0010030269622802734,
0.007978677749633789,0.01096963882446289,0.0,0.010972261428833008,0.0,0.0139617919921875,0.0,
0.007976770401000977,0.010971546173095703,0.0009963512420654297,0.011966943740844727,0.0,0.011997461318969727,0.0009694099426269531,
0.0070133209228515625,0.010934114456176758,0.0,0.011005163192749023,0.0,0.010961294174194336,0.0009717941284179688,
0.0060100555419921875,0.010966062545776367,0.0,0.01097559928894043,0.0,0.009974002838134766,0.0009670257568359375,
0.006979703903198242,0.011997699737548828,0.0,0.010970592498779297,0.0,0.010969877243041992,0.0,
0.0069789886474609375,0.0109710693359375,0.0,0.010990381240844727,0.0,0.00997781753540039,0.0009722709655761719,
0.007005929946899414,0.010944128036499023,0.0,0.010996580123901367,0.0,0.010945796966552734,0.0009965896606445312,
0.006979465484619141,0.010994434356689453,0.0,0.01097249984741211,0.0,0.009976863861083984,0.0009684562683105469,
0.006011486053466797,0.010971784591674805,0.0,0.009971857070922852,0.0,0.010970354080200195,0.0009965896606445312,
0.0070078372955322266,0.01097416877746582,0.0,0.009976625442504883,0.0,0.009965658187866211,0.0009684562683105469,
0.00698089599609375,0.010999202728271484,0.0,0.010942697525024414,0.0,0.010000467300415039,0.0009686946868896484,
0.011963605880737305,0.011967658996582031,0.0,0.010385751724243164,0.0,0.009974479675292969,0.0009965896606445312,
0.007010698318481445,0.01096487045288086,0.0,0.010987520217895508,0.0,0.010929107666015625,0.0,
0.011966943740844727,0.011995792388916016,0.0009686946868896484,0.010001659393310547,0.0,0.010350942611694336,0.0009703636169433594,
0.0069768428802490234,0.010971784591674805,0.000997781753540039,0.009971857070922852,0.001028299331665039,0.0109405517578125,0.000997304916381836,
0.007977962493896484,0.01096963882446289,0.0,0.011968135833740234,0.0,0.011968612670898438,0.0,
0.007009983062744141,0.0109405517578125,0.0,0.010999441146850586,0.0,0.010970830917358398,0.0,
0.007977008819580078,0.010971546173095703,0.0,0.010994911193847656,0.0,0.010974884033203125,0.0,
0.006978750228881836,0.010999202728271484,0.0,0.010973453521728516,0.0,0.010937929153442383,0.0,
0.007977962493896484,0.011000633239746094,0.0,0.011937618255615234,0.0,0.010999441146850586,0.0,
0.006981611251831055,0.011968612670898438,0.0,0.010970592498779297,0.0,0.011966466903686523,0.0,
0.00600743293762207,0.01094675064086914,0.0,0.011004924774169922,0.0,0.010935783386230469,0.0,
0.009975194931030273,0.012998342514038086,0.0,0.00996708869934082,0.0,0.010969877243041992,0.0,
0.006980419158935547,0.009973287582397461,0.0009968280792236328,0.010970354080200195,0.0,0.010995864868164062,0.0,
0.007010936737060547,0.010968923568725586,0.0009684562683105469,0.01096963882446289,0.0,0.010002613067626953,0.0009701251983642578,
0.006982088088989258,0.010993480682373047,0.0,0.010970354080200195,0.0,0.011942386627197266,0.0,
0.006983041763305664,0.010000944137573242,0.0009679794311523438,0.011000633239746094,0.0,0.009971857070922852,0.0009696483612060547,
0.007009744644165039,0.011938095092773438,0.0,0.010994672775268555,0.0,0.010945796966552734,0.0,
0.006981611251831055,0.012966156005859375,0.0,0.010968923568725586,0.0,0.011968851089477539,0.0,
0.0070056915283203125,0.010944604873657227,0.0,0.010970354080200195,0.0,0.01100015640258789,0.0,
0.006979703903198242,0.009973526000976562,0.0,0.01096963882446289,0.0,0.010970830917358398,0.0,
0.0069811344146728516,0.010970115661621094,0.0,0.011965513229370117,0.0,0.011967658996582031,0.0,
0.00797891616821289,0.011967182159423828,0.0,0.012965917587280273,0.0,0.010970592498779297,0.00099945068359375,
0.0069811344146728516,0.011966228485107422,0.0,0.010970115661621094,0.0,0.010972261428833008,0.000997304916381836,
0.0059816837310791016,0.010970354080200195,0.0,0.010970592498779297,0.0,0.010970115661621094,0.0009975433349609375,
0.008975744247436523,0.01196742057800293,0.0,0.010971307754516602,0.0,0.009972572326660156,0.000997304916381836,
0.0069806575775146484,0.01296377182006836,0.000997304916381836,0.010969877243041992,0.0,0.011967658996582031,0.0,
0.008977413177490234,0.011965274810791016,0.0,0.010970354080200195,0.0,0.01695418357849121,0.0,
0.008974790573120117,0.018947601318359375,0.0,0.010970830917358398,0.0,0.011967182159423828,0.0009984970092773438,
0.006980180740356445,0.010972976684570312,0.0,0.010968446731567383,0.0,0.009972810745239258,0.0009975433349609375,
0.006979703903198242,0.010971307754516602,0.0,0.00997304916381836,0.000997304916381836,0.00997304916381836,0.0009970664978027344,
0.006980419158935547,0.010971307754516602,0.0009968280792236328,0.010970115661621094,0.0,0.009972810745239258,0.0009975433349609375,
0.007977962493896484,0.010969161987304688,0.0,0.00997304916381836,0.0,0.010970354080200195,0.0,
0.009973764419555664,0.011996984481811523,0.0,0.010940790176391602,0.0,0.010002613067626953,0.0009968280792236328,
0.007004737854003906,0.010975360870361328,0.0,0.009972810745239258,0.0009686946868896484,0.010001897811889648,0.0009684562683105469,
0.006982326507568359,0.010994434356689453,0.0,0.011941909790039062,0.0,0.010999441146850586,0.0,
0.006981849670410156,0.010001659393310547,0.0009686946868896484,0.010002374649047852,0.0,0.009972572326660156,0.00096893310546875,
0.006981372833251953,0.010998725891113281,0.0,0.010967016220092773,0.0,0.009979009628295898,0.0009655952453613281,
0.00701141357421875,0.010940074920654297,0.0,0.01100015640258789,0.0,0.009971141815185547,0.00096893310546875,
0.007977485656738281,0.010971784591674805,0.0,0.011967658996582031,0.0,0.010969400405883789,0.0009982585906982422,
0.006982088088989258,0.010971546173095703,0.0,0.010006189346313477,0.0009620189666748047,0.010003328323364258,0.0,
0.007010936737060547,0.009970664978027344,0.0009686946868896484,0.009972810745239258,0.0,0.0109710693359375,0.0,
0.0069811344146728516,0.014961719512939453,0.0,0.011990070343017578,0.0,0.010975837707519531,0.0009679794311523438,
0.006980419158935547,0.010002851486206055,0.0,0.009971857070922852,0.0009691715240478516,0.009974002838134766,0.0009968280792236328,
0.007976770401000977,0.010970354080200195,0.0,0.010863304138183594,0.0,0.009978055953979492,0.0009617805480957031,
0.007977962493896484,0.010002374649047852,0.0,0.010970115661621094,0.0,0.010969877243041992,0.0,
0.007004976272583008,0.010975122451782227,0.0,0.01097726821899414,0.0,0.010868549346923828,0.0009667873382568359,
0.0069806575775146484,0.010998725891113281,0.0,0.011002779006958008,0.0,0.010006189346313477,0.0,
0.006982326507568359,0.010968685150146484,0.0,0.01096963882446289,0.0,0.009973526000976562,0.0010268688201904297,
0.00699162483215332,0.010973215103149414,0.0,0.009981632232666016,0.000989675521850586,0.009943962097167969,0.0009970664978027344,
0.0069828033447265625,0.010970115661621094,0.000997304916381836,0.010970354080200195,0.0009980201721191406,0.011967182159423828,0.0,
0.0069806575775146484,0.010999917984008789,0.000997304916381836,0.009975433349609375,0.0,0.010968923568725586,0.0,
0.00794219970703125,0.010968446731567383,0.0,0.011003255844116211,0.0,0.010938167572021484,0.0,
0.007980585098266602,0.010997772216796875,0.0009684562683105469,0.009974002838134766,0.0009963512420654297,0.010999441146850586,0.0,
0.007978200912475586,0.010005474090576172,0.0,0.010939359664916992,0.0,0.011992216110229492,0.0,
0.008009672164916992,0.011937141418457031,0.0,0.011001110076904297,0.0,0.011966943740844727,0.0,
0.00698089599609375,0.011967658996582031,0.0009982585906982422,0.012964487075805664,0.0,0.012964963912963867,0.0009968280792236328,
0.006981372833251953,0.011968135833740234,0.0,0.015955209732055664,0.0,0.010970592498779297,0.000997304916381836,
0.007978439331054688,0.01196742057800293,0.0,0.010970115661621094,0.0,0.010970592498779297,0.0,
0.007978677749633789,0.012964725494384766,0.0,0.011000633239746094,0.0,0.010940790176391602,0.0,
0.009972333908081055,0.011003732681274414,0.0009963512420654297,0.01096796989440918,0.0,0.010941505432128906,0.0,
0.0069811344146728516,0.011965751647949219,0.000997781753540039,0.011967182159423828,0.0,0.011967658996582031,0.0,
0.006983518600463867,0.010997533798217773,0.0,0.010941267013549805,0.0,0.010970115661621094,0.0009975433349609375,
0.006981372833251953,0.010970354080200195,0.0,0.0109710693359375,0.0009975433349609375,0.011005878448486328,0.0,
0.009969949722290039,0.011968135833740234,0.0,0.010999679565429688,0.0,0.010970115661621094,0.0009694099426269531,
0.006981849670410156,0.010002851486206055,0.0009663105010986328,0.009974241256713867,0.0,0.011000394821166992,0.0009670257568359375,
0.00797891616821289,0.009972810745239258,0.000997304916381836,0.010003805160522461,0.0,0.010941743850708008,0.0,
0.0069811344146728516,0.011000394821166992,0.0,0.010961294174194336,0.0,0.009952306747436523,0.000997304916381836,
0.0069811344146728516,0.01099538803100586,0.0,0.01098322868347168,0.0,0.00993490219116211,0.000997781753540039,
0.007979393005371094,0.01196599006652832,0.0,0.01099705696105957,0.0,0.011971235275268555,0.0010051727294921875,
0.00797891616821289,0.011965751647949219,0.0,0.011000633239746094,0.0,0.012959718704223633,0.0,
0.006978511810302734,0.011000633239746094,0.0,0.010941028594970703,0.0,0.010970354080200195,0.0,
0.006979942321777344,0.010971546173095703,0.0,0.011005878448486328,0.0,0.009961843490600586,0.0009717941284179688,
0.006982326507568359,0.010998964309692383,0.0,0.0109710693359375,0.0,0.01094198226928711,0.0,
0.007977962493896484,0.010001897811889648,0.0009682178497314453,0.009973764419555664,0.0,0.010969400405883789,0.0,
0.0069506168365478516,0.010971307754516602,0.0,0.010999917984008789,0.0,0.010970115661621094,0.0,
0.00700831413269043,0.010973215103149414,0.0009682178497314453,0.01000356674194336,0.0,0.009972810745239258,0.0009670257568359375,
0.006978273391723633,0.010971307754516602,0.0,0.010003089904785156,0.0,0.010969400405883789,0.0,
0.006982088088989258,0.010002374649047852,0.0,0.010941028594970703,0.0,0.010002613067626953,0.0009970664978027344,
0.0069806575775146484,0.011968374252319336,0.0009963512420654297,0.013992547988891602,0.0,0.010940313339233398,0.0010268688201904297,
0.007977008819580078,0.010001897811889648,0.0009682178497314453,0.010003089904785156,0.0,0.010975837707519531,0.000986337661743164,
0.00698089599609375,0.010999202728271484,0.0,0.010970115661621094,0.0,0.009973526000976562,0.0009684562683105469,
0.00698089599609375,0.010003089904785156,0.0,0.010941028594970703,0.0,0.010001659393310547,0.0009686946868896484,
0.007996797561645508,0.010950803756713867,0.0,0.009972333908081055,0.0,0.010981321334838867,0.0,
0.007991552352905273,0.010986328125,0.0,0.009974241256713867,0.0,0.010971307754516602,0.0009660720825195312,
0.007979154586791992,0.010970115661621094,0.0,0.01196742057800293,0.0,0.010999679565429688,0.0009682178497314453,
0.007978200912475586,0.010970115661621094,0.0,0.010979413986206055,0.0,0.010334968566894531,0.0,
0.012936592102050781,0.012988805770874023,0.0,0.009946823120117188,0.0009963512420654297,0.010972023010253906,0.0,
0.007008075714111328,0.010971784591674805,0.0009670257568359375,0.010012388229370117,0.0,0.009963274002075195,0.0009682178497314453,
0.00698089599609375,0.010972261428833008,0.0,0.010968208312988281,0.0,0.010002851486206055,0.0009684562683105469,
0.0060117244720458984,0.010970592498779297,0.0009684562683105469,0.010970592498779297,0.0,0.010970592498779297,0.0010256767272949219,
0.010002613067626953,0.01097249984741211,0.0,0.009972810745239258,0.0009665489196777344,0.010001420974731445,0.00099945068359375,
0.009999513626098633,0.013973474502563477,0.0009598731994628906,0.010971546173095703,0.0,0.009972572326660156,0.0009975433349609375,
0.006006717681884766,0.010975122451782227,0.0,0.009974002838134766,0.0009677410125732422,0.01000213623046875,0.0009679794311523438,
0.0069806575775146484,0.01000070571899414,0.0,0.010970592498779297,0.0,0.010970115661621094,0.0,
0.00697779655456543,0.010971307754516602,0.0009980201721191406,0.010995864868164062,0.0,0.010942459106445312,0.0,
0.007978439331054688,0.011967182159423828,0.0,0.010971307754516602,0.0,0.010970830917358398,0.0009970664978027344,
0.010001659393310547,0.012935876846313477,0.0,0.01096963882446289,0.0,0.010970592498779297,0.0,
0.006981849670410156,0.012964010238647461,0.0,0.01196908950805664,0.0,0.01196742057800293,0.0009970664978027344,
0.00897526741027832,0.014959096908569336,0.0,0.017951250076293945,0.0,0.011968374252319336,0.0009970664978027344,
0.009973764419555664,0.018948078155517578,0.0,0.009973287582397461,0.0009968280792236328,0.010997295379638672,0.0009706020355224609,
0.00897669792175293,0.01296544075012207,0.000997781753540039,0.009971857070922852,0.0,0.011967182159423828,0.0,
0.006982326507568359,0.010969400405883789,0.0,0.011970281600952148,0.0,0.010967016220092773,0.000997304916381836,
0.006982088088989258,0.011966228485107422,0.0,0.010970592498779297,0.0,0.011967182159423828,0.0,
0.0069806575775146484,0.011970043182373047,0.0009963512420654297,0.011968135833740234,0.0,0.01096963882446289,0.0,
0.006982088088989258,0.013960838317871094,0.0,0.012966156005859375,0.0,0.010970830917358398,0.0009958744049072266,
0.00698089599609375,0.011966943740844727,0.0009982585906982422,0.009973526000976562,0.000997304916381836,0.010970354080200195,0.0009980201721191406,
0.006979703903198242,0.009973287582397461,0.0009975433349609375,0.010968446731567383,0.0,0.010971546173095703,0.000997304916381836,
0.006979703903198242,0.010972261428833008,0.0009963512420654297,0.010969400405883789,0.0,0.011996984481811523,0.0,
0.006980180740356445,0.011968851089477539,0.0,0.010970115661621094,0.0,0.011967658996582031,0.0,
0.006980419158935547,0.009999752044677734,0.0,0.010973215103149414,0.0,0.010941267013549805,0.0009963512420654297,
0.00700831413269043,0.010972261428833008,0.0,0.010968685150146484,0.0009677410125732422,0.010970592498779297,0.0,
0.0069806575775146484,0.010003328323364258,0.0009677410125732422,0.009972095489501953,0.0,0.010970115661621094,0.0,
0.0069811344146728516,0.010972023010253906,0.0009968280792236328,0.01096963882446289,0.0,0.010002374649047852,0.0009698867797851562,
0.006011009216308594,0.010974884033203125,0.0,0.010967016220092773,0.0,0.010941743850708008,0.0,
0.007012605667114258,0.01097559928894043,0.0,0.01093292236328125,0.0,0.0109710693359375,0.0,
0.006975412368774414,0.010971307754516602,0.0,0.009248018264770508,0.0009717941284179688,0.009974241256713867,0.0010004043579101562,
0.006978034973144531,0.01000213623046875,0.0,0.009945392608642578,0.0009970664978027344,0.010001659393310547,0.0,
0.007978677749633789,0.011992454528808594,0.0,0.009971380233764648,0.0009737014770507812,0.009972810745239258,0.0,
0.006008148193359375,0.010943889617919922,0.0,0.010970354080200195,0.0,0.01044774055480957,0.0,
0.006980180740356445,0.010971546173095703,0.000997304916381836,0.010009765625,0.0,0.00996708869934082,0.0009949207305908203,
0.0070073604583740234,0.010941028594970703,0.0,0.010631799697875977,0.0,0.010002851486206055,0.0009672641754150391,
0.006981372833251953,0.010969400405883789,0.0,0.011989593505859375,0.0,0.011050224304199219,0.0,
0.005984783172607422,0.011967897415161133,0.0,0.009972810745239258,0.0009970664978027344,0.010969400405883789,0.0,
0.007978439331054688,0.010002851486206055,0.0,0.010940074920654297,0.0009982585906982422,0.0109710693359375,0.0010004043579101562,
0.007977008819580078,0.009976387023925781,0.000993967056274414,0.009972810745239258,0.0,0.010970354080200195,0.000997304916381836,
0.006979227066040039,0.009972810745239258,0.000997304916381836,0.010002613067626953,0.0009696483612060547,0.010000228881835938,0.0009937286376953125,
0.006983041763305664,0.011286020278930664,0.0,0.01000523567199707,0.0,0.010969400405883789,0.0009698867797851562,
0.012965917587280273,0.012992382049560547,0.0,0.010971784591674805,0.0,0.01096796989440918,0.0,
0.006979227066040039,0.01100015640258789,0.0009698867797851562,0.010000228881835938,0.0,0.01096796989440918,0.0,
0.0060122013092041016,0.011938095092773438,0.0,0.010002374649047852,0.0009679794311523438,0.010001897811889648,0.0009684562683105469,
0.006010770797729492,0.013931751251220703,0.0,0.00997304916381836,0.0,0.01100015640258789,0.000997781753540039,
0.0069370269775390625,0.010998249053955078,0.0,0.010967016220092773,0.0,0.010978221893310547,0.0,
0.006979227066040039,0.009997129440307617,0.0,0.010981559753417969,0.0,0.010960817337036133,0.0009725093841552734,
0.006011962890625,0.010970830917358398,0.0009677410125732422,0.010999202728271484,0.0,0.010941028594970703,0.0,
0.006982088088989258,0.010970830917358398,0.0,0.010997533798217773,0.0,0.011940717697143555,0.0,
0.008974790573120117,0.010969400405883789,0.0,0.011968374252319336,0.0,0.010970592498779297,0.0009970664978027344,
0.00997161865234375,0.011000871658325195,0.0,0.010963916778564453,0.0,0.010946989059448242,0.0009982585906982422,
0.00997161865234375,0.01096963882446289,0.0,0.010970115661621094,0.0,0.010970592498779297,0.0,
0.007978439331054688,0.010999679565429688,0.0,0.0109710693359375,0.0,0.010970115661621094,0.0009677410125732422,
0.007976770401000977,0.010970830917358398,0.0,0.01296544075012207,0.0,0.010994195938110352,0.0009737014770507812,
0.01000070571899414,0.011967897415161133,0.0009684562683105469,0.009981632232666016,0.0,0.010990619659423828,0.0,
0.006981372833251953,0.010970592498779297,0.0,0.010970115661621094,0.0,0.010970354080200195,0.0,
0.006979703903198242,0.011002779006958008,0.0,0.009974241256713867,0.0009648799896240234,0.010971307754516602,0.000995635986328125,
0.006981849670410156,0.014958381652832031,0.0,0.013962507247924805,0.0,0.013988256454467773,0.000972747802734375,
0.006981849670410156,0.011967897415161133,0.0,0.0110015869140625,0.0,0.009975910186767578,0.0009624958038330078,
0.006979703903198242,0.011968135833740234,0.0,0.01099848747253418,0.0,0.010974645614624023,0.0009670257568359375,
0.006981849670410156,0.011994600296020508,0.0,0.011939525604248047,0.0,0.010998249053955078,0.0,
0.0,0.011995792388916016,0.0,0.009973287582397461,0.0,0.009967565536499023,0.0009739398956298828,
0.0,0.011968135833740234,0.0,0.010970830917358398,0.0,0.009971380233764648,0.000997781753540039,
0.0,0.01096963882446289,0.0009975433349609375,0.009971857070922852,0.0,0.011968135833740234,0.0,
0.0,0.010969400405883789,0.0,0.01100921630859375,0.0,0.010966300964355469,0.0009632110595703125,
0.0009963512420654297,0.010970354080200195,0.0,0.010003805160522461,0.0,0.011962413787841797,0.0,
0.0010025501251220703,0.010994434356689453,0.0,0.011938095092773438,0.0,0.010971784591674805,0.0,
0.0,0.010999917984008789,0.0,0.009976387023925781,0.0,0.009968280792236328,0.00096893310546875,
0.0009963512420654297,0.010999679565429688,0.0,0.009971857070922852,0.0,0.010942459106445312,0.0010142326354980469,
0.0,0.009973526000976562,0.0009968280792236328,0.009005308151245117,0.0,0.010941505432128906,0.000997781753540039,
0.0,0.010001420974731445,0.0009684562683105469,0.010002374649047852,0.0,0.010972023010253906,0.0,
0.000995635986328125,0.013990640640258789,0.0,0.011939048767089844,0.0,0.010001659393310547,0.0009708404541015625,
0.0,0.01099848747253418,0.0,0.00997304916381836,0.0,0.009974956512451172,0.0009667873382568359,
0.0,0.0120086669921875,0.0,0.01097249984741211,0.0,0.009973287582397461,0.0,
0.0009908676147460938,0.01795196533203125,0.0,0.011936187744140625,0.0,0.010006904602050781,0.0,
0.0,0.010999441146850586,0.0,0.010975122451782227,0.0,0.010935306549072266,0.0,
0.0,0.010970115661621094,0.0,0.012965917587280273,0.0,0.011007308959960938,0.0009596347808837891,
0.0,0.011039495468139648,0.0,0.01000523567199707,0.0,0.010960102081298828,0.0,
0.0009958744049072266,0.01100015640258789,0.0,0.009972572326660156,0.0,0.010970592498779297,0.0009672641754150391,
0.0,0.010999202728271484,0.0,0.010973215103149414,0.0,0.010968208312988281,0.0,
0.0,0.010001420974731445,0.0009686946868896484,0.01000213623046875,0.0,0.00994420051574707,0.0,
0.0009946823120117188,0.010969877243041992,0.0,0.01000356674194336,0.0,0.013931989669799805,0.0,
0.000997304916381836,0.012000799179077148,0.0,0.010970830917358398,0.0,0.01096653938293457,0.0,
0.0009953975677490234,0.01000213623046875,0.0,0.010970592498779297,0.0,0.010973215103149414,0.0009644031524658203,
0.0,0.010000467300415039,0.0009686946868896484,0.010001897811889648,0.0,0.010943174362182617,0.0,
0.0,0.010999679565429688,0.0,0.010974407196044922,0.0,0.010937213897705078,0.0,
0.0,0.010998010635375977,0.0009684562683105469,0.010001182556152344,0.0,0.010972261428833008,0.0009670257568359375,
0.0009953975677490234,0.010003328323364258,0.0,0.010965347290039062,0.0,0.010965585708618164,0.0,
0.0,0.011001825332641602,0.0,0.009971380233764648,0.0,0.010985612869262695,0.0009553432464599609,
0.0009975433349609375,0.010995626449584961,0.0,0.009949922561645508,0.0,0.010968685150146484,0.0,
0.0009970664978027344,0.0109710693359375,0.000997304916381836,0.009972095489501953,0.000997304916381836,0.009973526000976562,0.0010080337524414062,
0.0,0.011968135833740234,0.0,0.010969877243041992,0.0,0.010970115661621094,0.0,
0.0,0.011981725692749023,0.0,0.009957551956176758,0.0009987354278564453,0.010968923568725586,0.0,
0.0009984970092773438,0.01096963882446289,0.0,0.009972810745239258,0.0,0.011968612670898438,0.0,
0.0,0.010972261428833008,0.0,0.010936737060546875,0.0,0.010999917984008789,0.0,
0.0,0.011003494262695312,0.0,0.010961771011352539,0.0,0.010946512222290039,0.0,
0.0,0.011966705322265625,0.0,0.00999760627746582,0.0009725093841552734,0.009997844696044922,0.0009715557098388672,
0.0009989738464355469,0.010970592498779297,0.0,0.00999903678894043,0.0009684562683105469,0.010971546173095703,0.0,
0.0009958744049072266,0.010971546173095703,0.0,0.010999679565429688,0.0,0.0109405517578125,0.0,
0.000995635986328125,0.009974479675292969,0.000997781753540039,0.009972095489501953,0.0,0.010996580123901367,0.0,
0.0,0.010999917984008789,0.0,0.010973930358886719,0.0,0.010961532592773438,0.0009970664978027344,
0.0,0.011995792388916016,0.0,0.010942220687866211,0.0,0.0109710693359375,0.0,
0.0,0.010969877243041992,0.0,0.009972810745239258,0.0,0.010999679565429688,0.0,
0.0,0.010989904403686523,0.0,0.011950016021728516,0.0,0.010997533798217773,0.0009694099426269531,
0.0009968280792236328,0.010002374649047852,0.0,0.010970115661621094,0.0,0.010976076126098633,0.0,
0.0,0.010998249053955078,0.0,0.010966062545776367,0.0,0.010974645614624023,0.0,
0.0,0.011002540588378906,0.0,0.01096487045288086,0.0,0.010973453521728516,0.0,
0.0,0.010002374649047852,0.0,0.010970115661621094,0.0,0.010940790176391602,0.0,
0.0,0.010995626449584961,0.0,0.010972738265991211,0.00096893310546875,0.010969877243041992,0.0,
0.000997781753540039,0.010987281799316406,0.0,0.010979413986206055,0.0,0.010943174362182617,0.0,
0.0009968280792236328,0.010970830917358398,0.0,0.010001420974731445,0.0,0.0109710693359375,0.0009970664978027344,
0.0,0.010996580123901367,0.0,0.009972810745239258,0.0,0.010974407196044922,0.0,
0.0,0.010798454284667969,0.0,0.01094198226928711,0.0,0.011002779006958008,0.0,
0.0,0.010970115661621094,0.0,0.010968685150146484,0.0,0.010972261428833008,0.0,
0.0,0.01196742057800293,0.0,0.01000213623046875,0.0009670257568359375,0.009999990463256836,0.0,
0.0,0.010901451110839844,0.0,0.010004758834838867,0.0009679794311523438,0.010970354080200195,0.0,
0.0,0.010979890823364258,0.0,0.010970354080200195,0.0,0.010941028594970703,0.0,
0.0009980201721191406,0.009973526000976562,0.0,0.010969877243041992,0.0,0.009972333908081055,0.0,
0.0009980201721191406,0.016984224319458008,0.0,0.011949300765991211,0.0,0.009988546371459961,0.0009694099426269531,
0.0009953975677490234,0.010002613067626953,0.0009682178497314453,0.010970354080200195,0.0,0.010566949844360352,0.0,
0.0,0.010969161987304688,0.0,0.009009122848510742,0.0009639263153076172,0.013961553573608398,0.0009989738464355469,
0.0,0.012989282608032227,0.0,0.01097559928894043,0.0,0.010940313339233398,0.0,
0.0009963512420654297,0.010995626449584961,0.0,0.009973526000976562,0.0,0.010973930358886719,0.0009682178497314453,
0.0,0.01096963882446289,0.0,0.010001897811889648,0.0,0.010965108871459961,0.0009992122650146484,
0.0,0.010967731475830078,0.0,0.01196742057800293,0.0,0.011253595352172852,0.0,
0.0,0.010970115661621094,0.0,0.011967182159423828,0.0,0.010015249252319336,0.0,
0.0009958744049072266,0.011001110076904297,0.0,0.010968208312988281,0.0,0.010941028594970703,0.0009975433349609375,
0.0009970664978027344,0.010969400405883789,0.0,0.010991811752319336,0.0,0.01097416877746582,0.0009725093841552734,
0.0,0.010970354080200195,0.0,0.010970115661621094,0.0,0.011968851089477539,0.0,
0.0,0.012964963912963867,0.0009987354278564453,0.010968923568725586,0.0,0.011000633239746094,0.0,
0.0,0.011005163192749023,0.0009622573852539062,0.010969161987304688,0.0,0.011968612670898438,0.0,
0.0009968280792236328,0.009993553161621094,0.000997781753540039,0.009952783584594727,0.0009975433349609375,0.01000213623046875,0.0009965896606445312,
0.0,0.01100468635559082,0.0,0.009967803955078125,0.0009679794311523438,0.010970354080200195,0.0,
0.0009982585906982422,0.0169525146484375,0.0,0.010998725891113281,0.0,0.00997018814086914,0.0009713172912597656,
0.0,0.010980367660522461,0.0,0.00996541976928711,0.0,0.011001110076904297,0.0009658336639404297,
0.0,0.010999917984008789,0.0,0.009972810745239258,0.0,0.0109710693359375,0.0,
0.0,0.01097249984741211,0.0,0.010734319686889648,0.0,0.009975194931030273,0.0009641647338867188,
0.0,0.010997295379638672,0.0009665489196777344,0.009004592895507812,0.0,0.009955406188964844,0.000986337661743164,
0.0,0.016976356506347656,0.0,0.01197361946105957,0.0,0.010984420776367188,0.0,
0.0010139942169189453,0.010955810546875,0.0,0.010995149612426758,0.0,0.010945558547973633,0.0,
0.0009984970092773438,0.01199197769165039,0.0,0.010958433151245117,0.0,0.009984016418457031,0.0009732246398925781,
0.0009965896606445312,0.01000666618347168,0.0,0.010969877243041992,0.0,0.010970592498779297,0.000997304916381836,
0.0009970664978027344,0.010970592498779297,0.0,0.010001897811889648,0.0,0.010970115661621094,0.0009694099426269531,
0.0,0.01794910430908203,0.0,0.010836362838745117,0.0009710788726806641,0.01000523567199707,0.000965118408203125,
0.0,0.010966777801513672,0.0,0.010970830917358398,0.0,0.011995315551757812,0.00096893310546875,
0.0,0.01098322868347168,0.0,0.009975194931030273,0.0009665489196777344,0.009999752044677734,0.0009722709655761719,
0.0,0.010997533798217773,0.0,0.010942220687866211,0.0,0.01000213623046875,0.0,
0.0009970664978027344,0.010307550430297852,0.0,0.010970354080200195,0.0,0.010001897811889648,0.0,
0.0009968280792236328,0.010971307754516602,0.0,0.010001659393310547,0.0,0.010970354080200195,0.0,
0.0,0.011006355285644531,0.0,0.01096487045288086,0.0,0.011939048767089844,0.0,
0.0009963512420654297,0.012964963912963867,0.0,0.009015321731567383,0.000957489013671875,0.010008811950683594,0.0009615421295166016,
0.0,0.011105775833129883,0.0,0.009975433349609375,0.0009653568267822266,0.009687662124633789,0.0,
0.0,0.011966466903686523,0.0,0.01096963882446289,0.0,0.010003328323364258,0.0009686946868896484,
0.0009999275207519531,0.010002374649047852,0.0,0.010969877243041992,0.0,0.010970830917358398,0.0,
0.0,0.010995149612426758,0.000972747802734375,0.008999824523925781,0.0009734630584716797,0.010999441146850586,0.0,
0.0,0.010996580123901367,0.0,0.01096796989440918,0.0,0.010945796966552734,0.0,
0.0,0.010971784591674805,0.0,0.009999752044677734,0.0009703636169433594,0.009996891021728516,0.0010025501251220703,
0.0,0.01098942756652832,0.0,0.010977745056152344,0.0,0.010981082916259766,0.0,
0.0,0.011031627655029297,0.0009684562683105469,0.010001659393310547,0.0,0.010970830917358398,0.0,
0.0,0.011007308959960938,0.0,0.010396957397460938,0.0,0.010940790176391602,0.0,
0.0,0.010991811752319336,0.0,0.009979963302612305,0.0009679794311523438,0.010970115661621094,0.0,
0.0,0.016966581344604492,0.0,0.011162996292114258,0.0009672641754150391,0.009004354476928711,0.0009987354278564453,
0.0,0.01100301742553711,0.0,0.010965824127197266,0.0,0.010940790176391602,0.0,
0.0,0.016950368881225586,0.0,0.010995149612426758,0.0,0.010988712310791016,0.0,
0.0,0.010522127151489258,0.0,0.010940313339233398,0.0,0.010970830917358398,0.0,
0.000997304916381836,0.01096963882446289,0.0,0.0109710693359375,0.0,0.010168075561523438,0.0009975433349609375,
0.0,0.010939359664916992,0.0,0.01000213623046875,0.0,0.010941505432128906,0.0,
0.0,0.010007381439208984,0.0,0.010933637619018555,0.0,0.010001897811889648,0.0009684562683105469,
0.0010008811950683594,0.010001420974731445,0.0009675025939941406,0.00991368293762207,0.0,0.010941267013549805,0.0,
0.0,0.011018037796020508,0.0,0.01000523567199707,0.0,0.010966777801513672,0.0,
0.0,0.010993242263793945,0.0,0.010976076126098633,0.0,0.010942697525024414,0.0,
0.0,0.011032342910766602,0.0,0.010939598083496094,0.0,0.010001897811889648,0.0009937286376953125,
0.0,0.01797962188720703,0.0,0.011937618255615234,0.0,0.010001897811889648,0.0009996891021728516,
0.0,0.011000633239746094,0.0,0.00997304916381836,0.0009670257568359375,0.009972333908081055,0.000997781753540039,
0.0009968280792236328,0.0109710693359375,0.0,0.009972810745239258,0.0,0.010031461715698242,0.0,
0.0,0.011997461318969727,0.0,0.010965585708618164,0.0,0.010970592498779297,0.000982522964477539,
0.0,0.011000394821166992,0.0,0.010970592498779297,0.0,0.010957956314086914,0.0,
0.0,0.010998725891113281,0.0,0.010941743850708008,0.0,0.010981321334838867,0.0,
0.0,0.010997772216796875,0.0,0.009973764419555664,0.0,0.00997471809387207,0.0009660720825195312,
0.0,0.010872602462768555,0.0,0.01153564453125,0.0,0.01017141342163086,0.0009682178497314453,
0.0,0.01100015640258789,0.0,0.010941743850708008,0.0,0.010969400405883789,0.0,
0.0,0.010999917984008789,0.0,0.010970592498779297,0.0,0.010940313339233398,0.0,
0.0,0.0169827938079834,0.0,0.011938810348510742,0.0,0.010486602783203125,0.0009686946868896484,
0.0009984970092773438,0.01096796989440918,0.0,0.009973764419555664,0.0009975433349609375,0.010970830917358398,0.0,
0.0,0.010998725891113281,0.0,0.009943962097167969,0.0009968280792236328,0.010003089904785156,0.0009677410125732422,
0.0,0.010998964309692383,0.0,0.010970115661621094,0.0,0.01195383071899414,0.0009815692901611328,
0.0,0.010997533798217773,0.0,0.009981870651245117,0.0,0.010933637619018555,0.0,
0.0010008811950683594,0.014984130859375,0.0009672641754150391,0.010970354080200195,0.0,0.010001420974731445,0.0009684562683105469,
0.0,0.010994434356689453,0.0,0.010976552963256836,0.0,0.009968996047973633,0.00096893310546875,
0.0009987354278564453,0.010002613067626953,0.0,0.010939598083496094,0.0,0.01000070571899414,0.0009677410125732422,
0.0,0.011000633239746094,0.0,0.010967493057250977,0.0,0.010954141616821289,0.0009846687316894531,
0.0,0.010966062545776367,0.0,0.009977579116821289,0.0,0.009997129440307617,0.0,
0.0,0.010968685150146484,0.0,0.010002374649047852,0.0,0.010973215103149414,0.0,
0.0,0.011001825332641602,0.0,0.009973287582397461,0.0009677410125732422,0.009974956512451172,0.0,
0.0,0.010999679565429688,0.0,0.01096796989440918,0.0,0.009975433349609375,0.0009682178497314453,
0.0009968280792236328,0.01001119613647461,0.0009589195251464844,0.010006189346313477,0.0,0.010937929153442383,0.0009984970092773438,
0.0009953975677490234,0.017951011657714844,0.0,0.010970592498779297,0.0,0.009972095489501953,0.0,
0.0,0.010970354080200195,0.0,0.010908126831054688,0.0,0.010971784591674805,0.0,
0.0009953975677490234,0.016984224319458008,0.0,0.010966777801513672,0.0,0.010942459106445312,0.0,
0.0,0.010971546173095703,0.0,0.01000523567199707,0.0,0.010968208312988281,0.0,
0.001001119613647461,0.010096311569213867,0.0,0.010970592498779297,0.0009682178497314453,0.010001659393310547,0.0,
0.0,0.011991262435913086,0.0,0.009972333908081055,0.0009682178497314453,0.010002374649047852,0.0,
0.0009958744049072266,0.010004997253417969,0.0,0.01093912124633789,0.0,0.010969161987304688,0.0,
0.0,0.010970115661621094,0.0,0.010999202728271484,0.0,0.0109710693359375,0.0,
0.0,0.010992050170898438,0.0,0.010307550430297852,0.0,0.010967731475830078,0.0,
0.0,0.010765790939331055,0.0,0.010939836502075195,0.0,0.009965658187866211,0.0,
0.0,0.009999990463256836,0.0009701251983642578,0.010002613067626953,0.0,0.010946512222290039,0.0009922981262207031,
0.0,0.010998725891113281,0.0,0.009974479675292969,0.0,0.010969877243041992,0.0,
0.0,0.009972095489501953,0.000997781753540039,0.0101318359375,0.0,0.010934114456176758,0.0,
0.0,0.010998010635375977,0.0,0.010950326919555664,0.0,0.00999307632446289,0.0009953975677490234,
0.0,0.009999752044677734,0.0009684562683105469,0.009974479675292969,0.0009961128234863281,0.010001420974731445,0.0009686946868896484,
0.0,0.01100921630859375,0.0,0.009963274002075195,0.0009672641754150391,0.010972261428833008,0.0,
