capture_2020_04_17_11_39_49_7213.jpg,0.503424,0.6799668,0.48249823,0.72129273,0.52795523,0.7218595,0.100749254,
capture_2020_04_17_11_39_49_7214.jpg,0.5034991,0.6805664,0.48262185,0.72183764,0.5281503,0.7219905,0.10067606,
capture_2020_04_17_11_39_49_7215.jpg,0.5036458,0.6804836,0.4828828,0.72183096,0.5283482,0.72193336,0.10036594,
capture_2020_04_17_11_39_49_7216.jpg,0.5039927,0.6796141,0.48338723,0.72110045,0.52869606,0.7216003,0.09998581,
capture_2020_04_17_11_39_49_7217.jpg,0.504061,0.67963195,0.48354444,0.72104925,0.5288407,0.72149116,0.10014722,
capture_2020_04_17_11_39_49_7218.jpg,0.50462484,0.68001735,0.48448133,0.72150314,0.52967787,0.7213352,0.099500805,
capture_2020_04_17_11_39_49_7219.jpg,0.5045162,0.6798106,0.48444617,0.7212744,0.5295171,0.7212485,0.09937537,
capture_2020_04_17_11_39_49_7220.jpg,0.50444674,0.67955464,0.48448592,0.72098505,0.52948564,0.7211148,0.09937039,
capture_2020_04_17_11_39_49_7221.jpg,0.5063244,0.6806575,0.48626965,0.7214349,0.53144884,0.7210254,0.099503964,
capture_2020_04_17_11_39_49_7222.jpg,0.5070628,0.68263817,0.48681268,0.72281915,0.53198737,0.72164613,0.09896329,
capture_2020_04_17_11_39_49_7223.jpg,0.5131865,0.6819513,0.4935367,0.7213896,0.5383568,0.72110254,0.09724429,
capture_2020_04_17_11_39_49_7224.jpg,0.5161674,0.682982,0.49654725,0.7215329,0.54143226,0.72148484,0.09695375,
capture_2020_04_17_11_39_49_7225.jpg,0.5234141,0.682869,0.50427127,0.72046375,0.5492491,0.7212539,0.09632039,
capture_2020_04_17_11_39_49_7226.jpg,0.5319384,0.68611234,0.5135483,0.7217022,0.55781096,0.72342044,0.09403294,
capture_2020_04_17_11_39_49_7227.jpg,0.55332184,0.68692017,0.5359117,0.7184401,0.5787593,0.72451615,0.09180355,
capture_2020_04_17_11_39_49_7228.jpg,0.55888104,0.6857774,0.54147714,0.71721613,0.5846609,0.7233459,0.09207842,
capture_2020_04_17_11_39_49_7229.jpg,0.5741863,0.688121,0.55649775,0.71817327,0.59847736,0.72325516,0.089743435,
capture_2020_04_17_11_39_49_7230.jpg,0.57649624,0.68873566,0.55885327,0.7185222,0.6005399,0.72345746,0.08909857,
capture_2020_04_17_11_39_49_7231.jpg,0.5767988,0.6894095,0.5591033,0.71912897,0.6007735,0.72380435,0.08908093,
capture_2020_04_17_11_39_49_7232.jpg,0.57574844,0.69059324,0.5581534,0.7202916,0.5995703,0.72458804,0.0882819,
capture_2020_04_17_11_39_49_7233.jpg,0.5757055,0.69040865,0.5581822,0.720183,0.5992642,0.72455955,0.087376,
capture_2020_04_17_11_39_49_7234.jpg,0.5762906,0.69169307,0.5588957,0.72138673,0.599499,0.7254719,0.08581725,
capture_2020_04_17_11_39_49_7235.jpg,0.57575697,0.6952609,0.5583246,0.7249374,0.5982486,0.728088,0.08282921,
capture_2020_04_17_11_39_49_7236.jpg,0.5717449,0.6997431,0.5544074,0.72927475,0.5939402,0.7312283,0.0806908,
capture_2020_04_17_11_39_49_7237.jpg,0.563003,0.70726514,0.5458432,0.7362529,0.5845352,0.73649365,0.077216804,
capture_2020_04_17_11_39_49_7238.jpg,0.5532932,0.7143822,0.5360073,0.7422656,0.57358074,0.74140835,0.07428041,
capture_2020_04_17_11_39_49_7239.jpg,0.55023235,0.71538424,0.53272265,0.74345684,0.5705756,0.7418192,0.0748007,
capture_2020_04_17_11_39_49_7240.jpg,0.53940773,0.72036725,0.52191746,0.7490547,0.55967665,0.7443554,0.07478267,
capture_2020_04_17_11_39_49_7241.jpg,0.53604484,0.7190075,0.5184593,0.74865484,0.5564569,0.74346435,0.075321764,
capture_2020_04_17_11_39_49_7242.jpg,0.5268916,0.71173763,0.5089848,0.7444257,0.5482,0.73896575,0.07865697,
capture_2020_04_17_11_39_49_7243.jpg,0.525186,0.7069583,0.50697136,0.7411287,0.54712564,0.7360344,0.080990374,
capture_2020_04_17_11_39_49_7244.jpg,0.52342165,0.7033265,0.50490755,0.7385947,0.54583097,0.7337783,0.08312869,
capture_2020_04_17_11_39_49_7245.jpg,0.52315754,0.70321894,0.5046605,0.7385181,0.5455716,0.7337202,0.083242446,
capture_2020_04_17_11_39_49_7246.jpg,0.52366656,0.7054936,0.50527966,0.74014777,0.5457719,0.73506415,0.08223733,
capture_2020_04_17_11_39_49_7247.jpg,0.5268308,0.7105616,0.5086926,0.74315727,0.54849863,0.7380967,0.0802173,
capture_2020_04_17_11_39_49_7248.jpg,0.5291237,0.71471626,0.51111424,0.7461939,0.55077153,0.740566,0.0794141,
capture_2020_04_17_11_39_49_7249.jpg,0.5382798,0.7180176,0.5206005,0.7475437,0.5594103,0.74288017,0.077388465,
capture_2020_04_17_11_39_49_7250.jpg,0.54387,0.7176304,0.52633643,0.7463454,0.56486124,0.74290663,0.07654989,
capture_2020_04_17_11_39_49_7251.jpg,0.5534503,0.713572,0.5361463,0.74165434,0.57485414,0.7408446,0.07687393,
capture_2020_04_17_11_39_49_7252.jpg,0.5565724,0.71197796,0.53941876,0.7399157,0.57821155,0.74005854,0.077103704,
capture_2020_04_17_11_39_49_7253.jpg,0.55915344,0.7109679,0.5420286,0.7389617,0.5809275,0.7394093,0.077340215,
capture_2020_04_17_11_39_49_7254.jpg,0.5626884,0.7088826,0.545618,0.7372061,0.5848923,0.7381524,0.07827571,
capture_2020_04_17_11_39_49_7255.jpg,0.5600122,0.71056414,0.54300624,0.7388052,0.5823988,0.73945725,0.0782502,
capture_2020_04_17_11_39_49_7256.jpg,0.5563639,0.71305233,0.5394086,0.74154514,0.5788642,0.7410337,0.0781627,
capture_2020_04_17_11_39_49_7257.jpg,0.5538754,0.7136493,0.53679574,0.7425523,0.57652044,0.7412663,0.07874358,
capture_2020_04_17_11_39_49_7258.jpg,0.55419064,0.7117896,0.53704435,0.74089587,0.577164,0.7401206,0.079802126,
capture_2020_04_17_11_39_49_7259.jpg,0.55453175,0.7087308,0.53729343,0.7382928,0.5779184,0.7382729,0.0810478,
capture_2020_04_17_11_39_49_7260.jpg,0.5564916,0.70786166,0.53922606,0.7372209,0.57990277,0.73783857,0.081080645,
capture_2020_04_17_11_39_49_7261.jpg,0.5586067,0.70611113,0.54131293,0.7352229,0.58204204,0.73680544,0.08138707,
capture_2020_04_17_11_39_49_7262.jpg,0.5685527,0.70005924,0.5511241,0.72963065,0.59196156,0.73257804,0.082276285,
capture_2020_04_17_11_39_49_7263.jpg,0.57160443,0.6937573,0.55406946,0.7237139,0.59557754,0.72831607,0.08518058,
capture_2020_04_17_11_39_49_7264.jpg,0.5697385,0.68933076,0.5523539,0.71956277,0.5944465,0.72538686,0.08794016,
capture_2020_04_17_11_39_49_7265.jpg,0.57185316,0.68770075,0.5543953,0.71789527,0.59665185,0.7241107,0.08874914,
capture_2020_04_17_11_39_49_7266.jpg,0.5730482,0.68659145,0.5555446,0.7167647,0.597921,0.7232294,0.08942911,
capture_2020_04_17_11_39_49_7267.jpg,0.5799559,0.68337023,0.5623485,0.7132995,0.60459983,0.7205068,0.089656204,
capture_2020_04_17_11_39_49_7268.jpg,0.5854132,0.68198955,0.5675358,0.7116237,0.6099112,0.718935,0.09053841,
capture_2020_04_17_11_39_49_7269.jpg,0.5921807,0.6813623,0.57398146,0.7106004,0.6163565,0.71780664,0.09091082,
capture_2020_04_17_11_39_49_7270.jpg,0.59761363,0.6813538,0.57889163,0.7101124,0.6213323,0.71723115,0.0914526,
capture_2020_04_17_11_39_49_7271.jpg,0.6038453,0.68116474,0.58464277,0.70937884,0.62696075,0.71659696,0.09136042,
capture_2020_04_17_11_39_49_7272.jpg,0.60772693,0.6812757,0.58812916,0.70910907,0.63060904,0.71602577,0.093006134,
capture_2020_04_17_11_39_49_7273.jpg,0.6120366,0.6808803,0.5920561,0.70832646,0.63464653,0.7153759,0.09403235,
capture_2020_04_17_11_39_49_7274.jpg,0.62248707,0.679469,0.6014595,0.7060141,0.64470947,0.71386003,0.09682906,
capture_2020_04_17_11_39_49_7275.jpg,0.624785,0.67770773,0.6034043,0.7038006,0.64691466,0.7124139,0.09880206,
capture_2020_04_17_11_39_49_7276.jpg,0.6237947,0.6739507,0.60176325,0.69979656,0.6463847,0.7094974,0.10418761,
capture_2020_04_17_11_39_49_7277.jpg,0.6193344,0.671174,0.59697974,0.6970565,0.6426469,0.7073804,0.1088838,
capture_2020_04_17_11_39_49_7278.jpg,0.6169348,0.66921794,0.59429127,0.6948784,0.6407236,0.705768,0.1128698,
capture_2020_04_17_11_39_49_7279.jpg,0.61370033,0.66813284,0.59093904,0.69372034,0.63791823,0.70490485,0.11551651,
capture_2020_04_17_11_39_49_7280.jpg,0.5988725,0.66247755,0.57566506,0.68842053,0.62586987,0.700623,0.13076696,
capture_2020_04_17_11_39_49_7281.jpg,0.5958826,0.6611763,0.5723011,0.6870535,0.6238221,0.6994087,0.13785174,
capture_2020_04_17_11_39_49_7282.jpg,0.597347,0.65855384,0.571374,0.68386924,0.62772775,0.6955149,0.16750956,
capture_2020_04_17_11_39_49_7283.jpg,0.5942409,0.65731645,0.56702924,0.68302786,0.6253228,0.6941756,0.17996716,
capture_2020_04_17_11_39_49_7284.jpg,0.5915831,0.65689397,0.56401527,0.6829596,0.6230353,0.69385743,0.18464568,
capture_2020_04_17_11_39_49_7285.jpg,0.58278465,0.6533828,0.5550482,0.6810524,0.6148779,0.692526,0.18861401,
capture_2020_04_17_11_39_49_7286.jpg,0.5771844,0.6539596,0.5504231,0.6828012,0.6095056,0.69427395,0.18277436,
capture_2020_04_17_11_39_49_7287.jpg,0.57333535,0.65361696,0.54713726,0.68353546,0.6058772,0.69514805,0.18037164,
capture_2020_04_17_11_39_49_7288.jpg,0.5631765,0.65029514,0.5368303,0.6826725,0.5955053,0.6953386,0.18020388,
capture_2020_04_17_11_39_49_7289.jpg,0.5618491,0.6476983,0.52715087,0.67704326,0.5930513,0.6922398,0.1920256,
capture_2020_04_17_11_39_49_7290.jpg,0.56480837,0.6377342,0.511565,0.65909517,0.5964394,0.68330663,0.2183967,
capture_2020_04_17_11_39_49_7291.jpg,0.5637771,0.63508004,0.5099656,0.65607566,0.59624803,0.68083495,0.2221995,
capture_2020_04_17_11_39_49_7292.jpg,0.5622978,0.6205058,0.50612885,0.63689053,0.6012222,0.6664943,0.24739021,
capture_2020_04_17_11_39_49_7293.jpg,0.5607485,0.6182281,0.5040002,0.6359033,0.5987671,0.6664724,0.24353978,
capture_2020_04_17_11_39_49_7294.jpg,0.5620703,0.6191957,0.5062978,0.6384197,0.59835756,0.6691922,0.23433548,
capture_2020_04_17_11_39_49_7295.jpg,0.56475705,0.62496537,0.5109317,0.6465232,0.5987468,0.6764021,0.22122985,
capture_2020_04_17_11_39_49_7296.jpg,0.5680469,0.625713,0.517408,0.6537155,0.596659,0.68095046,0.19390148,
capture_2020_04_17_11_39_49_7297.jpg,0.57205945,0.6133342,0.51792717,0.6425868,0.60035884,0.66757923,0.1959154,
capture_2020_04_17_11_39_49_7298.jpg,0.58057123,0.59249794,0.52332777,0.62149864,0.6102105,0.64436096,0.20462632,
capture_2020_04_17_11_39_49_7299.jpg,0.59033394,0.545952,0.52678174,0.5722991,0.6256787,0.5926169,0.2333231,
capture_2020_04_17_11_39_49_7300.jpg,0.5849497,0.56844056,0.5232269,0.5960225,0.61906445,0.6168511,0.22445986,
capture_2020_04_17_11_39_49_7301.jpg,0.587345,0.54696465,0.5225117,0.571658,0.62617505,0.59150386,0.24403718,
capture_2020_04_17_11_39_49_7302.jpg,0.5874476,0.5356496,0.5207185,0.5558043,0.6297012,0.57945925,0.25355864,
capture_2020_04_17_11_39_49_7303.jpg,0.5935075,0.4956955,0.5164801,0.5017086,0.6458076,0.528208,0.29537535,
capture_2020_04_17_11_39_49_7304.jpg,0.6046937,0.46377134,0.5139147,0.4485661,0.6733694,0.47797143,0.3700222,
capture_2020_04_17_11_39_49_7305.jpg,0.6112188,0.43294665,0.51228976,0.4075516,0.6860873,0.43795085,0.40982804,
capture_2020_04_17_11_39_49_7306.jpg,0.6151061,0.4312359,0.51140565,0.39719015,0.6958799,0.43140945,0.43892634,
capture_2020_04_17_11_39_49_7307.jpg,0.6157361,0.4258636,0.50899005,0.3884519,0.69920886,0.42351514,0.4557483,
capture_2020_04_17_11_39_49_7308.jpg,0.62354755,0.4144957,0.51392186,0.37281582,0.70970106,0.4086928,0.47506943,
capture_2020_04_17_11_39_49_7309.jpg,0.62911624,0.35483596,0.5136385,0.3122363,0.7239634,0.34038612,0.5103573,
capture_2020_04_17_11_39_49_7310.jpg,0.62818325,0.3463412,0.51223147,0.30435026,0.7232888,0.3307932,0.5145302,
capture_2020_04_17_11_39_49_7311.jpg,0.6215972,0.36979344,0.50598043,0.3302478,0.71050537,0.36135417,0.49356505,
capture_2020_04_17_11_39_49_7312.jpg,0.6174064,0.34749162,0.49837905,0.31079382,0.70890117,0.33672947,0.5130112,
capture_2020_04_17_11_39_49_7313.jpg,0.6131426,0.29975593,0.49431217,0.26046127,0.7123267,0.27838272,0.5829397,
capture_2020_04_17_11_39_49_7314.jpg,0.6149123,0.277474,0.4980778,0.22987497,0.7216735,0.24404344,0.6240233,
capture_2020_04_17_11_39_49_7315.jpg,0.6170835,0.26211143,0.49137306,0.2095564,0.72909796,0.22283122,0.651754,
capture_2020_04_17_11_39_49_7316.jpg,0.6164957,0.2515542,0.48480722,0.19618094,0.73059416,0.2088412,0.6686509,
capture_2020_04_17_11_39_49_7317.jpg,0.61666185,0.24613592,0.48121503,0.18879804,0.7324852,0.20145199,0.67758507,
capture_2020_04_17_11_39_49_7318.jpg,0.61724925,0.23930234,0.47817165,0.1791108,0.73555154,0.19183254,0.68613803,
capture_2020_04_17_11_39_49_7319.jpg,0.61694396,0.23753381,0.47721916,0.17650902,0.73548484,0.1892634,0.6880181,
capture_2020_04_17_11_39_49_7320.jpg,0.61605847,0.2324599,0.47493228,0.17014986,0.7355943,0.18272755,0.6926676,
capture_2020_04_17_11_39_49_7321.jpg,0.6127131,0.21893749,0.47039545,0.15475953,0.73542064,0.1667245,0.7045659,
capture_2020_04_17_11_39_49_7322.jpg,0.6119515,0.2169419,0.47002548,0.15266532,0.7351477,0.16452658,0.7062284,
capture_2020_04_17_11_39_49_7323.jpg,0.6095737,0.20975652,0.46715045,0.14606717,0.7348712,0.15624073,0.7110604,
capture_2020_04_17_11_39_49_7324.jpg,0.60917014,0.20936868,0.4665691,0.14584586,0.73471785,0.1557635,0.71121573,
capture_2020_04_17_11_39_49_7325.jpg,0.6088163,0.20658156,0.4654835,0.143374,0.7355223,0.15265757,0.71259433,
capture_2020_04_17_11_39_49_7326.jpg,0.60801005,0.20321843,0.46368873,0.14069578,0.73584265,0.1491363,0.7146699,
capture_2020_04_17_11_39_49_7327.jpg,0.60791117,0.20178437,0.463256,0.13941258,0.7362753,0.14762038,0.71535844,
capture_2020_04_17_11_39_49_7328.jpg,0.6078895,0.20209491,0.46293926,0.13940486,0.7363483,0.14765978,0.7159378,
capture_2020_04_17_11_39_49_7329.jpg,0.6078998,0.20189491,0.46289077,0.13920218,0.73639184,0.14741611,0.7161021,
capture_2020_04_17_11_39_49_7330.jpg,0.6079966,0.20340052,0.46292666,0.14026266,0.7361954,0.14867637,0.71626616,
capture_2020_04_17_11_39_49_7331.jpg,0.60819167,0.20498157,0.4632775,0.1414783,0.7359792,0.15023783,0.7160504,
capture_2020_04_17_11_39_49_7332.jpg,0.6083422,0.20798361,0.46415618,0.14420253,0.73494697,0.15357009,0.714529,
capture_2020_04_17_11_39_49_7333.jpg,0.6081275,0.20910406,0.4642423,0.14542201,0.7342562,0.15487444,0.71383053,
capture_2020_04_17_11_39_49_7334.jpg,0.6080345,0.20785874,0.4638694,0.14429218,0.7346141,0.15346238,0.71440655,
capture_2020_04_17_11_39_49_7335.jpg,0.6079912,0.20813271,0.46383968,0.1446161,0.734484,0.15378839,0.7144657,
capture_2020_04_17_11_39_49_7336.jpg,0.6079067,0.20771715,0.46367255,0.14438811,0.73454577,0.15343142,0.71473336,
capture_2020_04_17_11_39_49_7337.jpg,0.60789025,0.20698473,0.46354783,0.1437971,0.7348301,0.15269542,0.7149045,
capture_2020_04_17_11_39_49_7338.jpg,0.6081391,0.20912391,0.4642682,0.14563528,0.7343118,0.15497288,0.7140293,
capture_2020_04_17_11_39_49_7339.jpg,0.6089425,0.21558443,0.4669225,0.15236622,0.7325973,0.163163,0.7100162,
capture_2020_04_17_11_39_49_7340.jpg,0.6093824,0.2154457,0.46740204,0.15211463,0.7334915,0.16322961,0.7096862,
capture_2020_04_17_11_39_49_7341.jpg,0.60924417,0.21578488,0.46726498,0.15254465,0.73323494,0.16364744,0.7096578,
capture_2020_04_17_11_39_49_7342.jpg,0.6088676,0.2154606,0.46674487,0.15231925,0.7327075,0.16319066,0.71022457,
capture_2020_04_17_11_39_49_7343.jpg,0.60830986,0.21574971,0.4660241,0.15231714,0.7317587,0.16308653,0.71072906,
capture_2020_04_17_11_39_49_7344.jpg,0.6079042,0.220164,0.46614248,0.1567632,0.72985476,0.16825566,0.7096345,
capture_2020_04_17_11_39_49_7345.jpg,0.60744244,0.2239156,0.46578497,0.16071773,0.728099,0.17262259,0.7098918,
capture_2020_04_17_11_39_49_7346.jpg,0.6072148,0.23044458,0.46672937,0.16759735,0.72548914,0.18080375,0.7074524,
capture_2020_04_17_11_39_49_7347.jpg,0.60719615,0.23057774,0.46665797,0.1676937,0.72544396,0.18092692,0.7076591,
capture_2020_04_17_11_39_49_7348.jpg,0.60696626,0.23243847,0.46664754,0.16977346,0.72457397,0.18328077,0.70717645,
capture_2020_04_17_11_39_49_7349.jpg,0.60679126,0.23386925,0.4665223,0.17139155,0.72391933,0.18508479,0.7071618,
capture_2020_04_17_11_39_49_7350.jpg,0.60652095,0.23478991,0.4664011,0.17258668,0.72330123,0.1863355,0.70674086,
capture_2020_04_17_11_39_49_7351.jpg,0.6063323,0.23530617,0.4657307,0.17300943,0.72329336,0.18678403,0.7076395,
capture_2020_04_17_11_39_49_7352.jpg,0.60625553,0.23569801,0.46551132,0.17342517,0.7231868,0.18722695,0.70793104,
capture_2020_04_17_11_39_49_7353.jpg,0.60581464,0.23524201,0.46441942,0.17340407,0.7228519,0.18660966,0.70979327,
capture_2020_04_17_11_39_49_7354.jpg,0.6057207,0.23456994,0.46405908,0.1728257,0.7229844,0.18577126,0.71044016,
capture_2020_04_17_11_39_49_7355.jpg,0.6054205,0.23419282,0.46293813,0.17262548,0.7229843,0.18512458,0.7125732,
capture_2020_04_17_11_39_49_7356.jpg,0.6052868,0.23552969,0.4627621,0.17408541,0.7225016,0.1867331,0.71279556,
capture_2020_04_17_11_39_49_7357.jpg,0.6052022,0.23653302,0.46275446,0.1751909,0.7221137,0.18797088,0.7126315,
capture_2020_04_17_11_39_49_7358.jpg,0.6050699,0.23526889,0.4620366,0.17399466,0.72252595,0.18632227,0.7140364,
capture_2020_04_17_11_39_49_7359.jpg,0.60495955,0.23657632,0.46195683,0.17530155,0.7219408,0.18784136,0.71409535,
capture_2020_04_17_11_39_49_7360.jpg,0.60459673,0.23732507,0.4607124,0.17607331,0.7214397,0.1882784,0.7166172,
capture_2020_04_17_11_39_49_7361.jpg,0.6045167,0.24659345,0.46275142,0.18654609,0.7181149,0.20083538,0.7115699,
capture_2020_04_17_11_39_49_7362.jpg,0.6045763,0.24588558,0.46272016,0.1859222,0.71849304,0.20008564,0.7117014,
capture_2020_04_17_11_39_49_7363.jpg,0.604616,0.24400651,0.46191674,0.1835236,0.7194585,0.19727239,0.7138108,
capture_2020_04_17_11_39_49_7364.jpg,0.6048542,0.23900384,0.46188077,0.1777032,0.720927,0.19054037,0.71430427,
capture_2020_04_17_11_39_49_7365.jpg,0.60539335,0.23737851,0.4635811,0.17576265,0.7216381,0.18892086,0.7109672,
capture_2020_04_17_11_39_49_7366.jpg,0.6059294,0.23466349,0.4647487,0.17271665,0.7227895,0.18578354,0.7092959,
capture_2020_04_17_11_39_49_7367.jpg,0.6060825,0.23338029,0.46511114,0.17166239,0.72330576,0.18454939,0.70883423,
capture_2020_04_17_11_39_49_7368.jpg,0.60679567,0.23234248,0.46633083,0.1704571,0.7244452,0.18364248,0.7073642,
capture_2020_04_17_11_39_49_7369.jpg,0.6083344,0.2304743,0.46815422,0.16819626,0.72684085,0.18152016,0.704588,
capture_2020_04_17_11_39_49_7370.jpg,0.6097287,0.2303358,0.46890643,0.16817781,0.72856045,0.18120852,0.7026434,
capture_2020_04_17_11_39_49_7371.jpg,0.61109585,0.2311179,0.46958458,0.16893396,0.7299253,0.18180674,0.7006421,
capture_2020_04_17_11_39_49_7372.jpg,0.6124044,0.23136121,0.47026858,0.16886964,0.7313365,0.18165389,0.6990943,
capture_2020_04_17_11_39_49_7373.jpg,0.6129545,0.23150972,0.47052875,0.1688576,0.7319156,0.181611,0.698579,
capture_2020_04_17_11_39_49_7374.jpg,0.6139157,0.23172903,0.47097492,0.16896442,0.7329709,0.18161854,0.69749266,
capture_2020_04_17_11_39_49_7375.jpg,0.6140472,0.2316947,0.47112805,0.16894683,0.733193,0.18160135,0.6973045,
capture_2020_04_17_11_39_49_7376.jpg,0.61409795,0.2308813,0.471052,0.1679093,0.73350453,0.18053275,0.69777876,
capture_2020_04_17_11_39_49_7377.jpg,0.6144025,0.231193,0.47141048,0.16826633,0.7338951,0.18090183,0.697389,
capture_2020_04_17_11_39_49_7378.jpg,0.6153439,0.2318035,0.47273996,0.16902965,0.73522264,0.18173856,0.6958144,
capture_2020_04_17_11_39_49_7379.jpg,0.6152976,0.2314921,0.47264507,0.16862562,0.7352472,0.18133888,0.6960748,
capture_2020_04_17_11_39_49_7380.jpg,0.61508757,0.23026606,0.47226772,0.16737789,0.73526365,0.17991883,0.69700015,
capture_2020_04_17_11_39_49_7381.jpg,0.6154241,0.2303217,0.47255844,0.16720846,0.7357749,0.17981881,0.69693553,
capture_2020_04_17_11_39_49_7382.jpg,0.61570966,0.2307441,0.47312585,0.16786924,0.73606884,0.18046251,0.69592,
capture_2020_04_17_11_39_49_7383.jpg,0.61986333,0.24212524,0.47992533,0.181575,0.74011964,0.19539544,0.6849588,
capture_2020_04_17_11_39_49_7384.jpg,0.62187773,0.24375498,0.48280895,0.18391892,0.74300313,0.19794887,0.6814343,
capture_2020_04_17_11_39_49_7385.jpg,0.6220184,0.24502447,0.4832824,0.18545163,0.7428254,0.19956785,0.6803279,
capture_2020_04_17_11_39_49_7386.jpg,0.62201965,0.24611992,0.48350173,0.18677798,0.74259293,0.20104346,0.67972815,
capture_2020_04_17_11_39_49_7387.jpg,0.62186795,0.24617124,0.48329243,0.1868794,0.7424498,0.20118558,0.6801191,
capture_2020_04_17_11_39_49_7388.jpg,0.62176764,0.24572009,0.48308662,0.18638694,0.74242675,0.20065552,0.6805602,
capture_2020_04_17_11_39_49_7389.jpg,0.62164617,0.24484295,0.48254326,0.18528935,0.7425178,0.1994322,0.6815633,
capture_2020_04_17_11_39_49_7390.jpg,0.62118274,0.24473235,0.48195317,0.18523106,0.74178535,0.19927663,0.68211436,
capture_2020_04_17_11_39_49_7391.jpg,0.62125665,0.24499586,0.48207867,0.18548667,0.741762,0.19951713,0.68182373,
capture_2020_04_17_11_39_49_7392.jpg,0.62189776,0.24653265,0.48328236,0.1875593,0.74235517,0.20166111,0.6798316,
capture_2020_04_17_11_39_49_7393.jpg,0.6230086,0.24808422,0.4849386,0.189426,0.7437064,0.20371416,0.67762345,
capture_2020_04_17_11_39_49_7394.jpg,0.6231332,0.24740493,0.48503056,0.18864244,0.744111,0.20291692,0.6778329,
capture_2020_04_17_11_39_49_7395.jpg,0.62352103,0.24798861,0.48568812,0.18942598,0.7445525,0.20374587,0.6768776,
capture_2020_04_17_11_39_49_7396.jpg,0.6238578,0.24846327,0.4862055,0.18992892,0.7449534,0.20433149,0.6761482,
capture_2020_04_17_11_39_49_7397.jpg,0.62444717,0.24805096,0.48688304,0.18944827,0.7460143,0.20383117,0.6757226,
capture_2020_04_17_11_39_49_7398.jpg,0.624503,0.2475451,0.4869014,0.18883002,0.7462206,0.20318249,0.6758699,
capture_2020_04_17_11_39_49_7399.jpg,0.62530196,0.24882543,0.4881371,0.19040442,0.74712014,0.20486373,0.67411304,
capture_2020_04_17_11_39_49_7400.jpg,0.62550116,0.24884349,0.4883773,0.19041291,0.7474606,0.20489416,0.6739595,
capture_2020_04_17_11_39_49_7401.jpg,0.62543404,0.24891755,0.4883367,0.19052583,0.74730366,0.2049928,0.67382824,
capture_2020_04_17_11_39_49_7402.jpg,0.6258181,0.24975139,0.48899946,0.19162267,0.7476715,0.20613942,0.67281574,
capture_2020_04_17_11_39_49_7403.jpg,0.6256795,0.2500425,0.48885947,0.19188687,0.74734604,0.20641348,0.67285764,
capture_2020_04_17_11_39_49_7404.jpg,0.6257013,0.2498613,0.48888192,0.19166839,0.74742717,0.20619136,0.6728964,
capture_2020_04_17_11_39_49_7405.jpg,0.6253547,0.2492342,0.48826832,0.19084352,0.7470921,0.20534381,0.6738351,
capture_2020_04_17_11_39_49_7406.jpg,0.625352,0.2495246,0.48829725,0.19119328,0.7470143,0.20570752,0.67377365,
capture_2020_04_17_11_39_49_7407.jpg,0.6254468,0.24968132,0.48851478,0.19144973,0.7471059,0.20596835,0.6733899,
capture_2020_04_17_11_39_49_7408.jpg,0.62543327,0.24961624,0.48851448,0.19140038,0.74708027,0.20590022,0.6733196,
capture_2020_04_17_11_39_49_7409.jpg,0.62528634,0.24982944,0.48833632,0.19162047,0.7467938,0.20613554,0.67342025,
capture_2020_04_17_11_39_49_7410.jpg,0.6250931,0.24945176,0.488017,0.19115186,0.7466147,0.20566255,0.67401886,
capture_2020_04_17_11_39_49_7411.jpg,0.6252047,0.24941391,0.488141,0.19112703,0.74680984,0.20562696,0.673885,
capture_2020_04_17_11_39_49_7412.jpg,0.6251467,0.2489078,0.48798007,0.19049305,0.7468716,0.20497322,0.6742958,
capture_2020_04_17_11_39_49_7413.jpg,0.6252576,0.24873114,0.48815563,0.19033453,0.74704814,0.20477045,0.6740096,
capture_2020_04_17_11_39_49_7414.jpg,0.62541634,0.24894854,0.48841718,0.19062716,0.7472509,0.20509428,0.6736684,
capture_2020_04_17_11_39_49_7415.jpg,0.6254505,0.24875957,0.48839864,0.1904299,0.74739665,0.2048983,0.6738361,
capture_2020_04_17_11_39_49_7416.jpg,0.6256619,0.249172,0.48877054,0.1909445,0.7475734,0.20542485,0.67322206,
capture_2020_04_17_11_39_49_7417.jpg,0.6257316,0.24959502,0.488927,0.19137597,0.7475264,0.20588198,0.6729074,
capture_2020_04_17_11_39_49_7418.jpg,0.62567186,0.24876255,0.48868194,0.19040874,0.7477386,0.2048684,0.6735873,
capture_2020_04_17_11_39_49_7419.jpg,0.6202009,0.23742372,0.47986862,0.17584327,0.74148977,0.18910629,0.6865859,
capture_2020_04_17_11_39_49_7420.jpg,0.6187931,0.23330155,0.4775117,0.17080376,0.74014944,0.18363708,0.6905606,
capture_2020_04_17_11_39_49_7421.jpg,0.6181808,0.23091894,0.47652698,0.16820401,0.7397557,0.1807544,0.6922984,
capture_2020_04_17_11_39_49_7422.jpg,0.61799926,0.23051706,0.47617182,0.16764331,0.73955905,0.18017751,0.69289553,
capture_2020_04_17_11_39_49_7423.jpg,0.6182215,0.2302908,0.47642127,0.16744688,0.7399603,0.1799218,0.69275296,
capture_2020_04_17_11_39_49_7424.jpg,0.61784154,0.22992182,0.47576237,0.16671449,0.739339,0.17914078,0.69350225,
capture_2020_04_17_11_39_49_7425.jpg,0.61681414,0.22861582,0.47414568,0.16515869,0.73814344,0.17749718,0.6958978,
capture_2020_04_17_11_39_49_7426.jpg,0.6166344,0.22811869,0.4742245,0.16505012,0.7381587,0.17742741,0.6960139,
capture_2020_04_17_11_39_49_7427.jpg,0.61636645,0.22641462,0.4735679,0.16308445,0.7382194,0.17526504,0.6974998,
capture_2020_04_17_11_39_49_7428.jpg,0.6158104,0.22156969,0.47200513,0.15751278,0.7387616,0.16927654,0.70121133,
capture_2020_04_17_11_39_49_7429.jpg,0.6155595,0.22032544,0.47153166,0.15610126,0.7386702,0.16773212,0.7021073,
capture_2020_04_17_11_39_49_7430.jpg,0.6157433,0.22040355,0.471742,0.15621641,0.738982,0.16785833,0.7019453,
capture_2020_04_17_11_39_49_7431.jpg,0.6158507,0.22080705,0.4719975,0.15671018,0.73902845,0.16839367,0.701475,
capture_2020_04_17_11_39_49_7432.jpg,0.61638117,0.2218425,0.47288594,0.15799671,0.73959154,0.1697658,0.70018446,
capture_2020_04_17_11_39_49_7433.jpg,0.61637855,0.22173592,0.47286364,0.15782404,0.739606,0.16960204,0.7002654,
capture_2020_04_17_11_39_49_7434.jpg,0.61636955,0.22168699,0.4728583,0.15778771,0.73958904,0.1695388,0.700231,
capture_2020_04_17_11_39_49_7435.jpg,0.6166258,0.22263357,0.47332022,0.1588465,0.7397498,0.17070305,0.69949806,
capture_2020_04_17_11_39_49_7436.jpg,0.616408,0.22125399,0.47286382,0.15730485,0.7397727,0.16901162,0.7003952,
capture_2020_04_17_11_39_49_7437.jpg,0.6163238,0.2215986,0.47269395,0.15755293,0.73953,0.16931063,0.7006297,
capture_2020_04_17_11_39_49_7438.jpg,0.6163304,0.22157982,0.4726889,0.157574,0.7395902,0.16932341,0.7006037,
capture_2020_04_17_11_39_49_7439.jpg,0.6165794,0.2228778,0.47328088,0.15915063,0.73960066,0.17100412,0.6992801,
capture_2020_04_17_11_39_49_7440.jpg,0.6166046,0.22316003,0.47337893,0.15955776,0.73959464,0.1714293,0.69909525,
capture_2020_04_17_11_39_49_7441.jpg,0.61600995,0.22234774,0.47243944,0.15852863,0.73888236,0.17033544,0.70041895,
capture_2020_04_17_11_39_49_7442.jpg,0.61583453,0.22236228,0.47220168,0.15852854,0.7385953,0.17033964,0.70063895,
capture_2020_04_17_11_39_49_7443.jpg,0.61509466,0.21952856,0.47116435,0.15540305,0.7384723,0.16704309,0.7031481,
capture_2020_04_17_11_39_49_7444.jpg,0.61497587,0.21870235,0.47109655,0.15455112,0.7386044,0.16614527,0.7036159,
capture_2020_04_17_11_39_49_7445.jpg,0.6149541,0.21892345,0.4710863,0.15479735,0.7385392,0.1664091,0.7036006,
capture_2020_04_17_11_39_49_7446.jpg,0.61496973,0.21900642,0.4710926,0.1549243,0.73851776,0.16653037,0.703503,
capture_2020_04_17_11_39_49_7447.jpg,0.6149989,0.21993825,0.47113112,0.15596867,0.7382237,0.16761371,0.7029261,
capture_2020_04_17_11_39_49_7448.jpg,0.6147683,0.21925187,0.47104037,0.15527922,0.7382045,0.16691422,0.70344025,
capture_2020_04_17_11_39_49_7449.jpg,0.61470205,0.21930349,0.47100917,0.15526974,0.7381662,0.16696945,0.7036913,
capture_2020_04_17_11_39_49_7450.jpg,0.61490554,0.21986562,0.47108644,0.15588364,0.73816866,0.16755769,0.7031591,
capture_2020_04_17_11_39_49_7451.jpg,0.6151142,0.22039786,0.47115326,0.15645549,0.7382787,0.16813272,0.7027571,
capture_2020_04_17_11_39_49_7452.jpg,0.6149116,0.21953735,0.4710871,0.15548354,0.7382512,0.16712573,0.70322764,
capture_2020_04_17_11_39_49_7453.jpg,0.61535364,0.22008663,0.47127724,0.15615407,0.7385806,0.16770303,0.7023117,
capture_2020_04_17_11_39_49_7454.jpg,0.6232356,0.23900202,0.48392937,0.17839202,0.7464075,0.19202298,0.6825766,
capture_2020_04_17_11_39_49_7455.jpg,0.6245474,0.24118456,0.4861356,0.18116719,0.74800074,0.19507873,0.6796692,
capture_2020_04_17_11_39_49_7456.jpg,0.6252065,0.24318805,0.487354,0.18364456,0.74853176,0.19774851,0.6776411,
capture_2020_04_17_11_39_49_7457.jpg,0.62573373,0.24414298,0.48829606,0.18489641,0.749089,0.19908234,0.67629915,
capture_2020_04_17_11_39_49_7458.jpg,0.62618625,0.24567685,0.4892074,0.18672034,0.7493371,0.20105395,0.67469203,
capture_2020_04_17_11_39_49_7459.jpg,0.6263537,0.24597925,0.48944247,0.18698066,0.749498,0.20137501,0.6743988,
capture_2020_04_17_11_39_49_7460.jpg,0.6269624,0.24700955,0.49049038,0.18832788,0.7502172,0.20282209,0.67301124,
capture_2020_04_17_11_39_49_7461.jpg,0.62714434,0.24766058,0.49080372,0.18906766,0.75031745,0.20362103,0.67244774,
capture_2020_04_17_11_39_49_7462.jpg,0.62731606,0.24836797,0.49121398,0.19008961,0.7504006,0.204667,0.6716437,
capture_2020_04_17_11_39_49_7463.jpg,0.6273946,0.24888965,0.49135244,0.19070369,0.7503809,0.20532134,0.6713052,
capture_2020_04_17_11_39_49_7464.jpg,0.62733984,0.24932995,0.49132866,0.19114876,0.7501544,0.20578909,0.6711015,
capture_2020_04_17_11_39_49_7465.jpg,0.6274568,0.24922314,0.49145567,0.19108602,0.7504244,0.20575237,0.67109627,
capture_2020_04_17_11_39_49_7466.jpg,0.6272275,0.24836227,0.49109608,0.19008073,0.75028944,0.20466784,0.6717366,
capture_2020_04_17_11_39_49_7467.jpg,0.6271876,0.24823847,0.49103343,0.18993345,0.7502823,0.20453551,0.67186016,
capture_2020_04_17_11_39_49_7468.jpg,0.6274637,0.24897799,0.49147308,0.19085547,0.75052077,0.20551413,0.6711543,
capture_2020_04_17_11_39_49_7469.jpg,0.62784874,0.24990791,0.49205774,0.19201094,0.75093484,0.20676616,0.6703412,
capture_2020_04_17_11_39_49_7470.jpg,0.6278878,0.25040632,0.49218774,0.19266012,0.75086623,0.20742923,0.6699308,
capture_2020_04_17_11_39_49_7471.jpg,0.6278251,0.25007743,0.49213803,0.19228739,0.7508193,0.20702958,0.6700637,
capture_2020_04_17_11_39_49_7472.jpg,0.6278891,0.2508903,0.49236327,0.19333601,0.75071114,0.20811307,0.66940457,
capture_2020_04_17_11_39_49_7473.jpg,0.62801063,0.25045526,0.49240837,0.1927335,0.7510127,0.20750481,0.6696987,
capture_2020_04_17_11_39_49_7474.jpg,0.6282075,0.2501816,0.492731,0.19247827,0.7514225,0.20723397,0.6695168,
capture_2020_04_17_11_39_49_7475.jpg,0.62807035,0.25026637,0.49252144,0.19249341,0.7511588,0.20726907,0.6696628,
capture_2020_04_17_11_39_49_7476.jpg,0.6281153,0.25025266,0.49258536,0.19247553,0.75122917,0.20723435,0.66961765,
capture_2020_04_17_11_39_49_7477.jpg,0.62794423,0.24992725,0.49228638,0.19204047,0.7510184,0.20676747,0.67002046,
capture_2020_04_17_11_39_49_7478.jpg,0.62791705,0.2499401,0.49223626,0.19197392,0.7509252,0.20669496,0.67008334,
capture_2020_04_17_11_39_49_7479.jpg,0.6280736,0.24958634,0.49241948,0.19160023,0.75131226,0.20631716,0.67013514,
capture_2020_04_17_11_39_49_7480.jpg,0.62798905,0.24957997,0.49227104,0.19156224,0.7511729,0.20627928,0.6702668,
capture_2020_04_17_11_39_49_7481.jpg,0.62781847,0.2486155,0.49195305,0.19038773,0.75115144,0.20502117,0.670974,
capture_2020_04_17_11_39_49_7482.jpg,0.62798756,0.2488327,0.4921872,0.1906586,0.75136626,0.20531225,0.6707244,
capture_2020_04_17_11_39_49_7483.jpg,0.6282376,0.2489123,0.492537,0.19074652,0.75178576,0.20543608,0.6704809,
capture_2020_04_17_11_39_49_7484.jpg,0.62801576,0.24832147,0.49217638,0.18999514,0.75157976,0.20464131,0.67103857,
capture_2020_04_17_11_39_49_7485.jpg,0.62771857,0.24813646,0.49173617,0.18971637,0.75110716,0.20430854,0.6714247,
capture_2020_04_17_11_39_49_7486.jpg,0.6239015,0.24031585,0.4852562,0.17969158,0.746552,0.19318017,0.68020636,
capture_2020_04_17_11_39_49_7487.jpg,0.6219417,0.2348932,0.48202664,0.17312121,0.74458134,0.18596157,0.685253,
capture_2020_04_17_11_39_49_7488.jpg,0.62180346,0.23257568,0.48161328,0.17052922,0.7449471,0.18312865,0.6865485,
capture_2020_04_17_11_39_49_7489.jpg,0.6215522,0.23187837,0.48126242,0.16979086,0.7447513,0.18228573,0.68723565,
capture_2020_04_17_11_39_49_7490.jpg,0.62091196,0.2305932,0.48052332,0.16853249,0.74404544,0.18082249,0.68799216,
capture_2020_04_17_11_39_49_7491.jpg,0.6200317,0.23012528,0.4792568,0.1677607,0.7427969,0.18008342,0.6895517,
capture_2020_04_17_11_39_49_7492.jpg,0.6197002,0.23182085,0.47921976,0.16974652,0.74176514,0.1822221,0.6887116,
capture_2020_04_17_11_39_49_7493.jpg,0.6194335,0.234476,0.4794364,0.17294416,0.74052703,0.185547,0.6872841,
capture_2020_04_17_11_39_49_7494.jpg,0.61955017,0.23956096,0.4805972,0.17905349,0.73918605,0.19192287,0.6838223,
capture_2020_04_17_11_39_49_7495.jpg,0.61939603,0.24455282,0.48150805,0.18511352,0.7374127,0.19819358,0.6806056,
capture_2020_04_17_11_39_49_7496.jpg,0.61875075,0.25544876,0.48688397,0.19948694,0.7332367,0.21295291,0.6659109,
capture_2020_04_17_11_39_49_7497.jpg,0.6177256,0.2616642,0.48997143,0.20792943,0.7300966,0.22158557,0.6560886,
capture_2020_04_17_11_39_49_7498.jpg,0.6168909,0.27208546,0.49528182,0.22095835,0.72657776,0.2352539,0.6385336,
capture_2020_04_17_11_39_49_7499.jpg,0.626107,0.3175093,0.50777626,0.27750176,0.7248223,0.29859287,0.5431446,
capture_2020_04_17_11_39_49_7500.jpg,0.629645,0.3414545,0.5142067,0.30153278,0.7233449,0.32458758,0.5112521,
capture_2020_04_17_11_39_49_7501.jpg,0.625836,0.41137612,0.52242893,0.37784547,0.70576537,0.41269422,0.43547684,
capture_2020_04_17_11_39_49_7502.jpg,0.6105799,0.5054927,0.52171975,0.48125625,0.682279,0.51921743,0.3740016,
capture_2020_04_17_11_39_49_7503.jpg,0.5970006,0.55486155,0.5189996,0.5475405,0.6571772,0.581228,0.31367084,
capture_2020_04_17_11_39_49_7504.jpg,0.59825045,0.559185,0.5232736,0.557795,0.6540393,0.5910372,0.29488993,
capture_2020_04_17_11_39_49_7505.jpg,0.5899802,0.5722113,0.52459073,0.5943206,0.628499,0.6179559,0.23906484,
capture_2020_04_17_11_39_49_7506.jpg,0.59437007,0.5652636,0.5271297,0.5831894,0.63758016,0.6062661,0.25387937,
capture_2020_04_17_11_39_49_7507.jpg,0.5938405,0.5550958,0.52689236,0.5750759,0.6361761,0.5964977,0.2524289,
capture_2020_04_17_11_39_49_7508.jpg,0.5879612,0.5648079,0.52399373,0.58891714,0.6262685,0.6084716,0.23898062,
capture_2020_04_17_11_39_49_7509.jpg,0.5877216,0.59325933,0.527402,0.61782366,0.6226951,0.63931906,0.22361323,
capture_2020_04_17_11_39_49_7510.jpg,0.58062595,0.6335439,0.5268994,0.65669405,0.61365664,0.6822192,0.20579353,
capture_2020_04_17_11_39_49_7511.jpg,0.5692918,0.66102237,0.5220228,0.68410146,0.6007334,0.7093295,0.19842035,
capture_2020_04_17_11_39_49_7512.jpg,0.5672542,0.6657387,0.52204454,0.6871721,0.59877294,0.71054524,0.19654483,
capture_2020_04_17_11_39_49_7513.jpg,0.59811467,0.65126455,0.545698,0.6633929,0.63659686,0.69198275,0.23494709,
capture_2020_04_17_11_39_49_7514.jpg,0.6082601,0.66775596,0.56688035,0.68612564,0.6422484,0.7051344,0.211415,
capture_2020_04_17_11_39_49_7515.jpg,0.6093075,0.66423035,0.56736654,0.6827959,0.6445948,0.7011934,0.22096074,
capture_2020_04_17_11_39_49_7516.jpg,0.60563827,0.6610312,0.554097,0.6731779,0.6444324,0.6968917,0.24833298,
capture_2020_04_17_11_39_49_7517.jpg,0.6144375,0.6621545,0.5751899,0.6804867,0.6493032,0.6970582,0.22356167,
capture_2020_04_17_11_39_49_7518.jpg,0.6134762,0.66682994,0.58481836,0.69010353,0.6453296,0.69867086,0.19324785,
capture_2020_04_17_11_39_49_7519.jpg,0.61456394,0.66961265,0.58670694,0.6927707,0.6453999,0.7000536,0.1791614,
capture_2020_04_17_11_39_49_7520.jpg,0.62171495,0.6705702,0.5933574,0.6932889,0.6535833,0.7005113,0.18498144,
capture_2020_04_17_11_39_49_7521.jpg,0.6499989,0.6662652,0.6200198,0.68774855,0.67798007,0.6973718,0.17608103,
capture_2020_04_17_11_39_49_7522.jpg,0.6589234,0.6693181,0.63001394,0.6913915,0.68445855,0.70067763,0.15274838,
capture_2020_04_17_11_39_49_7523.jpg,0.67618626,0.6713859,0.64808595,0.6928686,0.69737345,0.70257044,0.13210383,
capture_2020_04_17_11_39_49_7524.jpg,0.6810953,0.67566067,0.6541151,0.6969738,0.700816,0.70606846,0.12088409,
capture_2020_04_17_11_39_49_7525.jpg,0.69471633,0.68208706,0.6689079,0.7024384,0.71135056,0.71104014,0.10738245,
capture_2020_04_17_11_39_49_7526.jpg,0.69715184,0.68552506,0.6720929,0.70616364,0.71313155,0.7140238,0.10114285,
capture_2020_04_17_11_39_49_7527.jpg,0.7044591,0.6908196,0.6807554,0.7108873,0.7192227,0.7181101,0.09265876,
capture_2020_04_17_11_39_49_7528.jpg,0.7105624,0.6935706,0.68766433,0.71295863,0.72406113,0.7202066,0.08726835,
capture_2020_04_17_11_39_49_7529.jpg,0.72253394,0.6981758,0.7006593,0.71603906,0.73430926,0.7235269,0.08071053,
capture_2020_04_17_11_39_49_7530.jpg,0.73186326,0.7003699,0.710469,0.7170296,0.7421885,0.7248555,0.07752684,
capture_2020_04_17_11_39_49_7531.jpg,0.7388712,0.7019888,0.71789855,0.7176678,0.74824095,0.7258272,0.07531127,
capture_2020_04_17_11_39_49_7532.jpg,0.7444024,0.70373845,0.723838,0.7186748,0.7532158,0.72696525,0.073423594,
capture_2020_04_17_11_39_49_7533.jpg,0.7624345,0.7112712,0.7428344,0.7245832,0.7687273,0.7329128,0.06438437,
capture_2020_04_17_11_39_49_7534.jpg,0.78466624,0.7137368,0.7657341,0.72555816,0.7875929,0.73620373,0.05812496,
capture_2020_04_17_11_39_49_7535.jpg,0.82689255,0.722347,0.81082183,0.7345038,0.8307411,0.7441888,0.041901886,
capture_2020_04_17_11_39_49_7536.jpg,0.839326,0.7234709,0.8242401,0.73567605,0.8440587,0.74545956,0.038603336,
capture_2020_04_17_11_39_49_7537.jpg,0.85136074,0.72489506,0.83721703,0.7371299,0.85691535,0.7469919,0.03548637,
capture_2020_04_17_11_39_49_7538.jpg,0.871696,0.7271237,0.8592112,0.73948616,0.8783596,0.7498047,0.030323714,
capture_2020_04_17_11_39_49_7539.jpg,0.88110244,0.72691506,0.86919224,0.7393204,0.88859344,0.74975157,0.028789014,
capture_2020_04_17_11_39_49_7540.jpg,0.8890143,0.7271508,0.87778306,0.73970205,0.89698064,0.7501322,0.027216703,
capture_2020_04_17_11_39_49_7541.jpg,0.89145565,0.726648,0.8803297,0.7392477,0.8996589,0.74965626,0.026942581,
capture_2020_04_17_11_39_49_7542.jpg,0.9007857,0.72835696,0.89035916,0.7409303,0.9091383,0.75126743,0.024555087,
capture_2020_04_17_11_39_49_7543.jpg,0.8997054,0.7276993,0.88910705,0.7401099,0.9079977,0.7508678,0.024843007,
capture_2020_04_17_11_39_49_7544.jpg,0.9005251,0.7280734,0.88993526,0.7406028,0.9087312,0.7519521,0.024145901,
capture_2020_04_17_11_39_49_7545.jpg,0.9029596,0.72869945,0.89261436,0.74137795,0.9113934,0.7528616,0.023520231,
capture_2020_04_17_11_39_49_7546.jpg,0.9021277,0.7285341,0.8916377,0.7410042,0.91040504,0.7530006,0.023586541,
capture_2020_04_17_11_39_49_7547.jpg,0.9001881,0.72791153,0.8894522,0.7402228,0.90832514,0.75239825,0.024066836,
capture_2020_04_17_11_39_49_7548.jpg,0.8974247,0.72691,0.88635266,0.7389888,0.90541095,0.7513442,0.024855018,
capture_2020_04_17_11_39_49_7549.jpg,0.8933615,0.72569215,0.88182783,0.7377672,0.9009198,0.7502359,0.025699705,
capture_2020_04_17_11_39_49_7550.jpg,0.89351964,0.72571176,0.88199115,0.73788387,0.9010691,0.7503384,0.0255965,
capture_2020_04_17_11_39_49_7551.jpg,0.8932017,0.7255279,0.8816396,0.73773515,0.9007065,0.7502359,0.025655627,
capture_2020_04_17_11_39_49_7552.jpg,0.89363897,0.7255558,0.88212126,0.7376824,0.90129685,0.75012136,0.025725633,
capture_2020_04_17_11_39_49_7553.jpg,0.8946402,0.72595817,0.8832291,0.7380814,0.9024191,0.75041425,0.02550003,
capture_2020_04_17_11_39_49_7554.jpg,0.8951603,0.7266316,0.88382006,0.7385319,0.9029068,0.7507736,0.025348812,
capture_2020_04_17_11_39_49_7555.jpg,0.8941572,0.7276483,0.8827976,0.73931736,0.90154016,0.7514018,0.02526325,
capture_2020_04_17_11_39_49_7556.jpg,0.8921827,0.72819525,0.8807366,0.7398579,0.8993372,0.75194037,0.025456965,
capture_2020_04_17_11_39_49_7557.jpg,0.8882003,0.7271673,0.87650186,0.7388979,0.8955709,0.75095326,0.02688846,
capture_2020_04_17_11_39_49_7558.jpg,0.8822395,0.72690594,0.87017095,0.73890954,0.88904274,0.7509391,0.02774477,
capture_2020_04_17_11_39_49_7559.jpg,0.87011474,0.72894263,0.8571716,0.74130046,0.8748732,0.7529377,0.028251171,
capture_2020_04_17_11_39_49_7560.jpg,0.8487698,0.7268587,0.8343349,0.7398187,0.8509977,0.7518307,0.031557858,
capture_2020_04_17_11_39_49_7561.jpg,0.8165331,0.73063904,0.8006863,0.74421704,0.815256,0.75413126,0.03621301,
capture_2020_04_17_11_39_49_7562.jpg,0.7775413,0.7284924,0.76094145,0.74546206,0.7808653,0.75199187,0.04161042,
capture_2020_04_17_11_39_49_7563.jpg,0.6775813,0.7239747,0.66112894,0.7486137,0.69052875,0.74837685,0.050742894,
capture_2020_04_17_11_39_49_7564.jpg,0.6488467,0.72338927,0.6322888,0.7487384,0.6634806,0.74768764,0.054163843,
capture_2020_04_17_11_39_49_7565.jpg,0.56768125,0.73770106,0.5509569,0.76134664,0.5853676,0.7573023,0.06292871,
capture_2020_04_17_11_39_49_7566.jpg,0.54568666,0.7408502,0.528044,0.7655573,0.56407666,0.7578281,0.06861925,
capture_2020_04_17_11_39_49_7567.jpg,0.5315457,0.74076515,0.5131599,0.76789516,0.55061626,0.75725067,0.07119194,
capture_2020_04_17_11_39_49_7568.jpg,0.5211628,0.73924136,0.50207007,0.7683972,0.5406829,0.75604457,0.073936075,
capture_2020_04_17_11_39_49_7569.jpg,0.5052277,0.73125064,0.48440745,0.76412565,0.5249907,0.7513716,0.07916692,
capture_2020_04_17_11_39_49_7570.jpg,0.49427906,0.7322127,0.47267926,0.7658999,0.5138765,0.75181043,0.08098191,
capture_2020_04_17_11_39_49_7571.jpg,0.47266772,0.73699045,0.45127445,0.7714974,0.49033505,0.7546424,0.078384995,
capture_2020_04_17_11_39_49_7572.jpg,0.4531026,0.74557215,0.43173578,0.77961946,0.46942642,0.7592909,0.07776791,
capture_2020_04_17_11_39_49_7573.jpg,0.43144077,0.75115275,0.4072253,0.78437924,0.44385543,0.7632617,0.081923485,
capture_2020_04_17_11_39_49_7574.jpg,0.42541474,0.7532401,0.39981633,0.7857686,0.43667895,0.7649846,0.084798664,
capture_2020_04_17_11_39_49_7575.jpg,0.40611222,0.7587601,0.37534747,0.78856426,0.4132369,0.7693193,0.09559241,
capture_2020_04_17_11_39_49_7576.jpg,0.3905785,0.7612194,0.35705972,0.78898126,0.3942573,0.7716887,0.10540694,
capture_2020_04_17_11_39_49_7577.jpg,0.37138444,0.7593101,0.33905357,0.78631485,0.37274536,0.774564,0.116935074,
capture_2020_04_17_11_39_49_7578.jpg,0.34474325,0.75666237,0.3181617,0.7819077,0.34929958,0.778489,0.12994084,
capture_2020_04_17_11_39_49_7579.jpg,0.33532643,0.7547145,0.31033826,0.78046775,0.33987805,0.7789098,0.13182023,
capture_2020_04_17_11_39_49_7580.jpg,0.33039114,0.75147605,0.30623004,0.7779214,0.33569947,0.7776818,0.13636264,
capture_2020_04_17_11_39_49_7581.jpg,0.31305248,0.74708194,0.29198545,0.7744668,0.31893322,0.7783751,0.14032683,
capture_2020_04_17_11_39_49_7582.jpg,0.3062886,0.74055296,0.28442118,0.7703926,0.31442744,0.77451485,0.14831525,
capture_2020_04_17_11_39_49_7583.jpg,0.2973585,0.7385133,0.27205685,0.7711878,0.30818194,0.77325225,0.14897832,
capture_2020_04_17_11_39_49_7584.jpg,0.29060918,0.73471874,0.26100594,0.770861,0.30414873,0.77090347,0.15022415,
capture_2020_04_17_11_39_49_7585.jpg,0.28717273,0.7362323,0.25743976,0.77224225,0.3007524,0.7723154,0.14793682,
capture_2020_04_17_11_39_49_7586.jpg,0.28550047,0.7369229,0.2556466,0.772786,0.29896635,0.773028,0.14694637,
capture_2020_04_17_11_39_49_7587.jpg,0.27825862,0.74359393,0.24945831,0.7773553,0.2908327,0.77848613,0.14004132,
capture_2020_04_17_11_39_49_7588.jpg,0.2717837,0.75128734,0.24484584,0.7826551,0.28316236,0.7844878,0.13207507,
capture_2020_04_17_11_39_49_7589.jpg,0.26281697,0.7659478,0.24002615,0.79242504,0.27200592,0.7963251,0.1178208,
capture_2020_04_17_11_39_49_7590.jpg,0.26200485,0.76962054,0.24043065,0.79470277,0.27055553,0.7993885,0.114254445,
capture_2020_04_17_11_39_49_7591.jpg,0.2607699,0.7737469,0.24036506,0.79715693,0.2688237,0.8027425,0.111009896,
capture_2020_04_17_11_39_49_7592.jpg,0.25618437,0.78362405,0.23889774,0.8031469,0.26302245,0.81063235,0.10380995,
capture_2020_04_17_11_39_49_7593.jpg,0.25303623,0.79052913,0.23794898,0.8073342,0.25880042,0.8162339,0.0987494,
capture_2020_04_17_11_39_49_7594.jpg,0.25133494,0.79420805,0.23716402,0.80953133,0.25671166,0.81916285,0.09648681,
capture_2020_04_17_11_39_49_7595.jpg,0.25066286,0.79686904,0.23744482,0.81108576,0.25556123,0.8213725,0.094680965,
capture_2020_04_17_11_39_49_7596.jpg,0.24915916,0.7996743,0.23699972,0.8128402,0.25345302,0.8238282,0.09210047,
capture_2020_04_17_11_39_49_7597.jpg,0.24608454,0.80290186,0.23485276,0.8149334,0.24984258,0.826602,0.08936298,
capture_2020_04_17_11_39_49_7598.jpg,0.240304,0.8081624,0.23007295,0.8184842,0.24386919,0.83155894,0.08538103,
capture_2020_04_17_11_39_49_7599.jpg,0.23099068,0.8154111,0.22162995,0.8240349,0.23438558,0.8385974,0.07956007,
capture_2020_04_17_11_39_49_7600.jpg,0.22213787,0.8207342,0.21244094,0.8283856,0.22625384,0.84393805,0.07560277,
capture_2020_04_17_11_39_49_7601.jpg,0.21637726,0.82533884,0.20717114,0.8321012,0.2207849,0.84837997,0.071753055,
capture_2020_04_17_11_39_49_7602.jpg,0.21276388,0.83024454,0.2050066,0.8354933,0.21666703,0.85291964,0.06739211,
capture_2020_04_17_11_39_49_7603.jpg,0.20817173,0.83435225,0.20232281,0.83838445,0.21125263,0.85733247,0.06181228,
capture_2020_04_17_11_39_49_7604.jpg,0.20201746,0.836797,0.19795868,0.8406646,0.20493272,0.86082417,0.056571305,
capture_2020_04_17_11_39_49_7605.jpg,0.19413829,0.8403894,0.1904831,0.8440547,0.1970891,0.8646908,0.052423596,
capture_2020_04_17_11_39_49_7606.jpg,0.17507896,0.84898615,0.17120272,0.85220087,0.17860726,0.87332743,0.044487417,
capture_2020_04_17_11_39_49_7607.jpg,0.15888551,0.85630894,0.15352252,0.859625,0.1634844,0.8800572,0.0398705,
capture_2020_04_17_11_39_49_7608.jpg,0.15085128,0.8599286,0.1451633,0.86303484,0.15581906,0.88321805,0.03751141,
capture_2020_04_17_11_39_49_7609.jpg,0.12591007,0.8736374,0.11918041,0.8763551,0.13173321,0.89598805,0.029849917,
capture_2020_04_17_11_39_49_7610.jpg,0.120018095,0.8764522,0.113160074,0.8787716,0.12550476,0.8986859,0.028176636,
capture_2020_04_17_11_39_49_7611.jpg,0.11426693,0.8769469,0.10617745,0.8796699,0.11955637,0.8995653,0.027871072,
capture_2020_04_17_11_39_49_7612.jpg,0.10634166,0.8802929,0.097592264,0.88319397,0.111322284,0.9032707,0.026086658,
capture_2020_04_17_11_39_49_7613.jpg,0.098315835,0.8829211,0.088683754,0.8863161,0.10293412,0.9065058,0.024558902,
capture_2020_04_17_11_39_49_7614.jpg,0.094323605,0.8843852,0.084302664,0.88795483,0.09881139,0.9082272,0.023833215,
capture_2020_04_17_11_39_49_7615.jpg,0.10002211,0.8793875,0.08963582,0.8832272,0.10471982,0.9034356,0.025909305,
capture_2020_04_17_11_39_49_7616.jpg,0.101951,0.8775078,0.091362596,0.88151735,0.10675964,0.9016758,0.026771456,
capture_2020_04_17_11_39_49_7617.jpg,0.101121664,0.8768985,0.09021634,0.88116574,0.10593015,0.9013139,0.026905417,
capture_2020_04_17_11_39_49_7618.jpg,0.09428519,0.8816067,0.08365694,0.8856295,0.098774046,0.90599734,0.024452507,
capture_2020_04_17_11_39_49_7619.jpg,0.09146714,0.8839697,0.081086606,0.88780713,0.09581208,0.90826213,0.02328065,
capture_2020_04_17_11_39_49_7620.jpg,0.080729485,0.89206964,0.07099676,0.8955874,0.084441185,0.9161565,0.019504428,
capture_2020_04_17_11_39_49_7621.jpg,0.078415275,0.8940022,0.06889689,0.89748955,0.08197987,0.9179823,0.01870501,
capture_2020_04_17_11_39_49_7622.jpg,0.077334344,0.89509463,0.06794703,0.8985748,0.08081752,0.9189988,0.018279731,
capture_2020_04_17_11_39_49_7623.jpg,0.08491787,0.8907137,0.07600638,0.89419496,0.088642865,0.9145919,0.0196836,
capture_2020_04_17_11_39_49_7624.jpg,0.09200016,0.88718307,0.083527386,0.89060926,0.09597665,0.9109787,0.021035373,
capture_2020_04_17_11_39_49_7625.jpg,0.11357108,0.8729847,0.10493815,0.87767696,0.118166804,0.89723814,0.027353972,
capture_2020_04_17_11_39_49_7626.jpg,0.1257714,0.86366796,0.11621925,0.8696574,0.13045505,0.8882905,0.032056242,
capture_2020_04_17_11_39_49_7627.jpg,0.13667849,0.8557451,0.12634462,0.86261916,0.14171255,0.88051826,0.036531687,
capture_2020_04_17_11_39_49_7628.jpg,0.14490545,0.8435832,0.13169488,0.8532574,0.14992869,0.869701,0.043757617,
capture_2020_04_17_11_39_49_7629.jpg,0.16523597,0.8235595,0.14928856,0.83737624,0.17059544,0.85114765,0.0569039,
capture_2020_04_17_11_39_49_7630.jpg,0.17776507,0.7824708,0.14874277,0.8095882,0.18756622,0.8203708,0.085871845,
capture_2020_04_17_11_39_49_7631.jpg,0.18767393,0.73352784,0.15161115,0.7687243,0.20866576,0.7813019,0.12853494,
capture_2020_04_17_11_39_49_7632.jpg,0.21453258,0.70638263,0.17491943,0.74437463,0.24055842,0.75501776,0.16309884,
capture_2020_04_17_11_39_49_7633.jpg,0.21432698,0.7147168,0.1755113,0.7512133,0.23889086,0.761824,0.15843907,
capture_2020_04_17_11_39_49_7634.jpg,0.23537308,0.7099962,0.1958409,0.7463408,0.26038906,0.75410736,0.17582133,
capture_2020_04_17_11_39_49_7635.jpg,0.25184155,0.7026132,0.21126086,0.739914,0.2775761,0.7458748,0.18951735,
capture_2020_04_17_11_39_49_7636.jpg,0.2796622,0.69938767,0.23651755,0.7391487,0.3064612,0.74315727,0.20612979,
capture_2020_04_17_11_39_49_7637.jpg,0.29709932,0.69902533,0.2535184,0.73983216,0.3244552,0.7425182,0.21600848,
capture_2020_04_17_11_39_49_7638.jpg,0.31732756,0.7084822,0.27609655,0.7491924,0.3423621,0.7486714,0.21395367,
capture_2020_04_17_11_39_49_7639.jpg,0.3313474,0.7129081,0.29137212,0.75119793,0.35545886,0.7505965,0.21736747,
capture_2020_04_17_11_39_49_7640.jpg,0.34314302,0.71240145,0.3054334,0.749676,0.36738324,0.7490828,0.22205031,
capture_2020_04_17_11_39_49_7641.jpg,0.38328364,0.7152797,0.3508662,0.74156487,0.40357524,0.75188553,0.24294683,
capture_2020_04_17_11_39_49_7642.jpg,0.41410932,0.7182782,0.3760922,0.7359265,0.43109402,0.7516768,0.24532339,
capture_2020_04_17_11_39_49_7643.jpg,0.42714915,0.7166078,0.38566133,0.7328845,0.44310486,0.74834096,0.24481586,
capture_2020_04_17_11_39_49_7644.jpg,0.44404304,0.7156221,0.39987606,0.7286286,0.46037802,0.7466381,0.2494989,
capture_2020_04_17_11_39_49_7645.jpg,0.44534257,0.7112192,0.400101,0.7252539,0.4622211,0.74405617,0.2532735,
capture_2020_04_17_11_39_49_7646.jpg,0.4502729,0.7113204,0.40213895,0.72354555,0.4685483,0.74533165,0.2595079,
capture_2020_04_17_11_39_49_7647.jpg,0.451806,0.7078223,0.39898604,0.7179779,0.473444,0.746554,0.277368,
capture_2020_04_17_11_39_49_7648.jpg,0.45563582,0.7060956,0.39652598,0.7127826,0.47978708,0.74854267,0.29490444,
capture_2020_04_17_11_39_49_7649.jpg,0.45174038,0.7029526,0.39202413,0.70924366,0.47711426,0.7486371,0.30219725,
capture_2020_04_17_11_39_49_7650.jpg,0.4473539,0.6884869,0.38690826,0.69824225,0.47330377,0.7381182,0.30986348,
capture_2020_04_17_11_39_49_7651.jpg,0.44103485,0.67876935,0.38361424,0.69103724,0.46756122,0.7286557,0.3098686,
capture_2020_04_17_11_39_49_7652.jpg,0.44013104,0.67076665,0.38357693,0.68157995,0.47193938,0.7185282,0.32390815,
capture_2020_04_17_11_39_49_7653.jpg,0.44709995,0.67213917,0.3876453,0.6776462,0.4829895,0.7190905,0.3388719,
capture_2020_04_17_11_39_49_7654.jpg,0.45842814,0.6731781,0.3951842,0.674505,0.4978358,0.7177703,0.35134292,
capture_2020_04_17_11_39_49_7655.jpg,0.4595355,0.6803082,0.39478654,0.6789761,0.49861094,0.7247418,0.3542362,
capture_2020_04_17_11_39_49_7656.jpg,0.4609592,0.6906576,0.39406958,0.68484616,0.5000406,0.7346761,0.35924023,
capture_2020_04_17_11_39_49_7657.jpg,0.4752513,0.7010646,0.40548113,0.6803838,0.5235615,0.739405,0.39360577,
capture_2020_04_17_11_39_49_7658.jpg,0.4891725,0.6989348,0.41665474,0.6667992,0.5508856,0.73038334,0.44231868,
capture_2020_04_17_11_39_49_7659.jpg,0.4899659,0.6981945,0.4172536,0.664321,0.5538589,0.7278379,0.45229995,
capture_2020_04_17_11_39_49_7660.jpg,0.49567056,0.696372,0.42011628,0.66009796,0.5614311,0.72420454,0.46485984,
capture_2020_04_17_11_39_49_7661.jpg,0.55849195,0.6969724,0.46656573,0.6451987,0.63751245,0.7059411,0.5635051,
capture_2020_04_17_11_39_49_7662.jpg,0.5757259,0.70037687,0.47946376,0.63832045,0.66945577,0.7008178,0.62697315,
capture_2020_04_17_11_39_49_7663.jpg,0.58928025,0.6949904,0.49088138,0.6268094,0.69500524,0.6912357,0.6765113,
capture_2020_04_17_11_39_49_7664.jpg,0.60952216,0.6932823,0.5068679,0.6185575,0.7274492,0.6829749,0.7267809,
capture_2020_04_17_11_39_49_7665.jpg,0.6057928,0.69493616,0.5015174,0.6159893,0.7319201,0.6830434,0.7484336,
capture_2020_04_17_11_39_49_7666.jpg,0.6154505,0.69218165,0.513209,0.6173456,0.7413157,0.67940974,0.7411607,
capture_2020_04_17_11_39_49_7667.jpg,0.6221047,0.6933874,0.52308345,0.62356645,0.74586576,0.6792806,0.72866106,
capture_2020_04_17_11_39_49_7668.jpg,0.63193774,0.6876254,0.53765404,0.6258289,0.7541878,0.6738943,0.70749557,
capture_2020_04_17_11_39_49_7669.jpg,0.64605236,0.68251497,0.5788225,0.6553459,0.73729765,0.6848088,0.5092831,
capture_2020_04_17_11_39_49_7670.jpg,0.64203024,0.6442608,0.57577497,0.62316936,0.72877437,0.65949774,0.46137217,
capture_2020_04_17_11_39_49_7671.jpg,0.65958685,0.6194841,0.59604543,0.6012126,0.73508173,0.6406797,0.37402266,
capture_2020_04_17_11_39_49_7672.jpg,0.64980304,0.5536176,0.55930704,0.513726,0.72774196,0.5654906,0.40957412,
capture_2020_04_17_11_39_49_7673.jpg,0.63788044,0.54083145,0.53980637,0.49861497,0.71697474,0.549492,0.4276594,
capture_2020_04_17_11_39_49_7674.jpg,0.63105834,0.5317762,0.5281892,0.48815048,0.7140113,0.5373598,0.4478107,
capture_2020_04_17_11_39_49_7675.jpg,0.6282582,0.5115943,0.51833266,0.46384436,0.7184233,0.51060265,0.49814823,
capture_2020_04_17_11_39_49_7676.jpg,0.630133,0.49657884,0.51752657,0.44519562,0.72805494,0.48981974,0.53096354,
capture_2020_04_17_11_39_49_7677.jpg,0.62354696,0.43383542,0.49186388,0.37650716,0.7421297,0.41626465,0.64312243,
capture_2020_04_17_11_39_49_7678.jpg,0.6258329,0.4219964,0.49221328,0.3630885,0.74550986,0.4025256,0.6467951,
capture_2020_04_17_11_39_49_7679.jpg,0.6209421,0.40976822,0.4842188,0.34427717,0.7392202,0.38853943,0.66420376,
capture_2020_04_17_11_39_49_7680.jpg,0.6205995,0.40716946,0.48391104,0.34171548,0.737854,0.38490897,0.66081834,
capture_2020_04_17_11_39_49_7681.jpg,0.6187173,0.41382515,0.48310322,0.34935045,0.7333877,0.39131755,0.64335454,
capture_2020_04_17_11_39_49_7682.jpg,0.61801285,0.38499665,0.48335674,0.32252002,0.73018616,0.36027545,0.63383925,
capture_2020_04_17_11_39_49_7683.jpg,0.61464524,0.36567527,0.48244718,0.30845308,0.72082496,0.34188014,0.6100226,
capture_2020_04_17_11_39_49_7684.jpg,0.6177798,0.39643317,0.4920339,0.3459177,0.7137108,0.38461033,0.54262674,
capture_2020_04_17_11_39_49_7685.jpg,0.62328994,0.36890844,0.49659723,0.31979564,0.7242528,0.35298574,0.55261123,
capture_2020_04_17_11_39_49_7686.jpg,0.62718374,0.33658588,0.49922186,0.28464586,0.73068815,0.31457812,0.5812109,
capture_2020_04_17_11_39_49_7687.jpg,0.6316099,0.32475197,0.5075465,0.2728973,0.73690397,0.2995629,0.5838882,
capture_2020_04_17_11_39_49_7688.jpg,0.638677,0.32630956,0.5155961,0.27241027,0.74713033,0.2997422,0.581537,
capture_2020_04_17_11_39_49_7689.jpg,0.65158784,0.31951958,0.5310931,0.26412904,0.76914775,0.29166573,0.5926452,
capture_2020_04_17_11_39_49_7690.jpg,0.65818775,0.3138163,0.5396687,0.25830275,0.7810955,0.2858954,0.6025591,
capture_2020_04_17_11_39_49_7691.jpg,0.66921437,0.31733376,0.55332226,0.2604469,0.79577327,0.29006046,0.59905225,
capture_2020_04_17_11_39_49_7692.jpg,0.6730509,0.3295857,0.5593152,0.272789,0.7974583,0.3021712,0.58259094,
capture_2020_04_17_11_39_49_7693.jpg,0.67660594,0.33630502,0.56417656,0.27985764,0.8007624,0.30954018,0.5735909,
capture_2020_04_17_11_39_49_7694.jpg,0.67790043,0.33085102,0.5654992,0.27422225,0.8037641,0.3038686,0.58100444,
capture_2020_04_17_11_39_49_7695.jpg,0.6800368,0.35420206,0.57064766,0.29971853,0.80328625,0.33186388,0.5501906,
capture_2020_04_17_11_39_49_7696.jpg,0.678988,0.41782737,0.57740456,0.3653142,0.7898226,0.40756518,0.48218715,
capture_2020_04_17_11_39_49_7697.jpg,0.6792228,0.4186992,0.57788855,0.3663948,0.789713,0.40844512,0.4808267,
capture_2020_04_17_11_39_49_7698.jpg,0.6782819,0.43340012,0.5795762,0.38321298,0.7853066,0.42639256,0.46296751,
capture_2020_04_17_11_39_49_7699.jpg,0.6775338,0.43234468,0.5784569,0.38192874,0.784625,0.4251575,0.46418646,
capture_2020_04_17_11_39_49_7700.jpg,0.67773926,0.43243665,0.57899195,0.3819433,0.78473496,0.42512017,0.46334475,
capture_2020_04_17_11_39_49_7701.jpg,0.67758656,0.42763934,0.57810074,0.37658432,0.7855828,0.4194579,0.46835506,
capture_2020_04_17_11_39_49_7702.jpg,0.67660964,0.42520285,0.5766541,0.37391612,0.7848505,0.41643694,0.4710408,
capture_2020_04_17_11_39_49_7703.jpg,0.6763758,0.4075204,0.57414705,0.3554703,0.78708565,0.3954004,0.48683983,
capture_2020_04_17_11_39_49_7704.jpg,0.676761,0.3985172,0.5732138,0.34585243,0.7891872,0.38475117,0.4967978,
capture_2020_04_17_11_39_49_7705.jpg,0.6763286,0.3922335,0.571808,0.3396259,0.78925896,0.377352,0.5024571,
capture_2020_04_17_11_39_49_7706.jpg,0.6759092,0.39130434,0.57104796,0.33862066,0.78893137,0.37633997,0.5036882,
capture_2020_04_17_11_39_49_7707.jpg,0.67569804,0.38900378,0.5703323,0.3362924,0.78895676,0.37365586,0.5063264,
capture_2020_04_17_11_39_49_7708.jpg,0.67549354,0.39311466,0.57089907,0.34090957,0.7876948,0.3784019,0.5014822,
capture_2020_04_17_11_39_49_7709.jpg,0.67562425,0.39006585,0.570682,0.3379466,0.7880204,0.37484956,0.50390714,
capture_2020_04_17_11_39_49_7710.jpg,0.6742835,0.39192024,0.56893903,0.3396631,0.78625226,0.37686723,0.50382173,
capture_2020_04_17_11_39_49_7711.jpg,0.673908,0.39646143,0.5697632,0.34494585,0.784315,0.3823529,0.4956556,
capture_2020_04_17_11_39_49_7712.jpg,0.6736665,0.3955141,0.56918705,0.34383047,0.78418326,0.38109076,0.49736267,
capture_2020_04_17_11_39_49_7713.jpg,0.6721699,0.3970189,0.5672873,0.3451151,0.7824108,0.38293785,0.4970869,
capture_2020_04_17_11_39_49_7714.jpg,0.6728539,0.39474815,0.56781995,0.34279117,0.78359926,0.38021135,0.4993062,
capture_2020_04_17_11_39_49_7715.jpg,0.6721331,0.40052396,0.56761265,0.3486675,0.7819297,0.38699436,0.49415523,
capture_2020_04_17_11_39_49_7716.jpg,0.6719587,0.39990863,0.5672262,0.34784108,0.78177,0.3862001,0.4949185,
capture_2020_04_17_11_39_49_7717.jpg,0.6723726,0.39388293,0.5667558,0.3416248,0.78357655,0.37925807,0.5018337,
capture_2020_04_17_11_39_49_7718.jpg,0.6728374,0.39298472,0.56724095,0.34053743,0.7840886,0.37809873,0.5019136,
capture_2020_04_17_11_39_49_7719.jpg,0.67265725,0.39266545,0.5669595,0.34024328,0.78386045,0.37774128,0.50211746,
