,eyeClosed,Center Up,,Center,,Center Down,,Left Point,,Right Point,,Left,Right,Up,Down,Eye width:
Picture:,,"(x,",y),"(x,",y),"(x,",y),"(x,",y),"(x,",y)
capture_2020_04_17_11_39_49_7213_left,0,25,19,25,28,25,35,7,29,43,26,0,0,0,0,49
capture_2020_04_17_11_39_49_7213_right,0,24,19,24,27,24,34,7,26,44,27,0,0,0,0,49
capture_2020_04_17_11_39_49_7214_left,0,24,19,25,28,25,35,6,28,44,27,0,0,0,0,49
capture_2020_04_17_11_39_49_7214_right,0,24,19,24,27,24,35,6,27,44,27,0,0,0,0,49
capture_2020_04_17_11_39_49_7215_left,0,24,19,24,28,24,35,6,28,44,27,0,0,0,0,48
capture_2020_04_17_11_39_49_7215_right,0,24,18,24,27,24,35,6,27,44,27,0,0,0,0,49
capture_2020_04_17_11_39_49_7216_left,0,24,18,26,27,24,35,5,28,44,27,0,0,0,0,48
capture_2020_04_17_11_39_49_7216_right,0,24,17,23,25,25,35,5,27,44,27,0,0,0,0,49
capture_2020_04_17_11_39_49_7217_left,0,26,16,27,26,26,36,6,29,46,28,0,0,0,0,49
capture_2020_04_17_11_39_49_7217_right,0,26,16,23,25,26,36,6,26,46,27,0,0,0,0,49
capture_2020_04_17_11_39_49_7218_left,0,26,16,26,26,25,35,6,27,45,26,0,0,0,0,48
capture_2020_04_17_11_39_49_7218_right,0,26,16,25,25,25,35,5,26,45,27,0,0,0,0,48
capture_2020_04_17_11_39_49_7219_left,0,24,16,25,26,25,35,6,28,45,27,0,0,0,0,48
capture_2020_04_17_11_39_49_7219_right,0,24,16,23,25,25,35,6,28,45,27,0,0,0,0,48
capture_2020_04_17_11_39_49_7220_left,0,24,16,26,26,25,35,6,28,45,27,0,0,0,0,48
capture_2020_04_17_11_39_49_7220_right,0,25,16,24,25,25,35,6,27,45,27,0,0,0,0,48
capture_2020_04_17_11_39_49_7221_left,0,25,16,25,24,25,34,6,26,45,26,0,0,0,0,48
capture_2020_04_17_11_39_49_7221_right,0,25,16,23,26,25,35,6,27,45,27,0,0,0,0,47
capture_2020_04_17_11_39_49_7222_left,0,25,16,25,25,25,35,6,27,45,27,0,0,0,0,48
capture_2020_04_17_11_39_49_7222_right,0,25,16,23,24,25,35,5,26,45,27,0,0,0,0,47
capture_2020_04_17_11_39_49_7223_left,0,25,15,25,24,25,34,5,25,45,26,0,0,0,0,47
capture_2020_04_17_11_39_49_7223_right,0,25,15,23,23,25,34,5,25,45,26,0,0,0,0,47
capture_2020_04_17_11_39_49_7224_left,0,24,14,24,24,24,33,5,25,44,25,0,0,0,0,46
capture_2020_04_17_11_39_49_7224_right,0,25,14,23,24,25,33,6,25,44,25,0,0,0,0,47
capture_2020_04_17_11_39_49_7225_left,0,24,14,24,24,24,33,5,25,44,25,0,0,0,0,46
capture_2020_04_17_11_39_49_7225_right,0,24,14,23,22,24,33,5,25,44,25,0,0,0,0,46
capture_2020_04_17_11_39_49_7226_left,0,24,12,25,22,24,33,5,25,44,25,0,0,0,0,46
capture_2020_04_17_11_39_49_7226_right,0,24,12,21,22,24,33,4,22,44,25,0,0,0,0,46
capture_2020_04_17_11_39_49_7227_left,0,25,10,25,21,24,33,4,22,44,22,0,0,0,0,46
capture_2020_04_17_11_39_49_7227_right,0,21,11,22,23,22,32,5,23,44,27,0,0,0,0,46
capture_2020_04_17_11_39_49_7228_left,0,25,9,25,20,25,32,4,24,43,22,0,0,0,0,46
capture_2020_04_17_11_39_49_7228_right,0,21,12,22,23,23,33,4,24,42,26,0,0,0,0,46
capture_2020_04_17_11_39_49_7229_left,0,27,10,27,21,27,32,4,22,44,23,0,0,0,0,46
capture_2020_04_17_11_39_49_7229_right,0,24,13,24,24,24,34,5,23,45,28,0,0,0,0,47
capture_2020_04_17_11_39_49_7230_left,0,27,11,27,21,26,31,5,23,43,23,0,0,0,0,46
capture_2020_04_17_11_39_49_7230_right,0,23,14,23,25,24,35,5,25,43,28,0,0,0,0,47
capture_2020_04_17_11_39_49_7231_left,0,28,10,27,22,28,30,6,22,43,23,0,0,0,0,46
capture_2020_04_17_11_39_49_7231_right,0,24,12,23,23,24,32,6,23,42,28,0,0,0,0,46
capture_2020_04_17_11_39_49_7232_left,0,31,8,29,19,30,29,8,21,45,23,0,0,0,0,47
capture_2020_04_17_11_39_49_7232_right,0,24,12,24,22,24,32,5,22,44,26,0,0,0,0,47
capture_2020_04_17_11_39_49_7233_left,0,28,11,27,22,28,30,7,24,44,23,0,0,0,0,46
capture_2020_04_17_11_39_49_7233_right,0,26,15,23,24,24,35,6,26,43,28,0,0,0,0,46
capture_2020_04_17_11_39_49_7234_left,0,28,13,29,23,27,33,6,26,44,23,0,0,0,0,46
capture_2020_04_17_11_39_49_7234_right,0,22,15,22,25,23,33,6,26,44,28,0,0,0,0,46
capture_2020_04_17_11_39_49_7235_left,0,27,13,26,22,26,33,6,25,44,24,0,0,0,0,45
capture_2020_04_17_11_39_49_7235_right,0,23,15,22,25,22,34,6,25,42,29,0,0,0,0,46
capture_2020_04_17_11_39_49_7236_left,0,26,13,26,24,27,33,6,25,44,23,0,0,0,0,46
capture_2020_04_17_11_39_49_7236_right,0,22,15,22,25,22,34,5,27,42,29,0,0,0,0,45
capture_2020_04_17_11_39_49_7237_left,0,25,13,25,24,25,34,6,26,43,25,0,0,0,0,45
capture_2020_04_17_11_39_49_7237_right,0,23,16,23,26,23,35,4,27,42,29,0,0,0,0,45
capture_2020_04_17_11_39_49_7238_left,0,25,14,25,23,26,34,4,25,42,24,0,0,0,0,44
capture_2020_04_17_11_39_49_7238_right,0,23,15,23,24,23,35,3,26,41,28,0,0,0,0,44
capture_2020_04_17_11_39_49_7239_left,0,26,13,25,24,25,34,4,26,42,26,0,0,0,0,45
capture_2020_04_17_11_39_49_7239_right,0,21,14,22,24,22,34,4,26,42,28,0,0,0,0,45
capture_2020_04_17_11_39_49_7240_left,0,25,13,24,24,24,35,3,26,42,24,0,0,0,0,44
capture_2020_04_17_11_39_49_7240_right,0,22,14,22,24,22,35,4,26,43,28,0,0,0,0,45
capture_2020_04_17_11_39_49_7241_left,0,25,13,24,24,25,33,4,26,44,25,0,0,0,0,45
capture_2020_04_17_11_39_49_7241_right,0,21,13,21,24,22,33,3,24,42,28,0,0,0,0,44
capture_2020_04_17_11_39_49_7242_left,0,24,14,24,25,24,35,3,27,42,25,0,0,0,0,44
capture_2020_04_17_11_39_49_7242_right,0,21,14,22,24,22,33,2,24,42,27,0,0,0,0,45
capture_2020_04_17_11_39_49_7243_left,0,24,12,24,23,24,33,4,25,43,23,0,0,0,0,45
capture_2020_04_17_11_39_49_7243_right,0,20,11,21,22,21,32,4,24,43,24,0,0,0,0,45
capture_2020_04_17_11_39_49_7244_left,0,25,12,25,23,24,32,5,27,42,25,0,0,0,0,45
capture_2020_04_17_11_39_49_7244_right,0,24,13,21,23,21,33,4,24,43,26,0,0,0,0,45
capture_2020_04_17_11_39_49_7245_left,0,25,13,24,24,26,33,3,27,43,23,0,0,0,0,45
capture_2020_04_17_11_39_49_7245_right,0,23,12,21,22,21,34,3,22,43,25,0,0,0,0,45
capture_2020_04_17_11_39_49_7246_left,0,23,12,25,23,23,34,3,24,43,25,0,0,0,0,45
capture_2020_04_17_11_39_49_7246_right,0,23,12,21,22,22,34,1,23,42,25,0,0,0,0,45
capture_2020_04_17_11_39_49_7247_left,0,22,12,24,25,23,35,1,27,42,25,0,0,0,0,44
capture_2020_04_17_11_39_49_7247_right,0,22,11,21,23,21,33,4,24,42,26,0,0,0,0,44
capture_2020_04_17_11_39_49_7248_left,0,23,11,25,24,23,34,3,27,43,26,0,0,0,0,45
capture_2020_04_17_11_39_49_7248_right,0,22,11,21,23,22,33,2,24,42,26,0,0,0,0,44
capture_2020_04_17_11_39_49_7249_left,0,22,11,23,24,22,33,3,26,42,26,0,0,0,0,44
capture_2020_04_17_11_39_49_7249_right,0,23,12,22,24,23,34,2,25,42,27,0,0,0,0,45
capture_2020_04_17_11_39_49_7250_left,0,23,11,23,24,23,33,3,26,42,25,0,0,0,0,44
capture_2020_04_17_11_39_49_7250_right,0,24,12,23,25,23,34,3,26,43,26,0,0,0,0,45
capture_2020_04_17_11_39_49_7251_left,0,24,12,23,25,23,35,3,26,43,26,0,0,0,0,45
capture_2020_04_17_11_39_49_7251_right,0,22,12,23,24,23,34,3,26,42,26,0,0,0,0,44
capture_2020_04_17_11_39_49_7252_left,0,22,12,23,25,23,35,2,25,43,25,0,0,0,0,44
capture_2020_04_17_11_39_49_7252_right,0,23,12,23,24,23,34,3,26,43,26,0,0,0,0,45
capture_2020_04_17_11_39_49_7253_left,0,23,12,23,25,23,35,3,26,43,27,0,0,0,0,44
capture_2020_04_17_11_39_49_7253_right,0,23,12,23,24,23,35,3,25,42,26,0,0,0,0,44
capture_2020_04_17_11_39_49_7254_left,0,22,12,23,24,23,34,3,26,42,26,0,0,0,0,44
capture_2020_04_17_11_39_49_7254_right,0,22,12,22,24,23,34,2,25,42,26,0,0,0,0,44
capture_2020_04_17_11_39_49_7255_left,0,24,12,24,24,23,34,3,25,43,26,0,0,0,0,45
capture_2020_04_17_11_39_49_7255_right,0,24,12,23,24,23,34,4,24,43,26,0,0,0,0,44
capture_2020_04_17_11_39_49_7256_left,0,24,12,23,24,23,34,3,25,43,25,0,0,0,0,44
capture_2020_04_17_11_39_49_7256_right,0,23,13,23,25,23,34,3,25,43,26,0,0,0,0,44
capture_2020_04_17_11_39_49_7257_left,0,23,13,23,24,23,34,3,27,43,26,0,0,0,0,44
capture_2020_04_17_11_39_49_7257_right,0,23,13,23,25,23,35,2,27,43,26,0,0,0,0,44
capture_2020_04_17_11_39_49_7258_left,0,23,13,23,24,23,34,3,27,43,26,0,0,0,0,44
capture_2020_04_17_11_39_49_7258_right,0,24,13,23,24,24,34,3,27,44,27,0,0,0,0,45
capture_2020_04_17_11_39_49_7259_left,0,23,13,23,24,23,34,3,27,43,26,0,0,0,0,44
capture_2020_04_17_11_39_49_7259_right,0,24,13,23,24,23,34,3,25,43,27,0,0,0,0,44
capture_2020_04_17_11_39_49_7260_left,0,24,14,23,25,23,35,2,27,43,28,0,0,0,0,44
capture_2020_04_17_11_39_49_7260_right,0,24,13,24,25,23,34,3,26,43,27,0,0,0,0,44
capture_2020_04_17_11_39_49_7261_left,0,24,13,24,26,23,34,3,28,43,27,0,0,0,0,44
capture_2020_04_17_11_39_49_7261_right,0,24,14,24,25,24,35,3,26,44,28,0,0,0,0,45
capture_2020_04_17_11_39_49_7262_left,0,23,14,23,24,23,34,4,27,44,28,0,0,0,0,45
capture_2020_04_17_11_39_49_7262_right,0,23,13,23,24,24,34,2,25,44,27,0,0,0,0,45
capture_2020_04_17_11_39_49_7263_left,0,23,13,23,25,24,34,2,27,44,26,0,0,0,0,45
capture_2020_04_17_11_39_49_7263_right,0,24,11,24,23,24,34,2,27,44,26,0,0,0,0,45
capture_2020_04_17_11_39_49_7264_left,0,24,13,24,27,24,36,3,28,43,27,0,0,0,0,45
capture_2020_04_17_11_39_49_7264_right,0,24,13,23,24,24,36,4,26,43,27,0,0,0,0,45
capture_2020_04_17_11_39_49_7265_left,0,24,13,24,25,24,36,3,29,44,27,0,0,0,0,46
capture_2020_04_17_11_39_49_7265_right,0,24,13,23,24,24,36,3,25,43,27,0,0,0,0,45
capture_2020_04_17_11_39_49_7266_left,0,23,13,24,25,24,36,2,28,43,26,0,0,0,0,45
capture_2020_04_17_11_39_49_7266_right,0,24,12,23,23,24,34,3,25,43,25,0,0,0,0,45
capture_2020_04_17_11_39_49_7267_left,0,23,15,25,26,25,35,3,28,44,27,0,0,0,0,46
capture_2020_04_17_11_39_49_7267_right,0,23,15,23,24,24,34,4,26,44,27,0,0,0,0,46
capture_2020_04_17_11_39_49_7268_left,0,23,15,25,25,24,36,3,28,44,27,0,0,0,0,46
capture_2020_04_17_11_39_49_7268_right,0,25,15,25,24,26,36,3,26,46,26,0,0,0,0,47
capture_2020_04_17_11_39_49_7269_left,0,25,15,25,27,26,36,3,29,45,27,0,0,0,0,47
capture_2020_04_17_11_39_49_7269_right,0,25,14,24,25,25,36,3,27,45,27,0,0,0,0,46
capture_2020_04_17_11_39_49_7270_left,0,25,14,25,27,25,36,2,29,45,27,0,0,0,0,46
capture_2020_04_17_11_39_49_7270_right,0,23,15,24,25,24,35,3,27,45,26,0,0,0,0,46
capture_2020_04_17_11_39_49_7271_left,0,24,15,26,26,24,36,3,28,45,28,0,0,0,0,47
capture_2020_04_17_11_39_49_7271_right,0,26,14,25,24,25,34,3,25,45,26,0,0,0,0,47
capture_2020_04_17_11_39_49_7272_left,0,25,14,25,25,26,35,2,27,46,25,0,0,0,0,47
capture_2020_04_17_11_39_49_7272_right,0,25,14,26,24,26,35,2,25,46,26,0,0,0,0,48
capture_2020_04_17_11_39_49_7273_left,0,27,14,26,25,26,34,3,27,46,27,0,0,0,0,48
capture_2020_04_17_11_39_49_7273_right,0,26,14,25,26,25,35,4,27,46,29,0,0,0,0,47
capture_2020_04_17_11_39_49_7274_left,0,27,12,27,25,28,35,4,26,47,26,0,0,0,0,48
capture_2020_04_17_11_39_49_7274_right,0,25,13,26,24,25,34,5,26,46,26,0,0,0,0,48
capture_2020_04_17_11_39_49_7275_left,0,27,13,27,25,27,35,5,26,47,26,0,0,0,0,48
capture_2020_04_17_11_39_49_7275_right,0,24,16,25,26,25,36,3,26,46,28,0,0,0,0,48
capture_2020_04_17_11_39_49_7276_left,0,27,15,27,26,27,36,5,28,48,27,0,0,0,0,49
capture_2020_04_17_11_39_49_7276_right,0,25,16,26,27,26,37,5,29,46,29,0,0,0,0,48
capture_2020_04_17_11_39_49_7277_left,0,27,13,27,25,27,37,3,28,47,27,0,0,0,0,49
capture_2020_04_17_11_39_49_7277_right,0,25,14,27,26,27,36,3,26,48,29,0,0,0,0,49
capture_2020_04_17_11_39_49_7278_left,0,27,15,27,25,27,35,4,27,48,27,0,0,0,0,50
capture_2020_04_17_11_39_49_7278_right,0,29,15,29,26,28,37,2,28,48,30,0,0,0,0,50
capture_2020_04_17_11_39_49_7279_left,0,29,15,28,25,28,38,2,27,49,27,0,0,0,0,50
capture_2020_04_17_11_39_49_7279_right,0,27,16,27,27,27,38,3,27,48,30,0,0,0,0,50
capture_2020_04_17_11_39_49_7280_left,0,27,15,27,28,26,38,3,28,49,29,0,0,0,0,50
capture_2020_04_17_11_39_49_7280_right,0,27,16,26,28,26,37,4,29,49,30,0,0,0,0,51
capture_2020_04_17_11_39_49_7281_left,0,26,16,26,27,27,38,3,29,49,29,0,0,0,0,51
capture_2020_04_17_11_39_49_7281_right,0,27,17,27,28,26,39,4,30,49,31,0,0,0,0,51
capture_2020_04_17_11_39_49_7282_left,0,27,13,27,27,27,39,3,27,50,28,0,0,0,0,52
capture_2020_04_17_11_39_49_7282_right,0,26,14,26,27,26,39,3,28,49,29,0,0,0,0,52
capture_2020_04_17_11_39_49_7283_left,0,26,14,26,27,26,39,3,28,49,29,0,0,0,0,52
capture_2020_04_17_11_39_49_7283_right,0,25,16,26,28,25,41,2,31,49,32,0,0,0,0,52
capture_2020_04_17_11_39_49_7284_left,0,25,12,26,26,26,41,2,28,49,29,0,0,0,0,52
capture_2020_04_17_11_39_49_7284_right,0,26,15,26,28,25,41,2,30,50,30,0,0,0,0,52
capture_2020_04_17_11_39_49_7285_left,0,25,12,25,27,25,39,1,28,50,28,0,0,0,0,52
capture_2020_04_17_11_39_49_7285_right,0,24,15,26,27,25,40,2,29,50,30,0,0,0,0,52
capture_2020_04_17_11_39_49_7286_left,0,26,13,26,27,26,40,4,28,51,28,0,0,0,0,53
capture_2020_04_17_11_39_49_7286_right,0,26,14,26,26,26,40,2,29,51,30,0,0,0,0,53
capture_2020_04_17_11_39_49_7287_left,0,27,12,28,27,28,40,2,28,52,28,0,0,0,0,54
capture_2020_04_17_11_39_49_7287_right,0,26,15,27,27,27,40,1,29,52,30,0,0,0,0,53
capture_2020_04_17_11_39_49_7288_left,0,26,14,26,27,27,40,2,30,52,28,0,0,0,0,54
capture_2020_04_17_11_39_49_7288_right,0,26,14,26,27,27,40,2,28,52,31,0,0,0,0,54
capture_2020_04_17_11_39_49_7289_left,0,28,15,27,28,27,41,2,29,52,29,0,0,0,0,55
capture_2020_04_17_11_39_49_7289_right,0,26,14,28,28,27,41,2,31,52,30,0,0,0,0,55
capture_2020_04_17_11_39_49_7290_left,0,30,15,30,31,30,44,1,34,55,33,0,0,0,0,57
capture_2020_04_17_11_39_49_7290_right,0,29,17,29,31,28,43,2,34,55,34,0,0,0,0,58
capture_2020_04_17_11_39_49_7291_left,0,31,17,30,32,30,44,3,34,55,31,0,0,0,0,58
capture_2020_04_17_11_39_49_7291_right,0,32,17,30,31,31,44,3,33,57,33,0,0,0,0,59
capture_2020_04_17_11_39_49_7292_left,0,32,17,30,32,31,45,3,34,57,34,0,0,0,0,59
capture_2020_04_17_11_39_49_7292_right,0,29,17,30,31,30,44,3,31,57,34,0,0,0,0,59
capture_2020_04_17_11_39_49_7293_left,0,32,18,32,33,32,45,4,35,58,34,0,0,0,0,60
capture_2020_04_17_11_39_49_7293_right,0,30,18,30,30,30,45,4,33,58,34,0,0,0,0,60
capture_2020_04_17_11_39_49_7294_left,0,33,18,32,32,32,45,4,34,58,34,0,0,0,0,60
capture_2020_04_17_11_39_49_7294_right,0,30,18,31,30,30,43,5,32,58,34,0,0,0,0,61
capture_2020_04_17_11_39_49_7295_left,0,33,17,33,30,34,44,5,34,58,34,0,0,0,0,61
capture_2020_04_17_11_39_49_7295_right,0,33,17,30,31,33,45,4,34,58,34,0,0,0,0,60
capture_2020_04_17_11_39_49_7296_left,0,34,17,33,32,34,45,5,34,59,34,0,0,0,0,62
capture_2020_04_17_11_39_49_7296_right,0,31,17,31,32,32,46,4,34,59,34,0,0,0,0,61
capture_2020_04_17_11_39_49_7297_left,0,33,15,33,32,33,46,5,34,59,34,0,0,0,0,62
capture_2020_04_17_11_39_49_7297_right,0,33,15,32,31,32,48,4,35,60,35,0,0,0,0,62
capture_2020_04_17_11_39_49_7298_left,0,33,15,32,31,32,48,4,35,60,35,0,0,0,0,62
capture_2020_04_17_11_39_49_7298_right,0,33,15,32,31,32,47,5,34,59,34,0,0,0,0,62
capture_2020_04_17_11_39_49_7299_left,0,35,15,35,34,34,49,5,36,62,36,0,0,0,0,65
capture_2020_04_17_11_39_49_7299_right,0,34,15,34,35,33,49,4,36,61,36,0,0,0,0,64
capture_2020_04_17_11_39_49_7300_left,0,34,16,34,36,33,50,4,36,62,37,0,0,0,0,64
capture_2020_04_17_11_39_49_7300_right,0,34,15,33,34,33,49,4,36,61,36,0,0,0,0,64
capture_2020_04_17_11_39_49_7301_left,0,34,16,35,31,34,49,5,35,65,34,0,0,0,0,66
capture_2020_04_17_11_39_49_7301_right,0,34,16,33,33,34,49,5,36,63,37,0,0,0,0,66
capture_2020_04_17_11_39_49_7302_left,0,36,17,36,34,37,50,5,37,66,37,0,0,0,0,68
capture_2020_04_17_11_39_49_7302_right,0,33,18,34,33,35,49,4,35,64,37,0,0,0,0,67
capture_2020_04_17_11_39_49_7303_left,0,36,18,37,34,37,50,4,38,65,37,0,0,0,0,69
capture_2020_04_17_11_39_49_7303_right,0,36,18,35,33,37,50,4,37,65,37,0,0,0,0,69
capture_2020_04_17_11_39_49_7304_left,0,36,18,38,33,38,51,3,38,67,38,0,0,0,0,70
capture_2020_04_17_11_39_49_7304_right,0,36,18,36,33,38,50,4,37,66,38,0,0,0,0,70
capture_2020_04_17_11_39_49_7305_left,0,37,19,37,34,38,52,6,37,69,38,0,0,0,0,71
capture_2020_04_17_11_39_49_7305_right,0,37,18,37,33,38,51,7,37,67,38,0,0,0,0,71
capture_2020_04_17_11_39_49_7306_left,0,40,19,40,34,42,50,6,39,70,39,0,0,0,0,72
capture_2020_04_17_11_39_49_7306_right,0,36,18,36,33,38,50,6,39,70,39,0,0,0,0,72
capture_2020_04_17_11_39_49_7307_left,0,40,17,40,35,39,51,5,40,70,39,0,0,0,0,72
capture_2020_04_17_11_39_49_7307_right,0,38,17,36,34,39,51,5,40,70,39,0,0,0,0,72
capture_2020_04_17_11_39_49_7308_left,0,38,18,40,36,39,52,5,41,70,39,0,0,0,0,72
capture_2020_04_17_11_39_49_7308_right,0,38,18,34,36,39,52,5,41,70,39,0,0,0,0,72
capture_2020_04_17_11_39_49_7309_left,0,39,18,40,36,41,53,6,41,72,40,0,0,0,0,74
capture_2020_04_17_11_39_49_7309_right,0,39,18,36,36,41,53,6,41,72,40,0,0,0,0,74
capture_2020_04_17_11_39_49_7310_left,0,39,18,40,37,41,53,6,41,72,40,0,0,0,0,74
capture_2020_04_17_11_39_49_7310_right,0,39,18,37,35,41,53,6,41,72,40,0,0,0,0,74
capture_2020_04_17_11_39_49_7311_left,0,39,18,40,36,40,52,6,41,71,39,0,0,0,0,74
capture_2020_04_17_11_39_49_7311_right,0,39,18,38,35,38,52,6,41,72,40,0,0,0,0,74
capture_2020_04_17_11_39_49_7312_left,0,39,18,39,36,39,53,5,42,72,40,0,0,0,0,74
capture_2020_04_17_11_39_49_7312_right,0,37,17,38,33,38,51,3,39,72,37,0,0,0,0,74
capture_2020_04_17_11_39_49_7313_left,0,38,18,40,36,39,52,4,40,73,39,0,0,0,0,75
capture_2020_04_17_11_39_49_7313_right,0,38,16,38,32,38,51,3,36,72,36,0,0,0,0,75
capture_2020_04_17_11_39_49_7314_left,0,39,17,37,36,39,52,3,39,73,40,0,0,0,0,76
capture_2020_04_17_11_39_49_7314_right,0,39,14,39,34,38,51,3,38,74,36,0,0,0,0,77
capture_2020_04_17_11_39_49_7315_left,0,40,18,39,36,40,54,4,42,75,40,0,0,0,0,78
capture_2020_04_17_11_39_49_7315_right,0,38,17,37,35,37,53,2,40,75,38,0,0,0,0,78
capture_2020_04_17_11_39_49_7316_left,0,41,20,39,38,39,55,4,43,76,42,0,0,0,0,79
capture_2020_04_17_11_39_49_7316_right,0,37,19,36,34,36,53,2,41,74,38,0,0,0,0,80
capture_2020_04_17_11_39_49_7317_left,0,42,20,41,38,40,55,4,42,77,42,0,0,0,0,81
capture_2020_04_17_11_39_49_7317_right,0,38,21,37,36,37,54,2,42,75,39,0,0,0,0,81
capture_2020_04_17_11_39_49_7318_left,0,43,23,42,39,43,57,5,45,79,43,0,0,0,0,82
capture_2020_04_17_11_39_49_7318_right,0,38,22,38,38,39,57,4,42,77,41,0,0,0,0,82
capture_2020_04_17_11_39_49_7319_left,0,42,22,42,39,42,57,5,43,79,44,0,0,0,0,82
capture_2020_04_17_11_39_49_7319_right,0,39,22,39,37,39,56,3,44,79,41,0,0,0,0,82
capture_2020_04_17_11_39_49_7320_left,0,44,22,43,40,44,59,6,45,78,44,0,0,0,0,82
capture_2020_04_17_11_39_49_7320_right,0,40,21,38,37,40,56,2,43,77,43,0,0,0,0,82
capture_2020_04_17_11_39_49_7321_left,0,44,19,43,40,43,59,7,44,80,45,0,0,0,0,83
capture_2020_04_17_11_39_49_7321_right,0,41,19,41,39,42,60,6,44,79,45,0,0,0,0,82
capture_2020_04_17_11_39_49_7322_left,0,43,20,43,40,43,60,6,44,79,45,0,0,0,0,82
capture_2020_04_17_11_39_49_7322_right,0,41,21,40,39,42,59,4,45,79,45,0,0,0,0,82
capture_2020_04_17_11_39_49_7323_left,0,42,20,42,39,43,59,5,45,80,44,0,0,0,0,82
capture_2020_04_17_11_39_49_7323_right,0,42,20,42,38,42,57,5,44,80,42,0,0,0,0,83
capture_2020_04_17_11_39_49_7324_left,0,44,20,44,40,44,60,4,45,81,42,0,0,0,0,83
capture_2020_04_17_11_39_49_7324_right,0,44,20,42,38,44,60,4,45,81,42,0,0,0,0,83
capture_2020_04_17_11_39_49_7325_left,0,44,20,43,39,44,60,4,45,81,42,0,0,0,0,83
capture_2020_04_17_11_39_49_7325_right,0,44,20,44,37,44,60,5,43,79,39,0,0,0,0,83
capture_2020_04_17_11_39_49_7326_left,0,41,14,44,35,44,57,5,40,80,37,0,0,0,0,83
capture_2020_04_17_11_39_49_7326_right,0,41,14,44,34,44,57,5,40,80,37,0,0,0,0,83
capture_2020_04_17_11_39_49_7327_left,0,41,14,41,34,44,57,5,40,80,37,0,0,0,0,83
capture_2020_04_17_11_39_49_7327_right,0,42,14,46,34,45,58,5,40,81,38,0,0,0,0,84
capture_2020_04_17_11_39_49_7328_left,0,42,14,42,34,44,57,5,40,81,40,0,0,0,0,84
capture_2020_04_17_11_39_49_7328_right,0,44,15,44,34,45,57,5,40,81,40,0,0,0,0,83
capture_2020_04_17_11_39_49_7329_left,0,44,15,43,36,46,57,5,40,81,40,0,0,0,0,84
capture_2020_04_17_11_39_49_7329_right,0,44,15,44,35,45,57,5,40,81,40,0,0,0,0,83
capture_2020_04_17_11_39_49_7330_left,0,41,14,41,35,43,57,5,40,81,40,0,0,0,0,84
capture_2020_04_17_11_39_49_7330_right,0,41,14,44,35,42,57,5,40,81,40,0,0,0,0,83
capture_2020_04_17_11_39_49_7331_left,0,41,14,43,37,43,57,5,40,82,41,0,0,0,0,84
capture_2020_04_17_11_39_49_7331_right,0,41,14,45,38,43,57,3,43,81,40,0,0,0,0,84
capture_2020_04_17_11_39_49_7332_left,0,41,14,42,37,42,56,4,42,81,44,0,0,0,0,83
capture_2020_04_17_11_39_49_7332_right,0,44,18,45,40,46,63,5,45,81,44,0,0,0,0,83
capture_2020_04_17_11_39_49_7333_left,0,41,18,42,39,45,62,2,44,81,44,0,0,0,0,83
capture_2020_04_17_11_39_49_7333_right,0,44,17,44,39,45,62,3,47,81,44,0,0,0,0,83
capture_2020_04_17_11_39_49_7334_left,0,44,17,42,39,45,62,2,44,81,44,0,0,0,0,83
capture_2020_04_17_11_39_49_7334_right,0,44,17,43,39,45,62,2,45,81,44,0,0,0,0,83
capture_2020_04_17_11_39_49_7335_left,0,40,17,41,38,40,63,2,45,81,44,0,0,0,0,83
capture_2020_04_17_11_39_49_7335_right,0,40,17,43,39,40,63,2,45,81,44,0,0,0,0,83
capture_2020_04_17_11_39_49_7336_left,0,40,18,39,39,40,62,2,44,81,42,0,0,0,0,82
capture_2020_04_17_11_39_49_7336_right,0,43,18,42,38,44,58,2,45,81,42,0,0,0,0,83
capture_2020_04_17_11_39_49_7337_left,0,39,18,40,39,40,57,2,45,81,45,0,0,0,0,83
capture_2020_04_17_11_39_49_7337_right,0,39,18,42,39,40,57,4,44,79,44,0,0,0,0,83
capture_2020_04_17_11_39_49_7338_left,0,39,18,42,38,41,62,3,45,81,44,0,0,0,0,83
capture_2020_04_17_11_39_49_7338_right,0,42,19,43,39,43,59,1,46,81,45,0,0,0,0,83
capture_2020_04_17_11_39_49_7339_left,1,40,39,40,44,40,50,3,45,80,42,0,0,0,0,82
capture_2020_04_17_11_39_49_7339_right,1,40,36,41,44,41,51,3,45,80,42,0,0,0,0,83
capture_2020_04_17_11_39_49_7340_left,1,40,36,41,44,41,51,3,45,80,42,0,0,0,0,83
capture_2020_04_17_11_39_49_7340_right,1,40,36,41,44,41,51,2,43,80,42,0,0,0,0,83
capture_2020_04_17_11_39_49_7341_left,1,40,36,40,44,40,51,1,43,80,42,0,0,0,0,82
capture_2020_04_17_11_39_49_7341_right,1,40,36,41,44,41,51,2,43,80,42,0,0,0,0,83
capture_2020_04_17_11_39_49_7342_left,1,40,36,41,44,41,51,2,43,80,42,0,0,0,0,83
capture_2020_04_17_11_39_49_7342_right,1,40,36,41,44,41,51,2,43,80,42,0,0,0,0,83
capture_2020_04_17_11_39_49_7343_left,0,40,23,29,43,40,65,1,47,81,47,1,0,1,0,83
capture_2020_04_17_11_39_49_7343_right,0,39,21,28,40,39,61,3,42,80,45,1,0,1,0,83
capture_2020_04_17_11_39_49_7344_left,0,39,21,28,40,39,61,3,42,80,45,1,0,1,0,83
capture_2020_04_17_11_39_49_7344_right,0,39,21,28,40,39,60,4,41,80,44,1,0,1,0,83
capture_2020_04_17_11_39_49_7345_left,0,39,21,28,40,39,61,3,42,80,45,1,0,1,0,83
capture_2020_04_17_11_39_49_7345_right,0,39,21,28,38,39,60,4,41,80,44,1,0,1,0,83
capture_2020_04_17_11_39_49_7346_left,0,39,21,27,42,39,61,3,42,80,45,1,0,1,0,83
capture_2020_04_17_11_39_49_7346_right,0,39,21,26,39,39,61,3,42,80,45,1,0,0,0,83
capture_2020_04_17_11_39_49_7347_left,0,39,21,27,42,39,61,3,42,80,45,1,0,0,0,83
capture_2020_04_17_11_39_49_7347_right,0,38,21,27,37,38,61,3,42,79,45,1,0,0,0,82
capture_2020_04_17_11_39_49_7348_left,0,39,21,28,43,39,61,3,42,80,45,1,0,0,0,83
capture_2020_04_17_11_39_49_7348_right,0,39,21,29,39,39,61,3,42,80,45,1,0,0,0,83
capture_2020_04_17_11_39_49_7349_left,0,39,21,28,41,39,61,3,42,80,45,1,0,0,0,83
capture_2020_04_17_11_39_49_7349_right,0,38,21,28,38,38,61,3,42,79,45,1,0,0,0,82
capture_2020_04_17_11_39_49_7350_left,0,39,21,28,42,39,61,3,42,80,45,1,0,0,0,83
capture_2020_04_17_11_39_49_7350_right,0,38,21,26,37,38,61,2,39,79,43,1,0,0,0,82
capture_2020_04_17_11_39_49_7351_left,0,38,21,27,41,38,61,2,39,79,43,1,0,0,0,82
capture_2020_04_17_11_39_49_7351_right,0,39,21,29,39,39,61,2,39,80,43,1,0,0,0,83
capture_2020_04_17_11_39_49_7352_left,0,39,21,29,40,39,61,2,39,80,43,1,0,0,0,83
capture_2020_04_17_11_39_49_7352_right,0,39,21,28,38,39,61,2,39,80,43,1,0,0,0,83
capture_2020_04_17_11_39_49_7353_left,0,39,21,29,41,39,61,2,39,80,43,1,0,0,0,83
capture_2020_04_17_11_39_49_7353_right,0,38,21,28,37,38,60,2,38,79,43,1,0,0,0,82
capture_2020_04_17_11_39_49_7354_left,0,39,21,27,41,39,61,2,39,80,43,1,0,0,0,83
capture_2020_04_17_11_39_49_7354_right,0,37,15,28,37,37,60,2,42,81,39,1,0,0,0,83
capture_2020_04_17_11_39_49_7355_left,0,37,19,26,43,38,68,1,43,80,45,1,0,0,0,83
capture_2020_04_17_11_39_49_7355_right,0,37,14,26,37,38,63,1,38,80,39,1,0,0,0,83
capture_2020_04_17_11_39_49_7356_left,0,37,14,25,41,37,63,4,42,79,44,1,0,0,0,82
capture_2020_04_17_11_39_49_7356_right,0,37,14,27,38,38,62,2,38,79,40,1,0,0,0,82
capture_2020_04_17_11_39_49_7357_left,0,40,18,26,43,38,62,2,45,81,45,1,0,0,0,83
capture_2020_04_17_11_39_49_7357_right,0,40,17,26,39,38,62,2,42,80,39,1,0,0,0,83
capture_2020_04_17_11_39_49_7358_left,0,40,17,26,39,38,62,2,42,79,42,1,0,0,0,83
capture_2020_04_17_11_39_49_7358_right,0,40,17,26,39,38,62,2,42,79,38,1,0,0,0,83
capture_2020_04_17_11_39_49_7359_left,0,40,17,26,39,38,62,2,42,80,42,1,0,0,0,83
capture_2020_04_17_11_39_49_7359_right,0,40,17,26,39,38,62,2,42,80,39,1,0,0,0,83
capture_2020_04_17_11_39_49_7360_left,0,40,17,26,43,43,60,3,45,81,42,1,0,0,0,83
capture_2020_04_17_11_39_49_7360_right,0,40,18,29,38,43,61,2,40,79,39,1,0,0,0,83
capture_2020_04_17_11_39_49_7361_left,1,39,39,40,45,40,53,4,48,78,40,0,0,0,0,83
capture_2020_04_17_11_39_49_7361_right,1,39,39,40,45,40,53,4,40,78,40,0,0,0,0,83
capture_2020_04_17_11_39_49_7362_left,1,39,39,40,45,40,53,4,48,79,38,0,0,0,0,83
capture_2020_04_17_11_39_49_7362_right,1,39,39,39,45,40,53,4,40,79,39,0,0,0,0,82
capture_2020_04_17_11_39_49_7363_left,1,39,39,40,45,40,53,3,47,78,37,0,0,0,0,83
capture_2020_04_17_11_39_49_7363_right,1,39,39,40,45,40,53,3,40,78,37,0,0,0,0,83
capture_2020_04_17_11_39_49_7364_left,0,40,22,48,41,41,59,2,46,80,40,0,1,0,0,83
capture_2020_04_17_11_39_49_7364_right,0,40,22,54,38,41,60,3,42,80,41,0,1,0,0,83
capture_2020_04_17_11_39_49_7365_left,0,40,22,54,38,41,60,3,42,80,41,0,1,0,0,83
capture_2020_04_17_11_39_49_7365_right,0,40,22,54,38,41,60,2,42,80,41,0,1,0,0,82
capture_2020_04_17_11_39_49_7366_left,0,43,17,53,41,42,61,4,45,80,41,0,1,0,0,82
capture_2020_04_17_11_39_49_7366_right,0,44,17,55,38,42,61,5,45,80,41,0,1,0,0,83
capture_2020_04_17_11_39_49_7367_left,0,44,17,53,40,42,61,5,45,80,41,0,1,0,0,83
capture_2020_04_17_11_39_49_7367_right,0,44,17,54,40,42,61,3,45,80,41,0,1,0,0,83
capture_2020_04_17_11_39_49_7368_left,0,44,17,54,41,42,61,4,47,80,41,0,1,0,0,83
capture_2020_04_17_11_39_49_7368_right,0,43,17,53,41,42,61,3,47,80,41,0,1,0,0,82
capture_2020_04_17_11_39_49_7369_left,0,44,17,54,41,42,61,4,47,80,41,0,1,0,0,83
capture_2020_04_17_11_39_49_7369_right,0,43,17,54,40,42,61,3,47,80,41,0,1,0,0,82
capture_2020_04_17_11_39_49_7370_left,0,44,17,53,43,42,61,4,47,80,41,0,1,0,0,83
capture_2020_04_17_11_39_49_7370_right,0,44,17,55,39,42,60,4,46,80,40,0,1,0,0,83
capture_2020_04_17_11_39_49_7371_left,0,43,17,54,42,42,60,4,46,79,40,0,1,0,0,82
capture_2020_04_17_11_39_49_7371_right,0,43,17,56,41,42,60,4,46,79,40,0,1,0,0,82
capture_2020_04_17_11_39_49_7372_left,0,43,17,54,42,42,60,4,46,79,40,0,1,0,0,82
capture_2020_04_17_11_39_49_7372_right,0,43,17,54,40,42,60,4,46,79,40,0,1,0,0,82
capture_2020_04_17_11_39_49_7373_left,0,43,17,55,42,42,60,4,46,79,40,0,1,0,0,82
capture_2020_04_17_11_39_49_7373_right,0,43,17,54,40,42,60,4,46,79,40,0,1,0,0,82
capture_2020_04_17_11_39_49_7374_left,0,43,17,54,41,42,60,4,46,79,40,0,1,0,0,82
capture_2020_04_17_11_39_49_7374_right,0,43,17,54,40,42,60,4,46,79,40,0,1,0,0,82
capture_2020_04_17_11_39_49_7375_left,0,43,17,54,42,42,60,4,46,79,40,0,1,0,0,82
capture_2020_04_17_11_39_49_7375_right,0,44,17,54,42,42,60,4,46,80,40,0,1,0,0,83
capture_2020_04_17_11_39_49_7376_left,0,43,17,54,42,42,60,4,46,79,40,0,1,0,0,82
capture_2020_04_17_11_39_49_7376_right,0,44,17,56,41,42,60,4,46,80,40,0,1,0,0,83
capture_2020_04_17_11_39_49_7377_left,0,43,17,55,41,42,60,4,46,79,40,0,1,0,0,82
capture_2020_04_17_11_39_49_7377_right,0,43,17,55,41,42,60,4,46,79,40,0,1,0,0,82
capture_2020_04_17_11_39_49_7378_left,0,44,17,56,41,43,65,3,48,79,43,0,1,0,0,83
capture_2020_04_17_11_39_49_7378_right,0,43,17,55,41,43,65,3,48,78,43,0,1,0,0,82
capture_2020_04_17_11_39_49_7379_left,0,43,17,55,41,43,66,2,48,79,43,0,1,0,0,82
capture_2020_04_17_11_39_49_7379_right,0,43,17,55,41,43,65,3,48,78,43,0,1,0,0,82
capture_2020_04_17_11_39_49_7380_left,0,43,17,55,41,43,65,3,48,78,43,0,1,0,0,82
capture_2020_04_17_11_39_49_7380_right,0,43,17,55,41,43,65,3,48,78,43,0,1,0,0,82
capture_2020_04_17_11_39_49_7381_left,0,43,17,55,41,43,65,3,48,78,43,0,1,0,0,82
capture_2020_04_17_11_39_49_7381_right,0,44,17,56,41,43,65,3,48,79,43,0,1,0,0,83
capture_2020_04_17_11_39_49_7382_left,0,43,17,55,41,43,65,3,48,78,43,0,1,0,0,82
capture_2020_04_17_11_39_49_7382_right,0,43,17,55,41,43,65,3,48,78,43,0,1,0,0,82
capture_2020_04_17_11_39_49_7383_left,1,41,41,42,48,41,57,4,50,78,43,0,0,0,0,82
capture_2020_04_17_11_39_49_7383_right,1,41,39,41,46,41,54,3,43,78,43,0,0,0,0,82
capture_2020_04_17_11_39_49_7384_left,1,41,43,42,51,43,60,7,49,78,43,0,0,0,0,82
capture_2020_04_17_11_39_49_7384_right,1,41,43,42,48,42,55,4,44,78,43,0,0,0,0,82
capture_2020_04_17_11_39_49_7385_left,1,44,47,44,52,44,60,5,50,78,43,0,0,0,0,82
capture_2020_04_17_11_39_49_7385_right,1,44,46,43,52,44,57,6,42,78,43,0,0,0,0,82
capture_2020_04_17_11_39_49_7386_left,1,45,49,46,54,46,60,8,50,79,40,0,0,0,0,83
capture_2020_04_17_11_39_49_7386_right,1,45,49,43,53,45,60,5,43,78,45,0,0,0,0,82
capture_2020_04_17_11_39_49_7387_left,1,39,47,39,54,40,60,8,48,77,43,0,0,0,0,82
capture_2020_04_17_11_39_49_7387_right,1,39,47,39,54,40,60,5,43,78,46,0,0,0,0,82
capture_2020_04_17_11_39_49_7388_left,1,41,50,43,56,43,62,5,48,79,41,0,0,0,0,82
capture_2020_04_17_11_39_49_7388_right,1,44,46,44,52,44,58,4,45,79,44,0,0,0,0,83
capture_2020_04_17_11_39_49_7389_left,1,38,42,38,50,39,57,5,48,79,44,0,0,0,0,82
capture_2020_04_17_11_39_49_7389_right,1,40,40,40,49,40,56,4,44,79,44,0,0,0,0,82
capture_2020_04_17_11_39_49_7390_left,1,40,40,40,49,40,56,4,48,79,44,0,0,0,0,82
capture_2020_04_17_11_39_49_7390_right,1,40,40,40,49,40,56,4,46,79,44,0,0,0,0,82
capture_2020_04_17_11_39_49_7391_left,1,40,40,40,49,40,56,6,47,79,44,0,0,0,0,82
capture_2020_04_17_11_39_49_7391_right,1,40,40,40,49,40,56,7,44,79,44,0,0,0,0,82
capture_2020_04_17_11_39_49_7392_left,0,40,32,41,49,41,67,7,49,79,44,0,0,0,0,83
capture_2020_04_17_11_39_49_7392_right,0,40,31,40,47,40,66,4,46,79,45,0,0,0,0,82
capture_2020_04_17_11_39_49_7393_left,0,40,31,42,49,40,65,5,45,79,44,0,0,0,0,83
capture_2020_04_17_11_39_49_7393_right,0,40,31,41,49,40,65,4,45,79,44,0,0,0,0,82
capture_2020_04_17_11_39_49_7394_left,0,40,31,41,49,40,65,4,45,79,44,0,0,0,0,82
capture_2020_04_17_11_39_49_7394_right,1,40,41,41,50,41,60,4,46,79,45,0,0,0,0,82
capture_2020_04_17_11_39_49_7395_left,1,40,40,41,49,41,59,4,45,79,44,0,0,0,0,82
capture_2020_04_17_11_39_49_7395_right,1,40,41,41,50,41,60,4,46,79,45,0,0,0,0,82
capture_2020_04_17_11_39_49_7396_left,1,40,40,41,49,41,59,4,45,79,44,0,0,0,0,82
capture_2020_04_17_11_39_49_7396_right,1,40,41,41,50,41,60,4,46,79,45,0,0,0,0,82
capture_2020_04_17_11_39_49_7397_left,1,40,40,41,49,41,59,4,45,79,44,0,0,0,0,82
capture_2020_04_17_11_39_49_7397_right,1,41,44,41,50,42,56,4,46,79,45,0,0,0,0,82
capture_2020_04_17_11_39_49_7398_left,1,41,44,41,49,42,55,4,45,79,44,0,0,0,0,82
capture_2020_04_17_11_39_49_7398_right,1,41,44,41,49,42,55,9,42,79,44,0,0,0,0,82
capture_2020_04_17_11_39_49_7399_left,1,41,44,41,49,42,55,5,48,79,44,0,0,0,0,82
capture_2020_04_17_11_39_49_7399_right,1,41,44,41,50,42,56,7,45,79,45,0,0,0,0,82
capture_2020_04_17_11_39_49_7400_left,1,41,44,41,49,42,55,7,48,78,46,0,0,0,0,82
capture_2020_04_17_11_39_49_7400_right,1,41,44,41,50,42,56,8,45,78,46,0,0,0,0,82
capture_2020_04_17_11_39_49_7401_left,1,41,44,41,49,42,55,7,49,78,46,0,0,0,0,82
capture_2020_04_17_11_39_49_7401_right,1,41,44,41,50,42,56,6,45,78,46,0,0,0,0,82
capture_2020_04_17_11_39_49_7402_left,1,41,44,41,49,42,55,5,48,78,46,0,0,0,0,82
capture_2020_04_17_11_39_49_7402_right,1,41,44,41,49,42,55,6,44,78,46,0,0,0,0,82
capture_2020_04_17_11_39_49_7403_left,1,41,44,41,50,42,56,7,48,77,46,0,0,0,0,82
capture_2020_04_17_11_39_49_7403_right,1,42,43,42,49,42,55,6,46,78,46,0,0,0,0,82
capture_2020_04_17_11_39_49_7404_left,1,41,45,40,52,41,59,8,48,78,47,0,0,0,0,82
capture_2020_04_17_11_39_49_7404_right,1,41,39,41,49,41,56,8,45,78,46,0,0,0,0,82
capture_2020_04_17_11_39_49_7405_left,1,41,43,41,49,41,56,5,48,78,46,0,0,0,0,82
capture_2020_04_17_11_39_49_7405_right,1,41,44,41,50,41,56,6,43,78,46,0,0,0,0,82
capture_2020_04_17_11_39_49_7406_left,1,42,45,42,52,43,58,7,50,78,45,0,0,0,0,82
capture_2020_04_17_11_39_49_7406_right,1,42,46,41,51,41,57,6,46,79,46,0,0,0,0,82
capture_2020_04_17_11_39_49_7407_left,1,40,43,41,51,41,57,5,48,79,46,0,0,0,0,82
capture_2020_04_17_11_39_49_7407_right,1,40,43,41,50,41,56,5,45,78,45,0,0,0,0,82
capture_2020_04_17_11_39_49_7408_left,1,40,43,41,51,41,57,6,48,79,46,0,0,0,0,82
capture_2020_04_17_11_39_49_7408_right,1,40,43,41,50,41,56,6,44,78,45,0,0,0,0,82
capture_2020_04_17_11_39_49_7409_left,1,39,45,41,51,41,61,5,48,77,47,0,0,0,0,82
capture_2020_04_17_11_39_49_7409_right,1,40,41,39,49,40,58,4,46,78,43,0,0,0,0,82
capture_2020_04_17_11_39_49_7410_left,1,41,45,42,52,42,58,3,50,78,47,0,0,0,0,82
capture_2020_04_17_11_39_49_7410_right,1,43,45,43,48,43,52,5,44,79,44,0,0,0,0,83
capture_2020_04_17_11_39_49_7411_left,1,40,45,40,51,40,57,5,47,77,47,0,0,0,0,82
capture_2020_04_17_11_39_49_7411_right,1,40,43,40,51,41,58,5,47,78,47,0,0,0,0,83
capture_2020_04_17_11_39_49_7412_left,1,39,42,40,51,40,60,4,49,77,47,0,0,0,0,82
capture_2020_04_17_11_39_49_7412_right,1,43,42,42,51,43,60,7,44,78,45,0,0,0,0,83
capture_2020_04_17_11_39_49_7413_left,1,42,46,43,51,44,58,4,50,75,46,0,0,0,0,82
capture_2020_04_17_11_39_49_7413_right,1,43,46,43,52,44,58,4,47,76,46,0,0,0,0,83
capture_2020_04_17_11_39_49_7414_left,1,40,44,40,51,42,58,4,46,75,46,0,0,0,0,82
capture_2020_04_17_11_39_49_7414_right,1,40,45,40,51,41,57,4,45,75,46,0,0,0,0,82
capture_2020_04_17_11_39_49_7415_left,1,42,45,42,51,42,57,6,48,75,46,0,0,0,0,82
capture_2020_04_17_11_39_49_7415_right,1,41,43,41,50,41,56,6,45,75,46,0,0,0,0,82
capture_2020_04_17_11_39_49_7416_left,1,41,47,40,52,43,60,5,49,75,46,0,0,0,0,82
capture_2020_04_17_11_39_49_7416_right,1,40,44,40,51,41,58,5,45,78,45,0,0,0,0,82
capture_2020_04_17_11_39_49_7417_left,1,42,46,42,52,42,59,5,49,78,45,0,0,0,0,82
capture_2020_04_17_11_39_49_7417_right,1,41,42,41,49,41,58,5,44,77,44,0,0,0,0,82
capture_2020_04_17_11_39_49_7418_left,1,41,42,41,49,41,58,4,49,77,44,0,0,0,0,82
capture_2020_04_17_11_39_49_7418_right,1,41,42,41,49,41,58,3,44,78,45,0,0,0,0,82
capture_2020_04_17_11_39_49_7419_left,0,42,27,43,44,43,59,4,47,77,44,0,0,0,0,82
capture_2020_04_17_11_39_49_7419_right,0,42,25,42,42,41,57,4,44,78,44,0,0,0,0,83
capture_2020_04_17_11_39_49_7420_left,0,40,28,43,43,43,58,6,47,78,47,0,0,0,0,82
capture_2020_04_17_11_39_49_7420_right,0,40,28,43,43,43,58,6,47,78,47,0,0,0,0,82
capture_2020_04_17_11_39_49_7421_left,0,41,28,44,43,43,58,6,47,78,47,0,0,0,0,83
capture_2020_04_17_11_39_49_7421_right,0,41,23,41,40,42,55,6,45,78,47,0,0,0,0,83
capture_2020_04_17_11_39_49_7422_left,0,44,22,43,41,44,63,5,47,78,47,0,0,0,0,83
capture_2020_04_17_11_39_49_7422_right,0,42,21,42,39,43,63,5,47,78,47,0,0,0,0,83
capture_2020_04_17_11_39_49_7423_left,0,42,21,45,42,43,63,5,47,78,47,0,0,0,0,83
capture_2020_04_17_11_39_49_7423_right,0,41,21,41,40,42,63,5,47,78,47,0,0,0,0,82
capture_2020_04_17_11_39_49_7424_left,0,42,21,43,39,43,63,5,47,78,47,0,0,0,0,83
capture_2020_04_17_11_39_49_7424_right,0,42,18,41,37,42,63,5,47,77,44,0,0,0,0,82
capture_2020_04_17_11_39_49_7425_left,0,42,18,43,37,42,63,6,47,79,47,0,0,0,0,82
capture_2020_04_17_11_39_49_7425_right,0,42,18,42,36,42,63,6,47,79,47,0,0,0,0,82
capture_2020_04_17_11_39_49_7426_left,0,42,13,43,34,42,64,6,47,79,48,0,0,0,0,82
capture_2020_04_17_11_39_49_7426_right,0,43,13,43,32,43,64,6,47,80,40,0,0,0,0,83
capture_2020_04_17_11_39_49_7427_left,0,43,13,45,33,43,64,4,44,80,45,0,0,0,0,83
capture_2020_04_17_11_39_49_7427_right,0,41,10,42,30,42,63,4,44,79,44,0,0,0,0,82
capture_2020_04_17_11_39_49_7428_left,0,41,10,43,32,42,63,4,44,80,44,0,0,0,0,82
capture_2020_04_17_11_39_49_7428_right,0,41,10,43,29,42,63,4,44,80,44,0,0,0,0,82
capture_2020_04_17_11_39_49_7429_left,0,41,10,44,32,42,63,4,44,80,44,0,0,0,0,82
capture_2020_04_17_11_39_49_7429_right,0,41,10,42,30,42,63,4,44,80,44,0,0,0,0,82
capture_2020_04_17_11_39_49_7430_left,0,42,11,44,31,43,64,4,44,81,44,0,0,0,0,83
capture_2020_04_17_11_39_49_7430_right,0,42,10,42,28,43,63,5,44,80,44,0,0,0,0,83
capture_2020_04_17_11_39_49_7431_left,0,41,10,44,30,42,63,4,44,80,44,0,0,0,0,82
capture_2020_04_17_11_39_49_7431_right,0,41,10,41,29,42,63,4,44,80,44,0,0,0,0,82
capture_2020_04_17_11_39_49_7432_left,0,41,11,44,31,42,64,4,44,80,44,0,0,0,0,82
capture_2020_04_17_11_39_49_7432_right,0,41,10,42,30,42,63,4,44,80,44,0,0,0,0,82
capture_2020_04_17_11_39_49_7433_left,0,41,11,44,32,42,64,4,44,80,44,0,0,0,0,82
capture_2020_04_17_11_39_49_7433_right,0,41,10,42,30,42,63,4,44,80,44,0,0,0,0,82
capture_2020_04_17_11_39_49_7434_left,0,41,11,44,33,42,64,4,44,80,44,0,0,0,0,82
capture_2020_04_17_11_39_49_7434_right,0,41,10,42,31,42,63,4,46,80,44,0,0,0,0,82
capture_2020_04_17_11_39_49_7435_left,0,41,11,43,33,42,64,3,46,80,44,0,0,0,0,82
capture_2020_04_17_11_39_49_7435_right,0,41,10,42,31,42,63,4,46,80,44,0,0,0,0,82
capture_2020_04_17_11_39_49_7436_left,0,41,11,43,33,42,64,3,46,80,44,0,0,0,0,82
capture_2020_04_17_11_39_49_7436_right,0,41,10,43,31,42,63,4,46,80,44,0,0,0,0,82
capture_2020_04_17_11_39_49_7437_left,0,41,11,44,32,42,64,3,46,80,44,0,0,0,0,82
capture_2020_04_17_11_39_49_7437_right,0,41,10,42,31,42,63,4,46,80,44,0,0,0,0,82
capture_2020_04_17_11_39_49_7438_left,0,41,11,43,32,42,64,3,46,80,44,0,0,0,0,82
capture_2020_04_17_11_39_49_7438_right,0,41,10,42,31,42,63,4,46,80,44,0,0,0,0,82
capture_2020_04_17_11_39_49_7439_left,0,41,11,44,33,42,64,3,46,80,44,0,0,0,0,82
capture_2020_04_17_11_39_49_7439_right,0,41,10,41,30,42,63,4,46,80,44,0,0,0,0,82
capture_2020_04_17_11_39_49_7440_left,0,41,11,43,32,42,64,3,46,80,44,0,0,0,0,82
capture_2020_04_17_11_39_49_7440_right,0,41,10,42,30,42,63,4,46,80,44,0,0,0,0,82
capture_2020_04_17_11_39_49_7441_left,0,41,11,43,34,42,64,3,46,80,44,0,0,0,0,82
capture_2020_04_17_11_39_49_7441_right,0,41,10,42,31,42,63,4,46,80,44,0,0,0,0,82
capture_2020_04_17_11_39_49_7442_left,0,41,10,42,35,42,63,4,46,79,45,0,0,0,0,82
capture_2020_04_17_11_39_49_7442_right,0,41,10,42,32,42,63,4,46,79,45,0,0,0,0,82
capture_2020_04_17_11_39_49_7443_left,0,41,10,42,33,42,63,4,46,79,45,0,0,0,0,82
capture_2020_04_17_11_39_49_7443_right,0,42,10,43,31,43,63,4,46,80,45,0,0,0,0,83
capture_2020_04_17_11_39_49_7444_left,0,41,10,42,32,42,63,4,46,79,45,0,0,0,0,82
capture_2020_04_17_11_39_49_7444_right,0,42,11,43,31,43,64,4,46,80,45,0,0,0,0,83
capture_2020_04_17_11_39_49_7445_left,0,42,10,43,35,43,63,4,46,80,45,0,0,0,0,83
capture_2020_04_17_11_39_49_7445_right,0,42,11,42,32,43,64,4,46,80,45,0,0,0,0,83
capture_2020_04_17_11_39_49_7446_left,0,42,10,42,34,43,63,4,46,80,45,0,0,0,0,83
capture_2020_04_17_11_39_49_7446_right,0,41,10,42,31,42,63,4,46,79,45,0,0,0,0,82
capture_2020_04_17_11_39_49_7447_left,0,42,10,42,35,43,63,4,46,80,45,0,0,0,0,83
capture_2020_04_17_11_39_49_7447_right,0,41,11,41,32,42,64,3,46,80,45,0,0,0,0,82
capture_2020_04_17_11_39_49_7448_left,0,41,10,43,33,42,63,4,46,79,45,0,0,0,0,82
capture_2020_04_17_11_39_49_7448_right,0,41,11,41,32,42,64,3,46,80,45,0,0,0,0,82
capture_2020_04_17_11_39_49_7449_left,0,41,10,42,33,42,63,4,46,79,45,0,0,0,0,82
capture_2020_04_17_11_39_49_7449_right,0,41,11,41,31,42,64,3,46,80,45,0,0,0,0,82
capture_2020_04_17_11_39_49_7450_left,0,41,10,42,34,42,63,4,46,79,45,0,0,0,0,82
capture_2020_04_17_11_39_49_7450_right,0,41,11,41,31,42,64,3,46,80,45,0,0,0,0,82
capture_2020_04_17_11_39_49_7451_left,0,42,10,42,33,43,63,4,46,80,45,0,0,0,0,83
capture_2020_04_17_11_39_49_7451_right,0,41,10,41,30,42,63,4,46,79,45,0,0,0,0,82
capture_2020_04_17_11_39_49_7452_left,0,42,10,42,34,43,63,4,46,80,45,0,0,0,0,83
capture_2020_04_17_11_39_49_7452_right,0,41,11,42,31,42,64,3,46,80,45,0,0,0,0,82
capture_2020_04_17_11_39_49_7453_left,0,41,24,42,39,42,58,4,48,79,47,0,0,0,0,82
capture_2020_04_17_11_39_49_7453_right,0,42,17,42,36,43,58,4,48,80,47,0,0,0,0,83
capture_2020_04_17_11_39_49_7454_left,1,41,46,41,50,42,55,5,51,78,43,0,0,0,0,82
capture_2020_04_17_11_39_49_7454_right,1,42,42,42,46,42,50,4,45,81,43,0,0,0,0,83
capture_2020_04_17_11_39_49_7455_left,1,44,46,44,51,45,57,6,50,80,45,0,0,0,0,83
capture_2020_04_17_11_39_49_7455_right,1,42,41,41,47,42,53,4,44,80,45,0,0,0,0,82
capture_2020_04_17_11_39_49_7456_left,1,44,47,45,51,45,56,7,49,80,42,0,0,0,0,83
capture_2020_04_17_11_39_49_7456_right,1,41,44,40,48,41,52,6,44,78,44,0,0,0,0,82
capture_2020_04_17_11_39_49_7457_left,1,46,49,46,52,46,55,11,50,78,41,0,0,0,0,82
capture_2020_04_17_11_39_49_7457_right,1,40,46,40,51,40,54,4,44,79,45,0,0,0,0,82
capture_2020_04_17_11_39_49_7458_left,1,45,50,45,54,45,59,7,49,79,45,0,0,0,0,83
capture_2020_04_17_11_39_49_7458_right,1,43,45,41,50,43,55,7,43,79,45,0,0,0,0,82
capture_2020_04_17_11_39_49_7459_left,1,44,49,45,53,44,57,7,48,80,43,0,0,0,0,83
capture_2020_04_17_11_39_49_7459_right,1,42,46,41,51,41,56,7,42,78,45,0,0,0,0,82
capture_2020_04_17_11_39_49_7460_left,1,44,49,44,53,44,58,6,49,78,45,0,0,0,0,82
capture_2020_04_17_11_39_49_7460_right,1,40,45,38,51,39,56,6,41,78,45,0,0,0,0,82
capture_2020_04_17_11_39_49_7461_left,1,46,49,47,52,48,57,10,50,79,42,0,0,0,0,82
capture_2020_04_17_11_39_49_7461_right,1,43,46,44,50,43,54,7,44,77,46,0,0,0,0,82
capture_2020_04_17_11_39_49_7462_left,1,45,51,46,54,46,58,9,50,78,42,0,0,0,0,82
capture_2020_04_17_11_39_49_7462_right,1,44,48,43,52,44,55,8,43,78,45,0,0,0,0,82
capture_2020_04_17_11_39_49_7463_left,1,46,50,47,54,46,57,9,49,78,44,0,0,0,0,82
capture_2020_04_17_11_39_49_7463_right,1,45,49,45,53,45,57,7,44,78,45,0,0,0,0,82
capture_2020_04_17_11_39_49_7464_left,1,46,50,47,54,47,58,10,50,79,40,0,0,0,0,82
capture_2020_04_17_11_39_49_7464_right,1,42,47,41,51,42,56,8,44,79,40,0,0,0,0,82
capture_2020_04_17_11_39_49_7465_left,1,46,48,46,53,47,58,7,51,76,41,0,0,0,0,82
capture_2020_04_17_11_39_49_7465_right,1,43,46,40,51,43,56,7,39,76,42,0,0,0,0,82
capture_2020_04_17_11_39_49_7466_left,1,45,49,46,54,47,59,10,50,75,41,0,0,0,0,82
capture_2020_04_17_11_39_49_7466_right,1,43,46,43,52,43,58,6,42,76,46,0,0,0,0,82
capture_2020_04_17_11_39_49_7467_left,1,43,47,44,52,45,60,7,49,78,42,0,0,0,0,82
capture_2020_04_17_11_39_49_7467_right,1,45,47,45,53,45,58,4,45,79,42,0,0,0,0,82
capture_2020_04_17_11_39_49_7468_left,1,47,49,48,53,48,59,8,50,78,42,0,0,0,0,82
capture_2020_04_17_11_39_49_7468_right,1,40,47,39,52,40,57,7,44,79,42,0,0,0,0,82
capture_2020_04_17_11_39_49_7469_left,1,45,52,46,55,46,60,11,51,78,41,0,0,0,0,82
capture_2020_04_17_11_39_49_7469_right,1,42,47,41,51,41,55,10,44,78,44,0,0,0,0,82
capture_2020_04_17_11_39_49_7470_left,1,46,50,47,55,47,60,9,50,79,41,0,0,0,0,82
capture_2020_04_17_11_39_49_7470_right,1,42,45,40,51,41,56,6,42,78,44,0,0,0,0,83
capture_2020_04_17_11_39_49_7471_left,1,45,49,46,55,47,60,9,51,78,42,0,0,0,0,82
capture_2020_04_17_11_39_49_7471_right,1,44,46,43,52,45,59,5,43,78,45,0,0,0,0,83
capture_2020_04_17_11_39_49_7472_left,1,45,49,46,54,47,60,8,50,78,42,0,0,0,0,82
capture_2020_04_17_11_39_49_7472_right,1,44,48,42,53,44,58,6,43,79,43,0,0,0,0,83
capture_2020_04_17_11_39_49_7473_left,1,46,50,48,55,47,60,7,50,78,43,0,0,0,0,82
capture_2020_04_17_11_39_49_7473_right,1,46,49,46,53,47,58,6,43,79,44,0,0,0,0,83
capture_2020_04_17_11_39_49_7474_left,1,44,50,45,54,46,58,8,51,78,42,0,0,0,0,82
capture_2020_04_17_11_39_49_7474_right,1,44,48,42,52,44,56,5,44,77,45,0,0,0,0,82
capture_2020_04_17_11_39_49_7475_left,1,46,50,46,54,47,59,9,49,78,43,0,0,0,0,82
capture_2020_04_17_11_39_49_7475_right,1,42,46,41,51,42,56,6,43,78,45,0,0,0,0,82
capture_2020_04_17_11_39_49_7476_left,1,44,49,45,54,43,59,7,49,78,45,0,0,0,0,82
capture_2020_04_17_11_39_49_7476_right,1,43,47,42,53,43,57,10,44,78,45,0,0,0,0,82
capture_2020_04_17_11_39_49_7477_left,1,44,48,44,53,44,59,12,51,78,43,0,0,0,0,82
capture_2020_04_17_11_39_49_7477_right,1,44,48,43,52,44,56,8,44,77,44,0,0,0,0,82
capture_2020_04_17_11_39_49_7478_left,1,44,49,45,52,44,58,9,49,77,43,0,0,0,0,82
capture_2020_04_17_11_39_49_7478_right,1,42,46,40,51,42,56,7,44,78,44,0,0,0,0,83
capture_2020_04_17_11_39_49_7479_left,1,43,50,45,54,45,60,10,51,78,42,0,0,0,0,82
capture_2020_04_17_11_39_49_7479_right,1,42,46,42,52,42,57,6,45,78,45,0,0,0,0,82
capture_2020_04_17_11_39_49_7480_left,1,43,49,44,54,44,58,10,51,78,43,0,0,0,0,82
capture_2020_04_17_11_39_49_7480_right,1,43,46,43,52,43,58,7,45,78,45,0,0,0,0,82
capture_2020_04_17_11_39_49_7481_left,1,45,48,46,53,47,58,9,50,78,42,0,0,0,0,82
capture_2020_04_17_11_39_49_7481_right,1,43,47,43,52,44,57,8,44,76,44,0,0,0,0,82
capture_2020_04_17_11_39_49_7482_left,1,45,50,46,54,46,58,10,50,78,42,0,0,0,0,82
capture_2020_04_17_11_39_49_7482_right,1,44,47,42,52,43,56,7,45,76,45,0,0,0,0,82
capture_2020_04_17_11_39_49_7483_left,1,46,50,46,55,47,61,11,50,77,42,0,0,0,0,83
capture_2020_04_17_11_39_49_7483_right,1,44,47,43,52,44,58,7,45,78,44,0,0,0,0,82
capture_2020_04_17_11_39_49_7484_left,1,46,49,47,53,47,59,9,50,77,43,0,0,0,0,83
capture_2020_04_17_11_39_49_7484_right,1,44,47,43,51,43,56,7,45,79,45,0,0,0,0,82
capture_2020_04_17_11_39_49_7485_left,1,44,48,45,54,45,58,9,50,79,43,0,0,0,0,83
capture_2020_04_17_11_39_49_7485_right,1,44,47,42,51,44,55,8,45,78,44,0,0,0,0,82
capture_2020_04_17_11_39_49_7486_left,0,42,29,45,46,44,60,11,48,77,45,0,0,0,0,83
capture_2020_04_17_11_39_49_7486_right,0,43,26,44,44,43,59,5,45,77,46,0,0,0,0,82
capture_2020_04_17_11_39_49_7487_left,0,44,26,44,43,43,59,6,47,80,44,0,0,0,0,83
capture_2020_04_17_11_39_49_7487_right,0,42,24,43,43,43,62,4,45,80,45,0,0,0,0,82
capture_2020_04_17_11_39_49_7488_left,0,42,24,44,40,43,61,5,44,80,44,0,0,0,0,83
capture_2020_04_17_11_39_49_7488_right,0,42,22,43,39,43,59,6,45,78,43,0,0,0,0,82
capture_2020_04_17_11_39_49_7489_left,0,45,22,44,39,45,64,8,45,79,43,0,0,0,0,83
capture_2020_04_17_11_39_49_7489_right,0,45,22,44,39,45,65,5,45,78,44,0,0,0,0,82
capture_2020_04_17_11_39_49_7490_left,0,45,22,44,40,45,64,6,44,79,43,0,0,0,0,83
capture_2020_04_17_11_39_49_7490_right,0,42,20,43,39,42,63,5,45,78,44,0,0,0,0,82
capture_2020_04_17_11_39_49_7491_left,0,42,20,45,40,43,62,6,44,79,43,0,0,0,0,83
capture_2020_04_17_11_39_49_7491_right,0,44,20,43,39,43,60,5,45,79,44,0,0,0,0,83
capture_2020_04_17_11_39_49_7492_left,0,45,21,45,40,43,62,6,44,79,43,0,0,0,0,83
capture_2020_04_17_11_39_49_7492_right,0,42,18,42,38,40,60,5,42,78,41,0,0,0,0,82
capture_2020_04_17_11_39_49_7493_left,0,40,20,42,41,41,59,5,44,78,43,0,0,0,0,81
capture_2020_04_17_11_39_49_7493_right,0,40,20,40,39,40,58,5,45,78,43,0,0,0,0,81
capture_2020_04_17_11_39_49_7494_left,0,43,20,42,40,42,59,5,45,78,43,0,0,0,0,81
capture_2020_04_17_11_39_49_7494_right,0,40,20,40,37,40,59,4,44,78,43,0,0,0,0,82
capture_2020_04_17_11_39_49_7495_left,0,42,21,41,40,41,56,3,46,78,44,0,0,0,0,81
capture_2020_04_17_11_39_49_7495_right,0,40,18,40,38,38,58,3,46,78,44,0,0,0,0,81
capture_2020_04_17_11_39_49_7496_left,0,40,18,41,39,38,58,4,45,78,44,0,0,0,0,81
capture_2020_04_17_11_39_49_7496_right,0,37,18,36,36,35,56,2,42,76,41,0,0,0,0,81
capture_2020_04_17_11_39_49_7497_left,0,42,19,40,39,42,59,2,46,76,43,0,0,0,0,80
capture_2020_04_17_11_39_49_7497_right,0,38,19,37,37,36,56,3,43,76,39,0,0,0,0,81
capture_2020_04_17_11_39_49_7498_left,0,41,21,40,39,40,59,4,45,75,43,0,0,0,0,79
capture_2020_04_17_11_39_49_7498_right,0,37,19,38,36,37,56,3,42,75,40,0,0,0,0,78
capture_2020_04_17_11_39_49_7499_left,0,40,16,40,37,38,59,4,41,73,39,0,0,0,0,76
capture_2020_04_17_11_39_49_7499_right,0,36,15,38,34,37,55,4,41,72,39,0,0,0,0,75
capture_2020_04_17_11_39_49_7500_left,0,39,18,40,38,38,56,4,42,72,42,0,0,0,0,75
capture_2020_04_17_11_39_49_7500_right,0,39,18,38,36,38,56,4,42,72,42,0,0,0,0,75
capture_2020_04_17_11_39_49_7501_left,0,39,21,38,40,38,56,3,44,72,43,0,0,0,0,75
capture_2020_04_17_11_39_49_7501_right,0,37,19,37,37,36,54,4,42,70,39,0,0,0,0,74
capture_2020_04_17_11_39_49_7502_left,0,40,19,39,38,37,57,3,42,70,41,0,0,0,0,73
capture_2020_04_17_11_39_49_7502_right,0,36,19,37,34,37,53,4,40,71,38,0,0,0,0,73
capture_2020_04_17_11_39_49_7503_left,0,36,20,38,37,38,55,5,42,70,40,0,0,0,0,72
capture_2020_04_17_11_39_49_7503_right,0,38,20,38,36,38,52,4,41,70,39,0,0,0,0,73
capture_2020_04_17_11_39_49_7504_left,0,37,20,37,37,37,51,6,41,69,38,0,0,0,0,71
capture_2020_04_17_11_39_49_7504_right,0,37,20,38,34,38,51,6,41,69,38,0,0,0,0,72
capture_2020_04_17_11_39_49_7505_left,0,36,20,37,36,36,52,5,39,68,37,0,0,0,0,70
capture_2020_04_17_11_39_49_7505_right,0,36,20,35,34,36,49,4,39,67,37,0,0,0,0,69
capture_2020_04_17_11_39_49_7506_left,0,35,22,35,36,35,48,4,39,66,40,0,0,0,0,68
capture_2020_04_17_11_39_49_7506_right,0,34,22,36,34,35,48,3,39,65,35,0,0,0,0,67
capture_2020_04_17_11_39_49_7507_left,0,34,21,34,35,34,50,4,38,64,38,0,0,0,0,66
capture_2020_04_17_11_39_49_7507_right,0,36,19,35,33,36,48,6,38,63,35,0,0,0,0,66
capture_2020_04_17_11_39_49_7508_left,0,33,21,33,34,32,48,5,38,62,35,0,0,0,0,65
capture_2020_04_17_11_39_49_7508_right,0,34,18,33,31,33,45,4,37,63,32,0,0,0,0,65
capture_2020_04_17_11_39_49_7509_left,0,33,19,32,33,32,44,4,37,60,34,0,0,0,0,63
capture_2020_04_17_11_39_49_7509_right,0,34,13,34,29,33,45,4,34,59,30,0,0,0,0,63
capture_2020_04_17_11_39_49_7510_left,0,33,18,34,33,32,48,2,38,59,34,0,0,0,0,62
capture_2020_04_17_11_39_49_7510_right,0,32,13,33,28,33,43,3,33,59,29,0,0,0,0,62
capture_2020_04_17_11_39_49_7511_left,1,32,35,33,38,32,41,7,37,58,32,0,0,0,0,61
capture_2020_04_17_11_39_49_7511_right,1,31,30,30,33,31,36,4,30,58,32,0,0,0,0,61
capture_2020_04_17_11_39_49_7512_left,1,31,38,31,41,31,44,7,39,56,33,0,0,0,0,62
capture_2020_04_17_11_39_49_7512_right,1,32,31,32,35,31,39,6,33,57,33,0,0,0,0,61
capture_2020_04_17_11_39_49_7513_left,1,31,34,32,36,32,38,5,38,56,35,0,0,0,0,60
capture_2020_04_17_11_39_49_7513_right,1,32,29,31,32,31,34,6,33,57,33,0,0,0,0,60
capture_2020_04_17_11_39_49_7514_left,0,29,23,29,35,30,45,6,37,56,32,0,0,0,0,59
capture_2020_04_17_11_39_49_7514_right,0,30,18,30,32,30,42,4,30,56,32,0,0,0,0,59
capture_2020_04_17_11_39_49_7515_left,0,29,19,29,30,29,41,3,34,55,32,0,0,0,0,57
capture_2020_04_17_11_39_49_7515_right,0,29,15,30,27,29,38,3,30,55,30,0,0,0,0,57
capture_2020_04_17_11_39_49_7516_left,0,29,17,29,30,29,42,2,33,53,30,0,0,0,0,56
capture_2020_04_17_11_39_49_7516_right,0,30,14,32,26,30,37,5,29,53,28,0,0,0,0,56
capture_2020_04_17_11_39_49_7517_left,0,29,18,28,32,28,43,3,35,52,32,0,0,0,0,55
capture_2020_04_17_11_39_49_7517_right,0,29,16,29,29,29,42,4,32,54,31,0,0,0,0,56
capture_2020_04_17_11_39_49_7518_left,0,28,19,27,31,28,41,3,33,52,31,0,0,0,0,55
capture_2020_04_17_11_39_49_7518_right,0,27,15,28,28,27,40,3,32,52,31,0,0,0,0,55
capture_2020_04_17_11_39_49_7519_left,0,27,18,27,32,27,43,3,34,52,30,0,0,0,0,55
capture_2020_04_17_11_39_49_7519_right,0,27,15,27,28,27,40,4,30,52,28,0,0,0,0,55
capture_2020_04_17_11_39_49_7520_left,0,27,17,28,29,27,41,3,33,52,29,0,0,0,0,55
capture_2020_04_17_11_39_49_7520_right,0,27,14,27,25,27,39,2,28,53,27,0,0,0,0,55
capture_2020_04_17_11_39_49_7521_left,0,26,17,28,30,28,40,3,31,51,28,0,0,0,0,54
capture_2020_04_17_11_39_49_7521_right,0,27,16,27,26,28,39,4,29,52,26,0,0,0,0,54
capture_2020_04_17_11_39_49_7522_left,0,27,18,27,29,28,40,4,32,49,27,0,0,0,0,52
capture_2020_04_17_11_39_49_7522_right,0,27,11,27,25,27,35,4,28,49,26,0,0,0,0,53
capture_2020_04_17_11_39_49_7523_left,0,25,15,26,30,27,43,2,31,48,26,0,0,0,0,51
capture_2020_04_17_11_39_49_7523_right,0,26,11,26,26,27,41,1,28,49,26,0,0,0,0,52
capture_2020_04_17_11_39_49_7524_left,0,26,15,27,28,27,40,2,31,49,26,0,0,0,0,52
capture_2020_04_17_11_39_49_7524_right,0,26,11,24,23,25,36,2,27,48,26,0,0,0,0,51
capture_2020_04_17_11_39_49_7525_left,0,25,15,25,30,26,40,2,31,46,26,0,0,0,0,50
capture_2020_04_17_11_39_49_7525_right,0,26,13,26,26,25,39,1,29,46,26,0,0,0,0,50
capture_2020_04_17_11_39_49_7526_left,0,25,16,26,28,25,41,2,32,47,29,0,0,0,0,49
capture_2020_04_17_11_39_49_7526_right,0,25,15,26,25,26,37,3,28,47,26,0,0,0,0,49
capture_2020_04_17_11_39_49_7527_left,0,27,16,28,26,27,37,3,29,48,26,0,0,0,0,50
capture_2020_04_17_11_39_49_7527_right,0,25,11,26,24,26,37,3,28,48,26,0,0,0,0,50
capture_2020_04_17_11_39_49_7528_left,0,26,12,26,26,26,37,5,29,47,24,0,0,0,0,50
capture_2020_04_17_11_39_49_7528_right,0,26,9,27,23,27,35,3,26,47,24,0,0,0,0,50
capture_2020_04_17_11_39_49_7529_left,0,26,13,27,25,27,36,3,28,47,24,0,0,0,0,49
capture_2020_04_17_11_39_49_7529_right,0,25,12,25,23,25,35,3,24,47,24,0,0,0,0,49
capture_2020_04_17_11_39_49_7530_left,0,25,13,26,25,26,37,4,28,47,25,0,0,0,0,49
capture_2020_04_17_11_39_49_7530_right,0,25,12,24,23,25,34,2,27,46,23,0,0,0,0,49
capture_2020_04_17_11_39_49_7531_left,0,26,15,25,26,26,35,3,29,45,25,0,0,0,0,48
capture_2020_04_17_11_39_49_7531_right,0,24,11,24,22,24,33,2,25,47,23,0,0,0,0,49
capture_2020_04_17_11_39_49_7532_left,0,24,15,25,27,25,37,4,30,47,25,0,0,0,0,49
capture_2020_04_17_11_39_49_7532_right,0,24,10,24,23,24,33,2,25,45,23,0,0,0,0,49
capture_2020_04_17_11_39_49_7533_left,0,25,16,26,27,27,38,3,30,45,26,0,0,0,0,48
capture_2020_04_17_11_39_49_7533_right,0,23,9,23,23,23,33,1,26,45,23,0,0,0,0,48
capture_2020_04_17_11_39_49_7534_left,0,23,14,24,25,24,34,3,29,46,24,0,0,0,0,48
capture_2020_04_17_11_39_49_7534_right,0,25,13,24,24,24,34,2,26,46,24,0,0,0,0,48
capture_2020_04_17_11_39_49_7535_left,0,23,15,26,25,24,34,3,27,45,22,0,0,0,0,48
capture_2020_04_17_11_39_49_7535_right,0,24,13,23,22,24,33,3,25,45,23,0,0,0,0,48
capture_2020_04_17_11_39_49_7536_left,0,23,15,25,25,25,34,4,28,44,24,0,0,0,0,47
capture_2020_04_17_11_39_49_7536_right,0,23,14,23,23,24,32,3,24,44,23,0,0,0,0,47
capture_2020_04_17_11_39_49_7537_left,0,24,16,24,25,24,33,3,28,43,24,0,0,0,0,46
capture_2020_04_17_11_39_49_7537_right,0,24,12,24,24,24,33,3,25,44,24,0,0,0,0,47
capture_2020_04_17_11_39_49_7538_left,0,24,14,25,23,25,32,4,26,43,22,0,0,0,0,46
capture_2020_04_17_11_39_49_7538_right,0,25,12,24,22,24,31,3,24,44,22,0,0,0,0,46
capture_2020_04_17_11_39_49_7539_left,0,24,14,25,23,25,32,5,25,42,22,0,0,0,0,46
capture_2020_04_17_11_39_49_7539_right,0,23,14,24,23,24,32,5,25,43,24,0,0,0,0,46
capture_2020_04_17_11_39_49_7540_left,0,25,14,25,23,25,32,6,26,43,23,0,0,0,0,46
capture_2020_04_17_11_39_49_7540_right,0,24,14,24,22,24,30,6,23,42,23,0,0,0,0,45
capture_2020_04_17_11_39_49_7541_left,0,25,14,25,24,25,34,6,25,43,23,0,0,0,0,46
capture_2020_04_17_11_39_49_7541_right,0,23,13,24,23,22,32,3,26,43,24,0,0,0,0,45
capture_2020_04_17_11_39_49_7542_left,0,23,13,25,22,24,34,3,25,43,24,0,0,0,0,45
capture_2020_04_17_11_39_49_7542_right,0,24,13,23,21,24,32,4,25,43,24,0,0,0,0,46
capture_2020_04_17_11_39_49_7543_left,0,23,11,25,23,23,32,3,25,43,24,0,0,0,0,45
capture_2020_04_17_11_39_49_7543_right,0,23,11,23,23,25,35,4,26,43,24,0,0,0,0,45
capture_2020_04_17_11_39_49_7544_left,0,24,11,24,22,24,33,4,24,43,24,0,0,0,0,45
capture_2020_04_17_11_39_49_7544_right,0,24,11,24,22,24,33,4,25,43,24,0,0,0,0,45
capture_2020_04_17_11_39_49_7545_left,0,24,11,24,23,24,33,4,25,43,24,0,0,0,0,45
capture_2020_04_17_11_39_49_7545_right,0,24,11,23,22,24,33,4,25,43,24,0,0,0,0,45
capture_2020_04_17_11_39_49_7546_left,0,24,11,25,23,24,33,4,25,43,24,0,0,0,0,45
capture_2020_04_17_11_39_49_7546_right,0,24,11,24,23,24,33,4,25,43,24,0,0,0,0,45
capture_2020_04_17_11_39_49_7547_left,0,23,11,23,23,24,33,4,25,42,24,0,0,0,0,44
capture_2020_04_17_11_39_49_7547_right,0,24,10,23,22,24,33,5,24,43,23,0,0,0,0,45
capture_2020_04_17_11_39_49_7548_left,0,24,10,24,22,24,33,5,24,43,23,0,0,0,0,45
capture_2020_04_17_11_39_49_7548_right,0,24,10,24,22,24,33,5,24,43,23,0,0,0,0,45
capture_2020_04_17_11_39_49_7549_left,0,24,11,25,25,24,33,4,25,43,24,0,0,0,0,45
capture_2020_04_17_11_39_49_7549_right,0,24,10,23,23,24,33,5,24,43,25,0,0,0,0,45
capture_2020_04_17_11_39_49_7550_left,0,23,14,24,26,24,33,4,25,43,25,0,0,0,0,44
capture_2020_04_17_11_39_49_7550_right,0,23,14,23,24,24,33,4,24,42,26,0,0,0,0,44
capture_2020_04_17_11_39_49_7551_left,0,23,14,25,26,24,33,5,28,43,26,0,0,0,0,44
capture_2020_04_17_11_39_49_7551_right,0,23,15,22,24,23,33,4,25,42,26,0,0,0,0,44
capture_2020_04_17_11_39_49_7552_left,0,23,16,25,26,23,34,4,28,42,25,0,0,0,0,44
capture_2020_04_17_11_39_49_7552_right,0,23,15,23,24,23,33,6,25,41,24,0,0,0,0,44
capture_2020_04_17_11_39_49_7553_left,0,23,15,23,24,23,32,5,26,42,24,0,0,0,0,44
capture_2020_04_17_11_39_49_7553_right,0,24,13,24,24,24,36,6,25,43,25,0,0,0,0,45
capture_2020_04_17_11_39_49_7554_left,0,24,12,24,22,23,35,3,26,42,24,0,0,0,0,44
capture_2020_04_17_11_39_49_7554_right,0,24,12,23,23,24,36,3,25,43,25,0,0,0,0,45
capture_2020_04_17_11_39_49_7555_left,0,24,12,23,22,23,35,3,24,42,24,0,0,0,0,44
capture_2020_04_17_11_39_49_7555_right,0,22,13,24,23,24,36,3,25,43,25,0,0,0,0,45
capture_2020_04_17_11_39_49_7556_left,0,22,13,24,23,23,33,3,26,43,25,0,0,0,0,45
capture_2020_04_17_11_39_49_7556_right,0,23,12,22,23,24,34,3,25,43,25,0,0,0,0,45
capture_2020_04_17_11_39_49_7557_left,0,23,14,23,23,23,32,2,26,42,24,0,0,0,0,44
capture_2020_04_17_11_39_49_7557_right,0,23,13,23,24,23,34,4,25,42,24,0,0,0,0,45
capture_2020_04_17_11_39_49_7558_left,0,23,13,23,24,23,35,3,26,43,25,0,0,0,0,45
capture_2020_04_17_11_39_49_7558_right,0,24,13,23,22,23,34,3,25,43,25,0,0,0,0,45
capture_2020_04_17_11_39_49_7559_left,0,23,16,23,25,24,33,4,27,42,24,0,0,0,0,45
capture_2020_04_17_11_39_49_7559_right,0,23,14,22,23,22,33,5,25,42,24,0,0,0,0,45
capture_2020_04_17_11_39_49_7560_left,0,23,14,24,26,25,36,4,29,43,23,0,0,0,0,45
capture_2020_04_17_11_39_49_7560_right,0,22,13,21,23,21,34,3,24,42,24,0,0,0,0,45
capture_2020_04_17_11_39_49_7561_left,0,22,13,23,24,22,34,3,27,42,24,0,0,0,0,45
capture_2020_04_17_11_39_49_7561_right,0,21,13,22,22,23,33,4,24,44,24,0,0,0,0,46
capture_2020_04_17_11_39_49_7562_left,0,22,15,23,25,23,36,4,28,42,24,0,0,0,0,45
capture_2020_04_17_11_39_49_7562_right,0,22,11,22,23,23,32,4,24,43,22,0,0,0,0,46
capture_2020_04_17_11_39_49_7563_left,0,23,14,23,25,23,36,3,29,42,21,0,0,0,0,46
capture_2020_04_17_11_39_49_7563_right,0,23,10,22,21,23,33,3,23,43,21,0,0,0,0,46
capture_2020_04_17_11_39_49_7564_left,0,22,14,23,25,23,37,6,30,42,21,0,0,0,0,46
capture_2020_04_17_11_39_49_7564_right,0,23,11,22,22,23,34,4,25,42,21,0,0,0,0,46
capture_2020_04_17_11_39_49_7565_left,0,22,13,22,24,22,33,4,28,40,21,0,0,0,0,45
capture_2020_04_17_11_39_49_7565_right,0,21,9,21,19,21,31,3,24,41,20,0,0,0,0,46
capture_2020_04_17_11_39_49_7566_left,0,22,13,22,24,23,35,3,29,41,20,0,0,0,0,45
capture_2020_04_17_11_39_49_7566_right,0,22,11,20,21,23,30,4,24,43,18,0,0,0,0,46
capture_2020_04_17_11_39_49_7567_left,0,21,14,21,24,23,34,2,29,41,19,0,0,0,0,45
capture_2020_04_17_11_39_49_7567_right,0,21,11,21,22,22,33,5,24,40,18,0,0,0,0,45
capture_2020_04_17_11_39_49_7568_left,0,22,14,23,24,24,33,3,29,41,21,0,0,0,0,46
capture_2020_04_17_11_39_49_7568_right,0,23,11,20,22,22,32,3,26,42,19,0,0,0,0,46
capture_2020_04_17_11_39_49_7569_left,0,21,14,23,25,23,35,2,31,43,19,0,0,0,0,46
capture_2020_04_17_11_39_49_7569_right,0,21,11,21,22,21,32,2,26,43,18,0,0,0,0,47
capture_2020_04_17_11_39_49_7570_left,0,22,16,23,27,23,40,3,34,45,19,0,0,0,0,47
capture_2020_04_17_11_39_49_7570_right,0,21,11,20,23,21,34,2,23,43,20,0,0,0,0,46
capture_2020_04_17_11_39_49_7571_left,0,20,14,23,26,23,36,4,32,44,17,0,0,0,0,47
capture_2020_04_17_11_39_49_7571_right,0,21,12,20,22,22,33,2,26,43,18,0,0,0,0,47
capture_2020_04_17_11_39_49_7572_left,0,21,14,24,25,23,38,4,31,43,19,0,0,0,0,47
capture_2020_04_17_11_39_49_7572_right,0,22,10,21,22,22,33,4,23,43,19,0,0,0,0,47
capture_2020_04_17_11_39_49_7573_left,0,19,13,22,22,23,33,3,29,43,16,0,0,0,0,46
capture_2020_04_17_11_39_49_7573_right,0,20,10,20,21,21,32,3,26,42,17,0,0,0,0,46
capture_2020_04_17_11_39_49_7574_left,0,20,12,21,23,22,35,3,29,42,17,0,0,0,0,46
capture_2020_04_17_11_39_49_7574_right,0,21,10,20,21,22,32,3,25,40,17,0,0,0,0,46
capture_2020_04_17_11_39_49_7575_left,0,19,13,22,22,23,34,2,29,43,16,0,0,0,0,47
capture_2020_04_17_11_39_49_7575_right,0,22,11,21,21,21,32,2,24,42,17,0,0,0,0,47
capture_2020_04_17_11_39_49_7576_left,0,19,13,21,23,21,33,1,31,43,15,0,0,0,0,47
capture_2020_04_17_11_39_49_7576_right,0,20,9,19,20,21,32,1,24,43,17,0,0,0,0,47
capture_2020_04_17_11_39_49_7577_left,0,20,10,21,22,21,35,1,28,42,17,0,0,0,0,46
capture_2020_04_17_11_39_49_7577_right,0,23,8,18,19,19,31,2,22,43,17,0,0,0,0,47
capture_2020_04_17_11_39_49_7578_left,0,19,12,20,24,21,35,2,31,44,15,0,0,0,0,48
capture_2020_04_17_11_39_49_7578_right,0,21,9,18,22,20,33,3,24,44,17,0,0,0,0,48
capture_2020_04_17_11_39_49_7579_left,0,17,13,20,26,21,40,2,32,45,19,0,0,0,0,48
capture_2020_04_17_11_39_49_7579_right,0,21,11,21,23,22,34,3,27,45,18,0,0,0,0,49
capture_2020_04_17_11_39_49_7580_left,0,20,13,22,24,22,34,2,31,46,18,0,0,0,0,49
capture_2020_04_17_11_39_49_7580_right,0,21,13,21,23,22,31,3,27,43,20,0,0,0,0,49
capture_2020_04_17_11_39_49_7581_left,0,21,17,22,27,24,37,4,33,45,20,0,0,0,0,51
capture_2020_04_17_11_39_49_7581_right,0,23,15,21,26,22,36,3,29,46,21,0,0,0,0,51
capture_2020_04_17_11_39_49_7582_left,0,20,16,23,27,23,39,3,32,46,21,0,0,0,0,51
capture_2020_04_17_11_39_49_7582_right,0,22,14,21,25,21,37,2,29,45,21,0,0,0,0,50
capture_2020_04_17_11_39_49_7583_left,0,21,16,23,27,23,39,2,33,45,21,0,0,0,0,50
capture_2020_04_17_11_39_49_7583_right,0,22,14,20,25,21,37,3,29,46,22,0,0,0,0,50
capture_2020_04_17_11_39_49_7584_left,0,18,17,22,27,21,39,2,33,46,25,0,0,0,0,49
capture_2020_04_17_11_39_49_7584_right,0,22,14,20,24,21,35,3,28,46,22,0,0,0,0,50
capture_2020_04_17_11_39_49_7585_left,0,18,16,23,30,26,43,3,34,46,23,0,0,0,0,49
capture_2020_04_17_11_39_49_7585_right,0,22,14,22,26,24,39,3,33,46,22,0,0,0,0,50
capture_2020_04_17_11_39_49_7586_left,0,20,18,22,29,24,39,2,36,46,24,0,0,0,0,50
capture_2020_04_17_11_39_49_7586_right,0,22,14,21,24,21,36,4,30,47,23,0,0,0,0,50
capture_2020_04_17_11_39_49_7587_left,0,20,15,22,26,23,37,4,32,46,20,0,0,0,0,50
capture_2020_04_17_11_39_49_7587_right,0,20,12,21,22,22,34,2,28,46,21,0,0,0,0,50
capture_2020_04_17_11_39_49_7588_left,0,20,14,22,27,23,40,2,33,47,22,0,0,0,0,50
capture_2020_04_17_11_39_49_7588_right,0,19,12,20,25,21,35,1,30,46,21,0,0,0,0,49
capture_2020_04_17_11_39_49_7589_left,0,22,15,23,25,23,37,3,32,47,21,0,0,0,0,50
capture_2020_04_17_11_39_49_7589_right,0,21,10,20,21,21,35,2,25,46,21,0,0,0,0,49
capture_2020_04_17_11_39_49_7590_left,0,19,15,21,26,22,37,2,32,46,22,0,0,0,0,49
capture_2020_04_17_11_39_49_7590_right,0,20,11,20,23,22,33,2,28,44,21,0,0,0,0,48
capture_2020_04_17_11_39_49_7591_left,0,20,15,22,26,24,38,3,31,45,23,0,0,0,0,49
capture_2020_04_17_11_39_49_7591_right,0,22,10,20,22,21,33,2,25,46,19,0,0,0,0,49
capture_2020_04_17_11_39_49_7592_left,0,20,16,22,26,24,37,2,33,45,22,0,0,0,0,49
capture_2020_04_17_11_39_49_7592_right,0,23,12,20,24,19,34,1,27,44,22,0,0,0,0,48
capture_2020_04_17_11_39_49_7593_left,0,21,17,22,26,24,37,3,31,43,22,0,0,0,0,48
capture_2020_04_17_11_39_49_7593_right,0,22,13,19,24,20,34,2,28,43,22,0,0,0,0,48
capture_2020_04_17_11_39_49_7594_left,0,19,16,22,27,23,37,3,32,43,22,0,0,0,0,48
capture_2020_04_17_11_39_49_7594_right,0,22,12,19,24,22,34,2,29,44,22,0,0,0,0,48
capture_2020_04_17_11_39_49_7595_left,0,20,16,23,27,25,38,2,32,45,23,0,0,0,0,48
capture_2020_04_17_11_39_49_7595_right,0,19,14,19,26,19,37,1,29,44,23,0,0,0,0,48
capture_2020_04_17_11_39_49_7596_left,0,21,17,23,28,22,38,2,32,45,25,0,0,0,0,48
capture_2020_04_17_11_39_49_7596_right,0,24,13,20,25,21,35,2,29,43,24,0,0,0,0,47
capture_2020_04_17_11_39_49_7597_left,0,20,16,22,27,23,36,3,32,42,23,0,0,0,0,46
capture_2020_04_17_11_39_49_7597_right,0,22,15,21,24,22,34,3,30,42,24,0,0,0,0,47
capture_2020_04_17_11_39_49_7598_left,0,20,15,22,24,23,33,2,28,43,21,0,0,0,0,46
capture_2020_04_17_11_39_49_7598_right,0,21,14,20,23,22,33,2,26,42,23,0,0,0,0,47
capture_2020_04_17_11_39_49_7599_left,0,20,14,21,25,21,34,2,26,44,23,0,0,0,0,46
capture_2020_04_17_11_39_49_7599_right,0,20,13,19,24,20,35,3,25,43,23,0,0,0,0,46
capture_2020_04_17_11_39_49_7600_left,0,20,13,20,23,20,35,2,25,43,23,0,0,0,0,45
capture_2020_04_17_11_39_49_7600_right,0,20,13,19,24,20,35,2,25,39,25,0,0,0,0,45
capture_2020_04_17_11_39_49_7601_left,0,20,13,22,24,22,33,2,25,41,22,0,0,0,0,44
capture_2020_04_17_11_39_49_7601_right,0,22,13,21,23,20,33,4,23,42,24,0,0,0,0,45
capture_2020_04_17_11_39_49_7602_left,0,21,14,22,23,22,34,3,24,41,25,0,0,0,0,44
capture_2020_04_17_11_39_49_7602_right,0,20,13,20,23,21,33,4,24,41,25,0,0,0,0,44
capture_2020_04_17_11_39_49_7603_left,0,17,12,21,22,22,32,4,24,42,21,0,0,0,0,44
capture_2020_04_17_11_39_49_7603_right,0,22,11,19,22,21,32,4,23,42,21,0,0,0,0,44
capture_2020_04_17_11_39_49_7604_left,0,22,11,22,22,21,32,4,23,42,21,0,0,0,0,44
capture_2020_04_17_11_39_49_7604_right,0,22,11,20,22,21,32,4,23,42,21,0,0,0,0,44
capture_2020_04_17_11_39_49_7605_left,0,20,11,21,21,21,31,4,24,41,21,0,0,0,0,44
capture_2020_04_17_11_39_49_7605_right,0,20,12,20,20,20,31,3,22,40,22,0,0,0,0,43
capture_2020_04_17_11_39_49_7606_left,0,20,12,21,22,22,32,3,24,40,22,0,0,0,0,42
capture_2020_04_17_11_39_49_7606_right,0,21,11,21,22,21,32,6,22,41,23,0,0,0,0,43
capture_2020_04_17_11_39_49_7607_left,0,20,12,20,21,22,31,3,24,41,21,0,0,0,0,43
capture_2020_04_17_11_39_49_7607_right,0,21,12,20,22,22,31,5,23,40,23,0,0,0,0,43
capture_2020_04_17_11_39_49_7608_left,0,20,11,20,21,21,30,3,23,40,21,0,0,0,0,42
capture_2020_04_17_11_39_49_7608_right,0,21,14,20,22,20,31,2,23,41,23,0,0,0,0,43
capture_2020_04_17_11_39_49_7609_left,0,20,13,21,22,22,31,3,25,40,21,0,0,0,0,42
capture_2020_04_17_11_39_49_7609_right,0,20,12,21,21,22,31,5,22,39,21,0,0,0,0,41
capture_2020_04_17_11_39_49_7610_left,0,20,11,21,22,22,32,5,23,38,20,0,0,0,0,41
capture_2020_04_17_11_39_49_7610_right,0,21,10,22,20,23,29,7,21,40,20,0,0,0,0,41
capture_2020_04_17_11_39_49_7611_left,0,20,12,22,22,22,31,4,23,39,21,0,0,0,0,41
capture_2020_04_17_11_39_49_7611_right,0,23,11,23,20,24,29,11,20,40,19,0,0,0,0,41
capture_2020_04_17_11_39_49_7612_left,0,21,12,22,23,22,31,4,25,38,21,0,0,0,0,40
capture_2020_04_17_11_39_49_7612_right,0,25,11,24,20,24,29,10,20,39,19,0,0,0,0,41
capture_2020_04_17_11_39_49_7613_left,0,20,13,23,22,24,29,6,24,39,19,0,0,0,0,41
capture_2020_04_17_11_39_49_7613_right,0,25,11,24,20,24,28,8,20,39,19,0,0,0,0,40
capture_2020_04_17_11_39_49_7614_left,0,18,11,21,21,22,30,3,23,38,19,0,0,0,0,40
capture_2020_04_17_11_39_49_7614_right,0,23,9,22,19,23,28,10,20,39,18,0,0,0,0,41
capture_2020_04_17_11_39_49_7615_left,0,17,9,20,22,20,32,3,24,38,17,0,0,0,0,41
capture_2020_04_17_11_39_49_7615_right,0,22,9,21,20,22,30,3,20,39,19,0,0,0,0,41
capture_2020_04_17_11_39_49_7616_left,0,17,10,19,23,20,31,2,25,38,19,0,0,0,0,40
capture_2020_04_17_11_39_49_7616_right,0,22,9,21,21,21,29,5,20,38,20,0,0,0,0,40
capture_2020_04_17_11_39_49_7617_left,0,19,10,20,22,21,31,3,24,37,20,0,0,0,0,40
capture_2020_04_17_11_39_49_7617_right,0,21,10,20,20,21,29,5,21,37,20,0,0,0,0,40
capture_2020_04_17_11_39_49_7618_left,0,18,12,19,22,19,30,3,24,37,17,0,0,0,0,40
capture_2020_04_17_11_39_49_7618_right,0,19,10,19,20,19,29,4,21,37,19,0,0,0,0,40
capture_2020_04_17_11_39_49_7619_left,0,16,11,19,21,19,30,3,24,38,17,0,0,0,0,41
capture_2020_04_17_11_39_49_7619_right,0,21,9,21,20,21,30,7,20,37,19,0,0,0,0,41
capture_2020_04_17_11_39_49_7620_left,0,18,10,18,21,19,29,2,23,37,19,0,0,0,0,40
capture_2020_04_17_11_39_49_7620_right,0,21,9,21,20,22,29,4,20,38,17,0,0,0,0,41
capture_2020_04_17_11_39_49_7621_left,0,18,8,20,20,21,31,1,23,39,16,0,0,0,0,41
capture_2020_04_17_11_39_49_7621_right,0,20,7,19,19,19,27,2,19,38,17,0,0,0,0,40
capture_2020_04_17_11_39_49_7622_left,0,17,9,19,19,19,28,1,23,38,17,0,0,0,0,41
capture_2020_04_17_11_39_49_7622_right,0,20,9,20,19,21,26,3,19,40,17,0,0,0,0,41
capture_2020_04_17_11_39_49_7623_left,0,17,10,18,21,19,28,1,23,38,17,0,0,0,0,41
capture_2020_04_17_11_39_49_7623_right,0,21,9,21,19,22,27,6,20,38,18,0,0,0,0,41
capture_2020_04_17_11_39_49_7624_left,0,17,11,19,20,19,28,2,22,37,19,0,0,0,0,41
capture_2020_04_17_11_39_49_7624_right,0,19,11,19,21,19,29,2,22,38,20,0,0,0,0,41
capture_2020_04_17_11_39_49_7625_left,0,20,12,19,22,20,29,2,23,39,18,0,0,0,0,42
capture_2020_04_17_11_39_49_7625_right,0,19,14,20,23,21,31,3,22,39,21,0,0,0,0,42
capture_2020_04_17_11_39_49_7626_left,0,17,13,19,22,19,29,2,24,39,18,0,0,0,0,42
capture_2020_04_17_11_39_49_7626_right,0,21,13,21,23,22,31,4,24,39,21,0,0,0,0,43
capture_2020_04_17_11_39_49_7627_left,0,18,16,20,25,21,33,3,25,40,21,0,0,0,0,43
capture_2020_04_17_11_39_49_7627_right,0,22,16,22,27,22,34,6,26,40,26,0,0,0,0,43
capture_2020_04_17_11_39_49_7628_left,0,20,15,21,25,22,34,5,26,41,22,0,0,0,0,44
capture_2020_04_17_11_39_49_7628_right,0,21,14,23,26,23,35,5,27,40,23,0,0,0,0,44
capture_2020_04_17_11_39_49_7629_left,0,22,17,23,27,24,37,6,28,41,22,0,0,0,0,46
capture_2020_04_17_11_39_49_7629_right,0,23,14,23,28,24,38,6,27,41,25,0,0,0,0,45
capture_2020_04_17_11_39_49_7630_left,0,22,17,25,29,25,40,5,30,44,25,0,0,0,0,48
capture_2020_04_17_11_39_49_7630_right,0,24,18,24,29,25,40,7,28,45,30,0,0,0,0,48
capture_2020_04_17_11_39_49_7631_left,0,21,18,24,28,24,39,5,31,43,24,0,0,0,0,49
capture_2020_04_17_11_39_49_7631_right,0,22,18,24,31,25,42,6,31,45,31,0,0,0,0,49
capture_2020_04_17_11_39_49_7632_left,0,23,15,25,27,25,38,4,29,45,22,0,0,0,0,50
capture_2020_04_17_11_39_49_7632_right,0,26,16,25,29,24,40,5,28,46,28,0,0,0,0,51
capture_2020_04_17_11_39_49_7633_left,0,22,16,23,28,24,38,4,28,44,24,0,0,0,0,51
capture_2020_04_17_11_39_49_7633_right,0,26,15,26,29,25,41,4,28,47,28,0,0,0,0,51
capture_2020_04_17_11_39_49_7634_left,0,23,16,24,29,25,40,3,31,47,26,0,0,0,0,52
capture_2020_04_17_11_39_49_7634_right,0,24,17,26,31,28,43,5,31,48,29,0,0,0,0,52
capture_2020_04_17_11_39_49_7635_left,0,25,18,27,29,28,40,4,30,47,28,0,0,0,0,53
capture_2020_04_17_11_39_49_7635_right,0,25,17,27,30,27,42,5,31,49,30,0,0,0,0,53
capture_2020_04_17_11_39_49_7636_left,0,24,19,26,32,26,43,5,33,49,31,0,0,0,0,55
capture_2020_04_17_11_39_49_7636_right,0,27,18,26,31,27,42,6,29,49,30,0,0,0,0,55
capture_2020_04_17_11_39_49_7637_left,0,24,20,26,33,27,43,3,34,51,30,0,0,0,0,55
capture_2020_04_17_11_39_49_7637_right,0,27,17,27,31,27,41,5,30,51,31,0,0,0,0,55
capture_2020_04_17_11_39_49_7638_left,0,24,21,26,34,26,45,3,33,49,30,0,0,0,0,56
capture_2020_04_17_11_39_49_7638_right,0,26,17,26,31,25,43,4,30,49,30,0,0,0,0,55
capture_2020_04_17_11_39_49_7639_left,0,26,22,26,36,27,45,3,34,49,31,0,0,0,0,57
capture_2020_04_17_11_39_49_7639_right,0,26,21,27,33,27,44,5,32,50,32,0,0,0,0,56
capture_2020_04_17_11_39_49_7640_left,0,25,25,26,37,27,47,2,36,48,33,0,0,0,0,57
capture_2020_04_17_11_39_49_7640_right,0,27,21,27,35,29,47,7,32,49,33,0,0,0,0,57
capture_2020_04_17_11_39_49_7641_left,0,26,23,29,36,28,46,5,35,51,35,0,0,0,0,59
capture_2020_04_17_11_39_49_7641_right,0,31,23,30,36,29,49,5,33,54,36,0,0,0,0,60
capture_2020_04_17_11_39_49_7642_left,0,29,23,30,37,30,50,7,34,55,32,0,0,0,0,61
capture_2020_04_17_11_39_49_7642_right,0,33,27,29,39,29,51,5,33,56,39,0,0,0,0,61
capture_2020_04_17_11_39_49_7643_left,0,30,23,31,39,32,49,4,34,56,33,0,0,0,0,61
capture_2020_04_17_11_39_49_7643_right,0,30,27,30,38,31,50,4,38,57,38,0,0,0,0,62
capture_2020_04_17_11_39_49_7644_left,0,30,25,35,38,34,52,5,33,59,32,0,0,0,0,63
capture_2020_04_17_11_39_49_7644_right,0,32,25,32,39,32,52,4,41,59,37,0,0,0,0,64
capture_2020_04_17_11_39_49_7645_left,0,31,19,34,37,35,50,5,33,62,31,0,0,0,0,65
capture_2020_04_17_11_39_49_7645_right,0,33,25,33,40,32,52,3,37,62,38,0,0,0,0,64
capture_2020_04_17_11_39_49_7646_left,0,33,26,36,38,34,51,4,33,62,34,0,0,0,0,64
capture_2020_04_17_11_39_49_7646_right,0,33,26,33,40,34,54,6,37,60,37,0,0,0,0,64
capture_2020_04_17_11_39_49_7647_left,0,32,19,35,34,35,51,6,29,62,31,0,0,0,0,65
capture_2020_04_17_11_39_49_7647_right,0,36,23,35,39,35,51,8,35,62,35,0,0,0,0,65
capture_2020_04_17_11_39_49_7648_left,0,36,21,36,36,36,49,6,31,62,32,0,0,0,0,65
capture_2020_04_17_11_39_49_7648_right,0,35,26,34,40,34,53,6,36,60,38,0,0,0,0,64
capture_2020_04_17_11_39_49_7649_left,0,34,22,37,35,33,47,5,30,61,33,0,0,0,0,65
capture_2020_04_17_11_39_49_7649_right,0,34,26,33,38,34,54,4,37,63,36,0,0,0,0,65
capture_2020_04_17_11_39_49_7650_left,0,32,19,34,34,33,50,4,29,63,31,0,0,0,0,66
capture_2020_04_17_11_39_49_7650_right,0,35,20,35,36,34,52,7,36,62,36,0,0,0,0,65
capture_2020_04_17_11_39_49_7651_left,0,34,14,37,33,36,49,6,28,62,26,0,0,0,0,66
capture_2020_04_17_11_39_49_7651_right,0,36,17,35,34,35,49,5,35,61,32,0,0,0,0,66
capture_2020_04_17_11_39_49_7652_left,0,33,16,36,36,34,50,4,28,63,28,0,0,0,0,67
capture_2020_04_17_11_39_49_7652_right,0,36,21,35,37,34,52,4,38,64,35,0,0,0,0,67
capture_2020_04_17_11_39_49_7653_left,0,36,17,36,35,35,49,6,31,64,29,0,0,0,0,67
capture_2020_04_17_11_39_49_7653_right,0,37,22,37,39,37,53,5,34,65,36,0,0,0,0,68
capture_2020_04_17_11_39_49_7654_left,0,34,19,36,33,36,50,4,29,66,33,0,0,0,0,68
capture_2020_04_17_11_39_49_7654_right,0,40,21,37,37,38,51,6,36,67,36,0,0,0,0,69
capture_2020_04_17_11_39_49_7655_left,0,39,15,36,34,37,49,3,27,67,31,0,0,0,0,69
capture_2020_04_17_11_39_49_7655_right,0,39,20,37,37,38,51,6,37,66,33,0,0,0,0,69
capture_2020_04_17_11_39_49_7656_left,0,35,18,36,33,36,49,5,29,66,35,0,0,0,0,69
capture_2020_04_17_11_39_49_7656_right,0,37,20,37,36,37,50,5,38,65,35,0,0,0,0,69
capture_2020_04_17_11_39_49_7657_left,0,35,16,35,33,36,49,5,27,66,32,0,0,0,0,69
capture_2020_04_17_11_39_49_7657_right,0,39,20,39,37,38,50,4,37,66,31,0,0,0,0,70
capture_2020_04_17_11_39_49_7658_left,0,37,17,36,33,36,48,5,27,66,33,0,0,0,0,70
capture_2020_04_17_11_39_49_7658_right,0,38,20,38,37,39,53,5,39,68,33,0,0,0,0,71
capture_2020_04_17_11_39_49_7659_left,0,35,12,36,32,38,47,3,27,67,31,0,0,0,0,70
capture_2020_04_17_11_39_49_7659_right,0,40,16,39,34,39,48,5,36,67,31,0,0,0,0,71
capture_2020_04_17_11_39_49_7660_left,0,33,12,38,31,38,46,5,26,67,28,0,0,0,0,72
capture_2020_04_17_11_39_49_7660_right,0,40,14,40,36,39,52,8,36,69,31,0,0,0,0,72
capture_2020_04_17_11_39_49_7661_left,0,36,23,43,42,41,60,4,34,77,34,0,0,0,0,81
capture_2020_04_17_11_39_49_7661_right,0,43,21,42,41,43,55,7,41,77,36,0,0,0,0,81
capture_2020_04_17_11_39_49_7662_left,0,42,25,43,44,43,62,7,35,79,37,0,0,0,0,85
capture_2020_04_17_11_39_49_7662_right,0,44,25,43,43,43,60,6,42,80,37,0,0,0,0,86
capture_2020_04_17_11_39_49_7663_left,0,41,26,42,44,43,61,6,37,83,37,0,0,0,0,88
capture_2020_04_17_11_39_49_7663_right,0,45,24,42,44,43,59,6,42,84,35,0,0,0,0,88
capture_2020_04_17_11_39_49_7664_left,0,41,26,43,48,42,66,5,36,85,46,0,0,0,0,91
capture_2020_04_17_11_39_49_7664_right,0,45,28,44,49,44,70,5,46,87,43,0,0,0,0,91
capture_2020_04_17_11_39_49_7665_left,0,41,30,47,51,47,69,8,43,88,45,0,0,0,0,92
capture_2020_04_17_11_39_49_7665_right,0,49,30,46,53,46,70,7,51,88,49,0,0,0,0,92
capture_2020_04_17_11_39_49_7666_left,0,42,29,47,53,48,69,5,43,89,53,0,0,0,0,93
capture_2020_04_17_11_39_49_7666_right,0,47,34,49,52,47,70,6,54,91,45,0,0,0,0,93
capture_2020_04_17_11_39_49_7667_left,0,44,30,47,51,47,69,6,40,91,52,0,0,0,0,94
capture_2020_04_17_11_39_49_7667_right,0,50,31,47,51,47,69,5,52,92,46,0,0,0,0,94
capture_2020_04_17_11_39_49_7668_left,0,46,31,49,50,47,69,5,44,90,53,0,0,0,0,93
capture_2020_04_17_11_39_49_7668_right,0,54,31,50,50,49,71,5,49,90,49,0,0,0,0,94
capture_2020_04_17_11_39_49_7669_left,0,45,31,52,49,49,66,5,43,90,47,0,0,0,0,94
capture_2020_04_17_11_39_49_7669_right,0,51,29,51,53,53,77,8,52,90,48,0,0,0,0,94
capture_2020_04_17_11_39_49_7670_left,0,49,25,49,47,53,74,3,36,90,49,0,0,0,0,94
capture_2020_04_17_11_39_49_7670_right,0,55,27,52,54,54,77,10,52,92,50,0,0,0,0,95
capture_2020_04_17_11_39_49_7671_left,0,48,20,49,46,50,69,4,35,91,47,0,0,0,0,94
capture_2020_04_17_11_39_49_7671_right,0,55,28,52,53,50,76,4,53,90,50,0,0,0,0,95
capture_2020_04_17_11_39_49_7672_left,0,45,22,50,48,49,72,5,39,90,49,0,0,0,0,95
capture_2020_04_17_11_39_49_7672_right,0,50,29,50,55,50,73,6,55,91,52,0,0,0,0,95
capture_2020_04_17_11_39_49_7673_left,0,43,21,48,49,48,70,6,41,91,51,0,0,0,0,94
capture_2020_04_17_11_39_49_7673_right,0,48,31,47,52,48,74,7,52,90,46,0,0,0,0,95
capture_2020_04_17_11_39_49_7674_left,0,44,25,49,50,47,67,5,43,89,50,0,0,0,0,94
capture_2020_04_17_11_39_49_7674_right,0,50,27,51,51,50,75,8,53,91,48,0,0,0,0,95
capture_2020_04_17_11_39_49_7675_left,0,40,27,47,49,52,68,9,42,88,50,0,0,0,0,94
capture_2020_04_17_11_39_49_7675_right,0,48,28,47,54,46,73,5,52,89,49,0,0,0,0,94
capture_2020_04_17_11_39_49_7676_left,0,42,23,45,49,45,70,5,43,89,50,0,0,0,0,94
capture_2020_04_17_11_39_49_7676_right,0,49,25,47,51,47,70,4,50,90,46,0,0,0,0,94
capture_2020_04_17_11_39_49_7677_left,0,46,27,48,47,48,64,5,40,89,46,0,0,0,0,93
capture_2020_04_17_11_39_49_7677_right,0,51,29,47,50,48,66,4,53,90,47,0,0,0,0,93
capture_2020_04_17_11_39_49_7678_left,0,42,25,47,47,47,67,6,39,91,46,0,0,0,0,93
capture_2020_04_17_11_39_49_7678_right,0,47,26,46,48,47,71,3,49,91,46,0,0,0,0,93
capture_2020_04_17_11_39_49_7679_left,0,47,27,48,46,48,66,4,44,89,45,0,0,0,0,92
capture_2020_04_17_11_39_49_7679_right,0,47,27,45,50,45,71,4,51,90,46,0,0,0,0,92
capture_2020_04_17_11_39_49_7680_left,0,44,26,48,46,47,67,4,42,88,46,0,0,0,0,91
capture_2020_04_17_11_39_49_7680_right,0,42,27,43,49,45,72,4,50,88,44,0,0,0,0,91
capture_2020_04_17_11_39_49_7681_left,0,43,26,47,47,46,68,4,43,89,47,0,0,0,0,91
capture_2020_04_17_11_39_49_7681_right,0,44,27,42,48,41,67,4,49,88,43,0,0,0,0,91
capture_2020_04_17_11_39_49_7682_left,0,40,28,44,46,44,64,7,41,85,45,0,0,0,0,88
capture_2020_04_17_11_39_49_7682_right,0,40,27,40,46,40,63,4,48,84,44,0,0,0,0,88
capture_2020_04_17_11_39_49_7683_left,0,40,27,44,45,42,62,3,43,84,44,0,0,0,0,87
capture_2020_04_17_11_39_49_7683_right,0,43,26,41,45,41,60,3,45,84,41,0,0,0,0,87
capture_2020_04_17_11_39_49_7684_left,0,38,24,40,41,40,58,3,41,80,42,0,0,0,0,83
capture_2020_04_17_11_39_49_7684_right,0,38,23,40,42,41,56,5,44,80,40,0,0,0,0,83
capture_2020_04_17_11_39_49_7685_left,0,37,26,39,44,39,58,5,43,78,41,0,0,0,0,81
capture_2020_04_17_11_39_49_7685_right,0,42,25,40,42,40,56,3,44,77,39,0,0,0,0,81
capture_2020_04_17_11_39_49_7686_left,0,36,26,39,42,40,56,3,44,76,43,0,0,0,0,80
capture_2020_04_17_11_39_49_7686_right,0,39,23,40,43,39,58,3,45,77,40,0,0,0,0,81
capture_2020_04_17_11_39_49_7687_left,0,38,26,41,43,41,57,4,40,77,43,0,0,0,0,80
capture_2020_04_17_11_39_49_7687_right,0,39,27,38,41,38,56,4,44,77,39,0,0,0,0,80
capture_2020_04_17_11_39_49_7688_left,0,38,28,41,43,39,58,2,42,76,41,0,0,0,0,80
capture_2020_04_17_11_39_49_7688_right,0,38,24,38,40,40,57,3,42,78,38,0,0,0,0,80
capture_2020_04_17_11_39_49_7689_left,0,38,26,40,43,39,56,3,42,76,40,0,0,0,0,80
capture_2020_04_17_11_39_49_7689_right,0,38,24,38,40,39,55,3,42,78,36,0,0,0,0,80
capture_2020_04_17_11_39_49_7690_left,0,37,20,42,41,40,58,4,37,77,37,0,0,0,0,80
capture_2020_04_17_11_39_49_7690_right,0,39,22,38,38,39,56,4,37,77,34,0,0,0,0,80
capture_2020_04_17_11_39_49_7691_left,0,37,24,40,40,41,55,5,37,76,37,0,0,0,0,80
capture_2020_04_17_11_39_49_7691_right,0,37,24,37,40,40,56,4,37,76,38,0,0,0,0,79
capture_2020_04_17_11_39_49_7692_left,0,37,24,40,39,40,55,4,37,75,37,0,0,0,0,79
capture_2020_04_17_11_39_49_7692_right,0,37,24,38,38,40,55,4,37,75,37,0,0,0,0,79
capture_2020_04_17_11_39_49_7693_left,0,37,23,41,38,40,55,5,36,75,37,0,0,0,0,79
capture_2020_04_17_11_39_49_7693_right,0,37,24,38,39,40,55,4,37,75,37,0,0,0,0,79
capture_2020_04_17_11_39_49_7694_left,0,37,23,41,38,40,55,5,36,75,37,0,0,0,0,79
capture_2020_04_17_11_39_49_7694_right,0,36,24,39,38,40,55,4,37,75,37,0,0,0,0,78
capture_2020_04_17_11_39_49_7695_left,0,37,23,40,37,40,55,5,36,75,37,0,0,0,0,79
capture_2020_04_17_11_39_49_7695_right,0,36,23,40,39,40,55,4,36,75,38,0,0,0,0,78
capture_2020_04_17_11_39_49_7696_left,0,37,24,40,37,40,55,4,37,76,38,0,0,0,0,79
capture_2020_04_17_11_39_49_7696_right,0,36,24,42,42,40,55,4,37,76,38,0,0,0,0,78
capture_2020_04_17_11_39_49_7697_left,0,36,18,41,37,40,59,4,36,75,38,0,0,0,0,78
capture_2020_04_17_11_39_49_7697_right,0,42,20,40,42,40,59,4,37,76,38,0,0,0,0,79
capture_2020_04_17_11_39_49_7698_left,0,35,19,41,38,40,59,4,37,76,38,0,0,0,0,78
capture_2020_04_17_11_39_49_7698_right,0,42,21,43,44,40,59,4,37,76,38,0,0,0,0,79
capture_2020_04_17_11_39_49_7699_left,0,38,20,40,37,40,56,3,34,76,38,0,0,0,0,78
capture_2020_04_17_11_39_49_7699_right,0,45,27,44,44,45,59,3,35,77,38,0,0,0,0,79
capture_2020_04_17_11_39_49_7700_left,0,39,19,42,38,41,56,2,35,76,38,0,0,0,0,78
capture_2020_04_17_11_39_49_7700_right,0,41,23,40,42,41,57,5,38,76,41,0,0,0,0,78
capture_2020_04_17_11_39_49_7701_left,0,36,17,39,38,41,53,5,34,75,37,0,0,0,0,78
capture_2020_04_17_11_39_49_7701_right,0,45,23,42,42,44,60,5,41,76,41,0,0,0,0,79
capture_2020_04_17_11_39_49_7702_left,0,39,19,41,38,41,54,5,37,76,38,0,0,0,0,78
capture_2020_04_17_11_39_49_7702_right,0,42,22,41,44,42,58,6,41,76,42,0,0,0,0,79
capture_2020_04_17_11_39_49_7703_left,0,36,23,41,40,40,56,2,36,75,42,0,0,0,0,78
capture_2020_04_17_11_39_49_7703_right,0,41,25,40,43,40,56,6,42,76,42,0,0,0,0,79
capture_2020_04_17_11_39_49_7704_left,0,38,25,39,40,39,55,4,38,76,38,0,0,0,0,78
capture_2020_04_17_11_39_49_7704_right,0,40,24,40,42,40,54,5,41,75,38,0,0,0,0,78
capture_2020_04_17_11_39_49_7705_left,0,37,25,40,40,40,53,5,35,75,39,0,0,0,0,78
capture_2020_04_17_11_39_49_7705_right,0,41,25,42,42,43,55,7,42,75,41,0,0,0,0,79
capture_2020_04_17_11_39_49_7706_left,0,36,21,41,40,41,55,5,37,76,37,0,0,0,0,79
capture_2020_04_17_11_39_49_7706_right,0,42,23,41,43,41,61,7,42,75,40,0,0,0,0,79
capture_2020_04_17_11_39_49_7707_left,0,36,20,41,39,41,56,4,37,76,39,0,0,0,0,78
capture_2020_04_17_11_39_49_7707_right,0,40,23,40,42,40,56,5,43,75,41,0,0,0,0,79
capture_2020_04_17_11_39_49_7708_left,0,37,24,40,39,41,55,3,35,76,39,0,0,0,0,79
capture_2020_04_17_11_39_49_7708_right,0,39,23,39,42,40,57,4,41,75,38,0,0,0,0,78
capture_2020_04_17_11_39_49_7709_left,0,36,21,40,39,41,57,4,34,75,36,0,0,0,0,79
capture_2020_04_17_11_39_49_7709_right,0,40,24,40,41,42,55,7,41,74,39,0,0,0,0,79
capture_2020_04_17_11_39_49_7710_left,0,36,22,39,40,38,58,5,36,74,37,0,0,0,0,78
capture_2020_04_17_11_39_49_7710_right,0,38,25,39,42,37,56,4,41,76,39,0,0,0,0,79
capture_2020_04_17_11_39_49_7711_left,0,36,22,40,41,38,56,4,36,75,37,0,0,0,0,79
capture_2020_04_17_11_39_49_7711_right,0,41,24,39,41,39,54,6,41,74,37,0,0,0,0,79
capture_2020_04_17_11_39_49_7712_left,0,36,23,41,41,39,58,5,36,74,38,0,0,0,0,78
capture_2020_04_17_11_39_49_7712_right,0,40,20,38,43,38,60,6,42,76,41,0,0,0,0,79
capture_2020_04_17_11_39_49_7713_left,0,37,24,38,41,39,57,4,37,75,39,0,0,0,0,78
capture_2020_04_17_11_39_49_7713_right,0,42,25,38,43,38,57,5,44,76,41,0,0,0,0,79
capture_2020_04_17_11_39_49_7714_left,0,37,25,39,41,40,56,3,39,75,38,0,0,0,0,78
capture_2020_04_17_11_39_49_7714_right,0,41,24,39,42,40,57,4,42,76,40,0,0,0,0,79
capture_2020_04_17_11_39_49_7715_left,0,37,24,39,41,39,57,6,37,75,39,0,0,0,0,78
capture_2020_04_17_11_39_49_7715_right,0,40,25,40,43,40,57,2,43,76,40,0,0,0,0,79
capture_2020_04_17_11_39_49_7716_left,0,37,21,40,41,40,60,3,37,76,39,0,0,0,0,78
capture_2020_04_17_11_39_49_7716_right,0,41,23,41,42,40,60,4,43,75,41,0,0,0,0,79
capture_2020_04_17_11_39_49_7717_left,0,35,24,40,40,40,58,4,38,74,40,0,0,0,0,78
capture_2020_04_17_11_39_49_7717_right,0,37,24,40,43,40,56,1,46,76,39,0,0,0,0,79
capture_2020_04_17_11_39_49_7718_left,0,37,24,42,39,40,56,4,37,75,39,0,0,0,0,78
capture_2020_04_17_11_39_49_7718_right,0,42,23,39,43,41,61,5,41,76,39,0,0,0,0,79
capture_2020_04_17_11_39_49_7719_left,0,36,20,41,40,39,59,3,38,75,39,0,0,0,0,78
capture_2020_04_17_11_39_49_7719_right,0,41,24,38,43,40,59,4,41,75,39,0,0,0,0,79
capture_2020_05_06_13_35_00_1625_left,0,25,19,30,29,30,40,3,33,51,27,0,0,0,0,54
capture_2020_05_06_13_35_00_1625_right,0,32,18,32,31,32,41,5,32,52,29,0,0,0,0,54
capture_2020_05_06_13_35_00_1626_left,0,24,15,27,29,29,39,3,30,48,26,0,0,0,0,53
capture_2020_05_06_13_35_00_1626_right,0,28,17,28,31,29,46,4,32,51,29,0,0,0,0,53
capture_2020_05_06_13_35_00_1627_left,0,26,16,28,29,28,42,3,30,50,27,0,0,0,0,53
capture_2020_05_06_13_35_00_1627_right,0,27,19,28,32,29,42,4,33,51,30,0,0,0,0,53
capture_2020_05_06_13_35_00_1628_left,0,26,18,28,28,29,40,3,30,50,28,0,0,0,0,53
capture_2020_05_06_13_35_00_1628_right,0,29,20,29,31,30,42,4,33,52,29,0,0,0,0,54
capture_2020_05_06_13_35_00_1629_left,0,25,19,28,29,29,39,4,30,50,28,0,0,0,0,53
capture_2020_05_06_13_35_00_1629_right,0,28,18,28,33,27,42,4,34,49,30,0,0,0,0,53
capture_2020_05_06_13_35_00_1630_left,0,24,17,27,28,27,41,2,30,49,26,0,0,0,0,53
capture_2020_05_06_13_35_00_1630_right,0,28,17,28,31,28,42,6,31,50,29,0,0,0,0,53
capture_2020_05_06_13_35_00_1631_left,0,26,16,27,28,27,38,4,29,48,26,0,0,0,0,53
capture_2020_05_06_13_35_00_1631_right,0,27,15,27,30,27,43,4,29,49,29,0,0,0,0,52
capture_2020_05_06_13_35_00_1632_left,0,24,16,27,28,27,40,4,30,50,27,0,0,0,0,53
capture_2020_05_06_13_35_00_1632_right,0,27,17,27,30,28,42,6,32,50,29,0,0,0,0,53
capture_2020_05_06_13_35_00_1633_left,0,25,15,27,27,27,41,5,29,50,26,0,0,0,0,53
capture_2020_05_06_13_35_00_1633_right,0,27,17,28,28,28,39,5,31,50,27,0,0,0,0,53
capture_2020_05_06_13_35_00_1634_left,0,23,16,26,27,26,39,4,29,49,25,0,0,0,0,52
capture_2020_05_06_13_35_00_1634_right,0,28,14,26,30,28,41,5,31,51,29,0,0,0,0,53
capture_2020_05_06_13_35_00_1635_left,0,24,14,25,27,27,40,2,29,49,27,0,0,0,0,52
capture_2020_05_06_13_35_00_1635_right,0,27,16,27,29,28,41,5,31,49,28,0,0,0,0,53
capture_2020_05_06_13_35_00_1636_left,0,25,16,26,26,27,38,4,28,49,25,0,0,0,0,53
capture_2020_05_06_13_35_00_1636_right,0,25,18,26,29,27,38,5,30,50,28,0,0,0,0,53
capture_2020_05_06_13_35_00_1637_left,0,24,17,26,27,26,37,2,29,49,26,0,0,0,0,52
capture_2020_05_06_13_35_00_1637_right,0,27,16,25,30,28,41,7,30,50,29,0,0,0,0,53
capture_2020_05_06_13_35_00_1638_left,0,22,16,26,28,27,39,4,29,48,26,0,0,0,0,52
capture_2020_05_06_13_35_00_1638_right,0,24,18,27,29,29,38,5,30,49,27,0,0,0,0,53
capture_2020_05_06_13_35_00_1639_left,0,22,18,27,29,27,37,5,29,47,25,0,0,0,0,53
capture_2020_05_06_13_35_00_1639_right,0,26,18,27,30,28,39,7,31,50,27,0,0,0,0,53
capture_2020_05_06_13_35_00_1640_left,0,21,17,25,29,27,40,5,30,46,25,0,0,0,0,53
capture_2020_05_06_13_35_00_1640_right,0,24,17,25,29,27,40,5,30,48,30,0,0,0,0,53
capture_2020_05_06_13_35_00_1641_left,0,25,18,27,28,27,38,7,30,48,25,0,0,0,0,54
capture_2020_05_06_13_35_00_1641_right,0,22,20,25,30,27,37,7,31,48,27,0,0,0,0,53
capture_2020_05_06_13_35_00_1642_left,0,22,19,27,28,28,38,7,31,48,26,0,0,0,0,53
capture_2020_05_06_13_35_00_1642_right,0,26,19,27,30,28,42,7,31,51,30,0,0,0,0,54
capture_2020_05_06_13_35_00_1643_left,0,24,18,27,28,27,40,5,31,49,29,0,0,0,0,53
capture_2020_05_06_13_35_00_1643_right,0,25,19,27,32,28,41,5,32,50,29,0,0,0,0,54
capture_2020_05_06_13_35_00_1644_left,0,24,14,27,28,28,41,5,32,51,26,0,0,0,0,54
capture_2020_05_06_13_35_00_1644_right,0,25,18,27,30,28,41,5,32,51,29,0,0,0,0,54
capture_2020_05_06_13_35_00_1645_left,0,25,18,27,28,28,39,4,31,51,28,0,0,0,0,54
capture_2020_05_06_13_35_00_1645_right,0,27,17,27,30,28,41,6,31,51,29,0,0,0,0,54
capture_2020_05_06_13_35_00_1646_left,0,25,15,27,26,27,38,4,29,50,26,0,0,0,0,54
capture_2020_05_06_13_35_00_1646_right,0,28,15,29,29,29,39,6,31,51,28,0,0,0,0,54
capture_2020_05_06_13_35_00_1647_left,0,26,15,29,27,30,38,4,29,50,26,0,0,0,0,54
capture_2020_05_06_13_35_00_1647_right,0,27,15,28,29,30,40,6,29,51,27,0,0,0,0,54
capture_2020_05_06_13_35_00_1648_left,0,26,16,28,27,29,37,5,27,52,24,0,0,0,0,55
capture_2020_05_06_13_35_00_1648_right,0,29,16,31,28,31,39,8,28,52,26,0,0,0,0,55
capture_2020_05_06_13_35_00_1649_left,0,27,14,28,25,29,37,8,26,49,21,0,0,0,0,54
capture_2020_05_06_13_35_00_1649_right,0,27,16,29,27,30,35,9,28,51,25,0,0,0,0,54
capture_2020_05_06_13_35_00_1650_left,0,25,16,29,25,31,35,8,28,50,21,0,0,0,0,55
capture_2020_05_06_13_35_00_1650_right,0,27,16,31,26,33,35,11,27,52,24,0,0,0,0,55
capture_2020_05_06_13_35_00_1651_left,0,29,16,30,27,32,36,9,28,50,23,0,0,0,0,55
capture_2020_05_06_13_35_00_1651_right,0,32,16,31,31,33,42,7,31,49,29,0,0,0,0,55
capture_2020_05_06_13_35_00_1652_left,0,28,16,29,29,30,40,5,30,50,27,0,0,0,0,56
capture_2020_05_06_13_35_00_1652_right,0,29,17,29,31,30,43,8,31,51,30,0,0,0,0,56
capture_2020_05_06_13_35_00_1653_left,0,26,19,29,29,29,38,6,31,49,24,0,0,0,0,56
capture_2020_05_06_13_35_00_1653_right,0,31,21,30,32,31,41,9,32,52,31,0,0,0,0,56
capture_2020_05_06_13_35_00_1654_left,0,27,19,28,29,29,38,5,31,50,23,0,0,0,0,56
capture_2020_05_06_13_35_00_1654_right,0,29,21,29,30,30,39,8,33,51,28,0,0,0,0,55
capture_2020_05_06_13_35_00_1655_left,0,25,19,28,28,29,37,6,30,51,24,0,0,0,0,56
capture_2020_05_06_13_35_00_1655_right,0,29,19,30,29,32,40,9,30,50,27,0,0,0,0,56
capture_2020_05_06_13_35_00_1656_left,0,26,19,28,28,29,39,7,30,50,25,0,0,0,0,56
capture_2020_05_06_13_35_00_1656_right,0,30,17,30,31,31,44,5,31,52,26,0,0,0,0,56
capture_2020_05_06_13_35_00_1657_left,0,26,17,26,28,28,42,3,29,51,26,0,0,0,0,57
capture_2020_05_06_13_35_00_1657_right,0,28,17,27,30,29,42,4,32,53,28,0,0,0,0,56
capture_2020_05_06_13_35_00_1658_left,0,26,17,26,28,28,38,2,28,50,23,0,0,0,0,57
capture_2020_05_06_13_35_00_1658_right,0,26,18,27,28,28,39,5,30,53,26,0,0,0,0,57
capture_2020_05_06_13_35_00_1659_left,0,25,17,26,26,27,38,3,29,52,25,0,0,0,0,57
capture_2020_05_06_13_35_00_1659_right,0,31,18,27,30,27,39,3,31,53,30,0,0,0,0,57
capture_2020_05_06_13_35_00_1660_left,0,28,17,27,27,28,37,1,27,54,27,0,0,0,0,57
capture_2020_05_06_13_35_00_1660_right,0,29,15,29,28,28,37,4,30,54,27,0,0,0,0,57
capture_2020_05_06_13_35_00_1661_left,0,25,15,27,28,28,37,1,28,54,27,0,0,0,0,57
capture_2020_05_06_13_35_00_1661_right,0,27,16,29,30,28,41,3,32,55,30,0,0,0,0,57
capture_2020_05_06_13_35_00_1662_left,0,27,14,28,26,28,41,3,27,56,28,0,0,0,0,58
capture_2020_05_06_13_35_00_1662_right,0,29,16,29,30,29,42,4,31,56,29,0,0,0,0,58
capture_2020_05_06_13_35_00_1663_left,0,26,15,28,26,29,38,3,27,55,24,0,0,0,0,59
capture_2020_05_06_13_35_00_1663_right,0,29,16,29,30,30,43,2,31,56,28,0,0,0,0,59
capture_2020_05_06_13_35_00_1664_left,0,28,16,29,27,30,39,2,27,56,27,0,0,0,0,59
capture_2020_05_06_13_35_00_1664_right,0,31,15,30,28,31,40,7,30,55,27,0,0,0,0,59
capture_2020_05_06_13_35_00_1665_left,0,26,15,28,28,28,39,3,29,54,27,0,0,0,0,59
capture_2020_05_06_13_35_00_1665_right,0,32,14,29,31,32,44,5,32,54,28,0,0,0,0,59
capture_2020_05_06_13_35_00_1666_left,0,28,10,28,25,29,40,2,27,56,25,0,0,0,0,60
capture_2020_05_06_13_35_00_1666_right,0,31,13,29,28,30,44,4,30,56,27,0,0,0,0,59
capture_2020_05_06_13_35_00_1667_left,0,27,12,29,24,30,37,4,26,55,25,0,0,0,0,60
capture_2020_05_06_13_35_00_1667_right,0,31,13,29,29,30,41,5,31,56,27,0,0,0,0,59
capture_2020_05_06_13_35_00_1668_left,0,27,14,27,27,28,40,4,28,55,26,0,0,0,0,59
capture_2020_05_06_13_35_00_1668_right,0,32,15,29,30,30,42,5,31,56,29,0,0,0,0,60
capture_2020_05_06_13_35_00_1669_left,0,24,13,27,26,28,40,2,27,56,24,0,0,0,0,60
capture_2020_05_06_13_35_00_1669_right,0,25,16,27,29,28,43,3,33,56,28,0,0,0,0,60
capture_2020_05_06_13_35_00_1670_left,0,26,14,27,26,28,40,3,27,55,28,0,0,0,0,61
capture_2020_05_06_13_35_00_1670_right,0,28,18,27,31,29,44,3,33,56,31,0,0,0,0,60
capture_2020_05_06_13_35_00_1671_left,0,28,16,27,28,28,40,2,27,55,29,0,0,0,0,61
capture_2020_05_06_13_35_00_1671_right,0,24,18,27,32,27,42,2,34,56,30,0,0,0,0,61
capture_2020_05_06_13_35_00_1672_left,0,24,15,27,27,28,38,2,28,58,28,0,0,0,0,61
capture_2020_05_06_13_35_00_1672_right,0,29,18,28,31,29,45,3,34,57,30,0,0,0,0,61
capture_2020_05_06_13_35_00_1673_left,0,27,16,29,27,29,41,4,29,56,29,0,0,0,0,60
capture_2020_05_06_13_35_00_1673_right,0,29,18,29,32,30,43,4,35,57,30,0,0,0,0,60
capture_2020_05_06_13_35_00_1674_left,0,30,15,31,28,31,40,2,29,57,28,0,0,0,0,60
capture_2020_05_06_13_35_00_1674_right,0,38,17,35,32,36,42,9,33,58,32,0,0,0,0,60
