,noFace,Face,,Left eye,,Right eye,,Left,Right,Up,Down,Face width:
Picture:,,"(x,",y),"(x,",y),"(x,",y)
capture_2020_04_17_11_39_49_7213,0,0.37853107344632769,0.82738095238095233,0.36887608069164263,0.73743016759776536,0.35675675675675678,0.75287356321839083,0,0,0,0,0.10559006211180125
capture_2020_04_17_11_39_49_7214,0,0.37853107344632769,0.82738095238095233,0.36887608069164263,0.73743016759776536,0.35675675675675678,0.75287356321839083,0,0,0,0,0.10559006211180125
capture_2020_04_17_11_39_49_7215,0,0.37853107344632769,0.82738095238095233,0.36887608069164263,0.73743016759776536,0.35675675675675678,0.75287356321839083,0,0,0,0,0.10559006211180125
capture_2020_04_17_11_39_49_7216,0,0.37853107344632769,0.82738095238095233,0.36887608069164263,0.73743016759776536,0.35675675675675678,0.75287356321839083,0,0,0,0,0.10559006211180125
capture_2020_04_17_11_39_49_7217,0,0.37853107344632769,0.82738095238095233,0.36887608069164263,0.72625698324022347,0.36216216216216218,0.74137931034482762,0,0,0,0,0.10559006211180125
capture_2020_04_17_11_39_49_7218,0,0.37853107344632769,0.81547619047619047,0.36887608069164263,0.72625698324022347,0.36216216216216218,0.74137931034482762,0,0,0,0,0.10559006211180125
capture_2020_04_17_11_39_49_7219,0,0.38700564971751411,0.7857142857142857,0.36887608069164263,0.73743016759776536,0.35675675675675678,0.75287356321839083,0,0,0,0,0.10559006211180125
capture_2020_04_17_11_39_49_7220,0,0.38700564971751411,0.7857142857142857,0.36887608069164263,0.72067039106145248,0.36486486486486486,0.72988505747126442,0,0,0,0,0.19875776397515527
capture_2020_04_17_11_39_49_7221,0,0.38700564971751411,0.7857142857142857,0.37463976945244959,0.70949720670391059,0.36756756756756759,0.7183908045977011,0,0,0,0,0.19875776397515527
capture_2020_04_17_11_39_49_7222,0,0.39265536723163841,0.74404761904761907,0.37752161383285304,0.6983240223463687,0.37027027027027026,0.7068965517241379,0,0,0,0,0.10559006211180125
capture_2020_04_17_11_39_49_7223,0,0.38983050847457629,0.7321428571428571,0.3804034582132565,0.68715083798882681,0.37567567567567567,0.70114942528735635,0,0,0,0,0.10559006211180125
capture_2020_04_17_11_39_49_7224,0,0.40112994350282488,0.72023809523809523,0.38904899135446686,0.67597765363128492,0.37567567567567567,0.68965517241379315,0,0,0,0,0.10559006211180125
capture_2020_04_17_11_39_49_7225,0,0.40677966101694918,0.72023809523809523,0.39769452449567722,0.659217877094972,0.38648648648648648,0.67241379310344829,0,0,0,0,0.10559006211180125
capture_2020_04_17_11_39_49_7226,0,0.4152542372881356,0.70833333333333337,0.40634005763688763,0.659217877094972,0.39459459459459462,0.67241379310344829,0,0,0,0,0.10559006211180125
capture_2020_04_17_11_39_49_7227,0,0.43502824858757061,0.69047619047619047,0.4265129682997118,0.63687150837988826,0.4081081081081081,0.67241379310344829,0,0,0,0,0.10559006211180125
capture_2020_04_17_11_39_49_7228,0,0.43785310734463279,0.69047619047619047,0.4265129682997118,0.63687150837988826,0.41891891891891891,0.67241379310344829,0,0,0,0,0.10559006211180125
capture_2020_04_17_11_39_49_7229,0,0.4519774011299435,0.69047619047619047,0.44668587896253603,0.63687150837988826,0.42702702702702705,0.67241379310344829,0,0,0,0,0.10559006211180125
capture_2020_04_17_11_39_49_7230,0,0.4519774011299435,0.69047619047619047,0.44668587896253603,0.63687150837988826,0.42702702702702705,0.67241379310344829,0,0,0,0,0.10559006211180125
capture_2020_04_17_11_39_49_7231,0,0.4519774011299435,0.69047619047619047,0.45244956772334294,0.63687150837988826,0.42702702702702705,0.67241379310344829,0,0,0,0,0.10559006211180125
capture_2020_04_17_11_39_49_7232,0,0.4519774011299435,0.69047619047619047,0.45244956772334294,0.63687150837988826,0.43243243243243246,0.67241379310344829,0,0,0,0,0.10559006211180125
capture_2020_04_17_11_39_49_7233,0,0.4519774011299435,0.69047619047619047,0.45244956772334294,0.63687150837988826,0.43243243243243246,0.67241379310344829,0,0,0,0,0.10559006211180125
capture_2020_04_17_11_39_49_7234,0,0.4519774011299435,0.69047619047619047,0.45244956772334294,0.64804469273743015,0.43243243243243246,0.68390804597701149,0,0,0,0,0.10559006211180125
capture_2020_04_17_11_39_49_7235,0,0.4576271186440678,0.7857142857142857,0.45244956772334294,0.67039106145251393,0.42702702702702705,0.71264367816091956,0,0,0,0,0.10559006211180125
capture_2020_04_17_11_39_49_7236,0,0.4576271186440678,0.7857142857142857,0.45244956772334294,0.67039106145251393,0.42702702702702705,0.71264367816091956,0,0,0,0,0.10559006211180125
capture_2020_04_17_11_39_49_7237,0,0.4576271186440678,0.7857142857142857,0.45244956772334294,0.67039106145251393,0.42702702702702705,0.71264367816091956,0,0,0,0,0.10559006211180125
capture_2020_04_17_11_39_49_7238,0,0.44067796610169491,0.7857142857142857,0.43515850144092216,0.6983240223463687,0.4081081081081081,0.72413793103448276,0,0,0,0,0.10559006211180125
capture_2020_04_17_11_39_49_7239,0,0.44067796610169491,0.7857142857142857,0.42939481268011526,0.6983240223463687,0.40540540540540543,0.72413793103448276,0,0,0,0,0.10559006211180125
capture_2020_04_17_11_39_49_7240,0,0.42655367231638419,0.7857142857142857,0.41786743515850144,0.71508379888268159,0.39459459459459462,0.74712643678160917,0,0,0,0,0.10559006211180125
capture_2020_04_17_11_39_49_7241,0,0.40677966101694918,0.6964285714285714,0.414985590778098,0.71508379888268159,0.39189189189189189,0.74137931034482762,0,0,0,0,0.0062111801242236021
capture_2020_04_17_11_39_49_7242,0,0.403954802259887,0.6964285714285714,0.40634005763688763,0.70949720670391059,0.38378378378378381,0.72413793103448276,0,0,0,0,0.0062111801242236021
capture_2020_04_17_11_39_49_7243,0,0.39830508474576271,0.6964285714285714,0.40634005763688763,0.70949720670391059,0.38378378378378381,0.72413793103448276,0,0,0,0,0.0062111801242236021
capture_2020_04_17_11_39_49_7244,0,0.39265536723163841,0.6964285714285714,0.40634005763688763,0.6983240223463687,0.37567567567567567,0.71264367816091956,0,0,0,0,0.0062111801242236021
capture_2020_04_17_11_39_49_7245,0,0.39265536723163841,0.6964285714285714,0.40634005763688763,0.6983240223463687,0.37567567567567567,0.71264367816091956,0,0,0,0,0.0062111801242236021
capture_2020_04_17_11_39_49_7246,0,0.39265536723163841,0.6964285714285714,0.40634005763688763,0.6983240223463687,0.37567567567567567,0.71264367816091956,0,0,0,0,0.0062111801242236021
capture_2020_04_17_11_39_49_7247,0,0.39830508474576271,0.6964285714285714,0.40634005763688763,0.71508379888268159,0.38648648648648648,0.72413793103448276,0,0,0,0,0.0062111801242236021
capture_2020_04_17_11_39_49_7248,0,0.403954802259887,0.6964285714285714,0.40634005763688763,0.72067039106145248,0.38918918918918921,0.72988505747126442,0,0,0,0,0.0062111801242236021
capture_2020_04_17_11_39_49_7249,0,0.41242937853107342,0.72023809523809523,0.41786743515850144,0.72625698324022347,0.39729729729729729,0.74137931034482762,0,0,0,0,0.0062111801242236021
capture_2020_04_17_11_39_49_7250,0,0.41242937853107342,0.72023809523809523,0.41786743515850144,0.72625698324022347,0.39729729729729729,0.74137931034482762,0,0,0,0,0.0062111801242236021
capture_2020_04_17_11_39_49_7251,0,0.42090395480225989,0.72023809523809523,0.4265129682997118,0.72625698324022347,0.40540540540540543,0.74137931034482762,0,0,0,0,0.0062111801242236021
capture_2020_04_17_11_39_49_7252,0,0.42090395480225989,0.72023809523809523,0.42939481268011526,0.72625698324022347,0.40540540540540543,0.74137931034482762,0,0,0,0,0.0062111801242236021
capture_2020_04_17_11_39_49_7253,0,0.42090395480225989,0.72023809523809523,0.42939481268011526,0.72625698324022347,0.40540540540540543,0.74137931034482762,0,0,0,0,0.0062111801242236021
capture_2020_04_17_11_39_49_7254,0,0.44067796610169491,0.81547619047619047,0.42939481268011526,0.72625698324022347,0.40540540540540543,0.74137931034482762,0,0,0,0,0.093167701863354033
capture_2020_04_17_11_39_49_7255,0,0.44067796610169491,0.81547619047619047,0.42939481268011526,0.72625698324022347,0.40540540540540543,0.74137931034482762,0,0,0,0,0.093167701863354033
capture_2020_04_17_11_39_49_7256,0,0.44350282485875708,0.82738095238095233,0.42939481268011526,0.72625698324022347,0.40540540540540543,0.74137931034482762,0,0,0,0,0.10559006211180125
capture_2020_04_17_11_39_49_7257,0,0.44350282485875708,0.82738095238095233,0.42939481268011526,0.72625698324022347,0.40540540540540543,0.74137931034482762,0,0,0,0,0.10559006211180125
capture_2020_04_17_11_39_49_7258,0,0.44350282485875708,0.82738095238095233,0.42939481268011526,0.72625698324022347,0.40540540540540543,0.74137931034482762,0,0,0,0,0.10559006211180125
capture_2020_04_17_11_39_49_7259,0,0.44350282485875708,0.82738095238095233,0.42939481268011526,0.72625698324022347,0.40540540540540543,0.74137931034482762,0,0,0,0,0.10559006211180125
capture_2020_04_17_11_39_49_7260,0,0.44350282485875708,0.82738095238095233,0.42939481268011526,0.72625698324022347,0.40540540540540543,0.74137931034482762,0,0,0,0,0.10559006211180125
capture_2020_04_17_11_39_49_7261,0,0.44350282485875708,0.82738095238095233,0.42939481268011526,0.72625698324022347,0.40540540540540543,0.74137931034482762,0,0,0,0,0.10559006211180125
capture_2020_04_17_11_39_49_7262,0,0.44350282485875708,0.82738095238095233,0.42939481268011526,0.72625698324022347,0.40540540540540543,0.74137931034482762,0,0,0,0,0.10559006211180125
capture_2020_04_17_11_39_49_7263,0,0.44350282485875708,0.82738095238095233,0.42939481268011526,0.72625698324022347,0.40540540540540543,0.74137931034482762,0,0,0,0,0.10559006211180125
capture_2020_04_17_11_39_49_7264,0,0.4463276836158192,0.7678571428571429,0.42939481268011526,0.72625698324022347,0.40540540540540543,0.74137931034482762,0,0,0,0,0.10559006211180125
capture_2020_04_17_11_39_49_7265,0,0.4463276836158192,0.7678571428571429,0.43515850144092216,0.71508379888268159,0.42432432432432432,0.72413793103448276,0,0,0,0,0.10559006211180125
capture_2020_04_17_11_39_49_7266,0,0.4463276836158192,0.7678571428571429,0.43515850144092216,0.71508379888268159,0.42432432432432432,0.72413793103448276,0,0,0,0,0.10559006211180125
capture_2020_04_17_11_39_49_7267,0,0.4519774011299435,0.75595238095238093,0.44380403458213258,0.70949720670391059,0.42972972972972973,0.71264367816091956,0,0,0,0,0.10559006211180125
capture_2020_04_17_11_39_49_7268,0,0.4519774011299435,0.72619047619047616,0.44380403458213258,0.70949720670391059,0.42972972972972973,0.71264367816091956,0,0,0,0,0.10559006211180125
capture_2020_04_17_11_39_49_7269,0,0.4519774011299435,0.72619047619047616,0.44956772334293948,0.7039106145251397,0.43783783783783786,0.7068965517241379,0,0,0,0,0.10559006211180125
capture_2020_04_17_11_39_49_7270,0,0.4519774011299435,0.72619047619047616,0.44956772334293948,0.7039106145251397,0.43783783783783786,0.7068965517241379,0,0,0,0,0.10559006211180125
capture_2020_04_17_11_39_49_7271,0,0.4519774011299435,0.7142857142857143,0.44956772334293948,0.7039106145251397,0.43783783783783786,0.7068965517241379,0,0,0,0,0.10559006211180125
capture_2020_04_17_11_39_49_7272,0,0.4576271186440678,0.7142857142857143,0.45244956772334294,0.68715083798882681,0.45405405405405408,0.7068965517241379,0,0,0,0,0.10559006211180125
capture_2020_04_17_11_39_49_7273,0,0.46610169491525422,0.7142857142857143,0.45244956772334294,0.68715083798882681,0.45405405405405408,0.7068965517241379,0,0,0,0,0.10559006211180125
capture_2020_04_17_11_39_49_7274,0,0.46610169491525422,0.6607142857142857,0.45244956772334294,0.67597765363128492,0.45945945945945948,0.68965517241379315,0,0,0,0,0.10559006211180125
capture_2020_04_17_11_39_49_7275,0,0.4632768361581921,0.6428571428571429,0.4610951008645533,0.659217877094972,0.45945945945945948,0.67241379310344829,0,0,0,0,0.10559006211180125
capture_2020_04_17_11_39_49_7276,0,0.4632768361581921,0.6428571428571429,0.45244956772334294,0.64804469273743015,0.45675675675675675,0.67241379310344829,0,0,0,0,0.10559006211180125
capture_2020_04_17_11_39_49_7277,0,0.4632768361581921,0.6428571428571429,0.45244956772334294,0.64804469273743015,0.45675675675675675,0.67241379310344829,0,0,0,0,0.10559006211180125
capture_2020_04_17_11_39_49_7278,0,0.4632768361581921,0.6428571428571429,0.45244956772334294,0.63128491620111726,0.45675675675675675,0.66091954022988508,0,0,0,0,0.10559006211180125
capture_2020_04_17_11_39_49_7279,0,0.4632768361581921,0.6428571428571429,0.45244956772334294,0.62569832402234637,0.45675675675675675,0.64942528735632188,0,0,0,0,0.10559006211180125
capture_2020_04_17_11_39_49_7280,0,0.47175141242937851,0.67261904761904767,0.44092219020172913,0.61452513966480449,0.45405405405405408,0.63793103448275867,0,0,0,0,0.20496894409937888
capture_2020_04_17_11_39_49_7281,0,0.46892655367231639,0.67261904761904767,0.44092219020172913,0.61452513966480449,0.45405405405405408,0.63793103448275867,0,0,0,0,0.20496894409937888
capture_2020_04_17_11_39_49_7282,0,0.44915254237288138,0.58333333333333337,0.43227665706051871,0.60893854748603349,0.44864864864864867,0.632183908045977,0,0,0,0,0.20496894409937888
capture_2020_04_17_11_39_49_7283,0,0.44915254237288138,0.58333333333333337,0.43227665706051871,0.60893854748603349,0.44864864864864867,0.632183908045977,0,0,0,0,0.20496894409937888
capture_2020_04_17_11_39_49_7284,0,0.44915254237288138,0.58333333333333337,0.43227665706051871,0.60893854748603349,0.44864864864864867,0.632183908045977,0,0,0,0,0.20496894409937888
capture_2020_04_17_11_39_49_7285,0,0.4463276836158192,0.6428571428571429,0.4207492795389049,0.56983240223463683,0.44594594594594594,0.603448275862069,0,0,0,0,0.30434782608695654
capture_2020_04_17_11_39_49_7286,0,0.4463276836158192,0.6428571428571429,0.4207492795389049,0.56983240223463683,0.44594594594594594,0.603448275862069,0,0,0,0,0.30434782608695654
capture_2020_04_17_11_39_49_7287,0,0.4463276836158192,0.6428571428571429,0.40634005763688763,0.56983240223463683,0.43513513513513513,0.58045977011494254,0,0,0,0,0.30434782608695654
capture_2020_04_17_11_39_49_7288,0,0.43220338983050849,0.63095238095238093,0.40345821325648418,0.553072625698324,0.43243243243243246,0.57471264367816088,0,0,0,0,0.30434782608695654
capture_2020_04_17_11_39_49_7289,0,0.43220338983050849,0.63095238095238093,0.40057636887608067,0.53631284916201116,0.43243243243243246,0.55747126436781613,0,0,0,0,0.30434782608695654
capture_2020_04_17_11_39_49_7290,0,0.42937853107344631,0.5714285714285714,0.3861671469740634,0.52513966480446928,0.42972972972972973,0.53448275862068961,0,0,0,0,0.30434782608695654
capture_2020_04_17_11_39_49_7291,0,0.42937853107344631,0.5714285714285714,0.38904899135446686,0.51396648044692739,0.43513513513513513,0.51724137931034486,0,0,0,0,0.30434782608695654
capture_2020_04_17_11_39_49_7292,0,0.42655367231638419,0.47619047619047616,0.38904899135446686,0.48044692737430167,0.44054054054054054,0.4885057471264368,0,0,0,0,0.30434782608695654
capture_2020_04_17_11_39_49_7293,0,0.42655367231638419,0.47619047619047616,0.38904899135446686,0.46927374301675978,0.44054054054054054,0.47701149425287354,0,0,0,0,0.30434782608695654
capture_2020_04_17_11_39_49_7294,0,0.42655367231638419,0.42261904761904762,0.38904899135446686,0.45810055865921789,0.44594594594594594,0.46551724137931033,0,0,0,0,0.30434782608695654
capture_2020_04_17_11_39_49_7295,0,0.44350282485875708,0.50595238095238093,0.38904899135446686,0.441340782122905,0.44594594594594594,0.44827586206896552,0,0,0,0,0.38509316770186336
capture_2020_04_17_11_39_49_7296,0,0.4463276836158192,0.49404761904761907,0.39481268011527376,0.41899441340782123,0.45405405405405408,0.43103448275862066,0,0,0,0,0.39751552795031053
capture_2020_04_17_11_39_49_7297,0,0.4463276836158192,0.47023809523809523,0.38904899135446686,0.4022346368715084,0.45675675675675675,0.41379310344827586,0,0,0,0,0.39751552795031053
capture_2020_04_17_11_39_49_7298,0,0.44067796610169491,0.41666666666666669,0.38904899135446686,0.38547486033519551,0.45675675675675675,0.39655172413793105,0,0,0,0,0.40372670807453415
capture_2020_04_17_11_39_49_7299,0,0.44067796610169491,0.41666666666666669,0.38904899135446686,0.35195530726256985,0.46216216216216216,0.36206896551724138,0,0,0,0,0.40372670807453415
capture_2020_04_17_11_39_49_7300,0,0.42937853107344631,0.31547619047619047,0.3861671469740634,0.329608938547486,0.4702702702702703,0.33908045977011492,0,0,0,0,0.40372670807453415
capture_2020_04_17_11_39_49_7301,0,0.44915254237288138,0.32738095238095238,0.3861671469740634,0.3016759776536313,0.4702702702702703,0.32183908045977011,0,0,0,0,0.49068322981366458
capture_2020_04_17_11_39_49_7302,0,0.43502824858757061,0.27976190476190477,0.3861671469740634,0.27932960893854747,0.4702702702702703,0.29310344827586204,0,0,0,0,0.50310559006211175
capture_2020_04_17_11_39_49_7303,0,0.43220338983050849,0.18452380952380953,0.3861671469740634,0.25139664804469275,0.4702702702702703,0.26436781609195403,0,0,0,0,0.50310559006211175
capture_2020_04_17_11_39_49_7304,0,0.43220338983050849,0.18452380952380953,0.37463976945244959,0.21229050279329609,0.4702702702702703,0.22988505747126437,0,0,0,0,0.50310559006211175
capture_2020_04_17_11_39_49_7305,0,0.43220338983050849,0.18452380952380953,0.36887608069164263,0.21229050279329609,0.4702702702702703,0.22413793103448276,0,0,0,0,0.50310559006211175
capture_2020_04_17_11_39_49_7306,0,0.43785310734463279,0.21428571428571427,0.36887608069164263,0.21229050279329609,0.4702702702702703,0.22413793103448276,0,0,0,0,0.60248447204968947
capture_2020_04_17_11_39_49_7307,0,0.42937853107344631,0.20238095238095238,0.36023054755043227,0.18994413407821228,0.4702702702702703,0.20114942528735633,0,0,0,0,0.60248447204968947
capture_2020_04_17_11_39_49_7308,0,0.42937853107344631,0.20238095238095238,0.35446685878962536,0.17318435754189945,0.46756756756756757,0.17816091954022989,0,0,0,0,0.60248447204968947
capture_2020_04_17_11_39_49_7309,0,0.41807909604519772,0.15476190476190477,0.34870317002881845,0.17318435754189945,0.46756756756756757,0.17241379310344829,0,0,0,0,0.60248447204968947
capture_2020_04_17_11_39_49_7310,0,0.41807909604519772,0.15476190476190477,0.34870317002881845,0.17318435754189945,0.46756756756756757,0.17241379310344829,0,0,0,0,0.60248447204968947
capture_2020_04_17_11_39_49_7311,0,0.42655367231638419,0.19047619047619047,0.34870317002881845,0.13966480446927373,0.46756756756756757,0.13218390804597702,0,0,0,0,0.70186335403726707
capture_2020_04_17_11_39_49_7312,0,0.42655367231638419,0.17857142857142858,0.34870317002881845,0.13966480446927373,0.46756756756756757,0.13218390804597702,0,0,0,0,0.70186335403726707
capture_2020_04_17_11_39_49_7313,0,0.43220338983050849,0.17857142857142858,0.34870317002881845,0.11173184357541899,0.48378378378378378,0.10919540229885058,0,0,0,0,0.70186335403726707
capture_2020_04_17_11_39_49_7314,0,0.43220338983050849,0.17857142857142858,0.34870317002881845,0.11173184357541899,0.48378378378378378,0.10919540229885058,0,0,0,0,0.70186335403726707
capture_2020_04_17_11_39_49_7315,0,0.44067796610169491,0.17857142857142858,0.34870317002881845,0.094972067039106142,0.48918918918918919,0.097701149425287362,0,0,0,0,0.70186335403726707
capture_2020_04_17_11_39_49_7316,0,0.44067796610169491,0.17857142857142858,0.35446685878962536,0.0893854748603352,0.49459459459459459,0.086206896551724144,0,0,0,0,0.70186335403726707
capture_2020_04_17_11_39_49_7317,0,0.44350282485875708,0.17857142857142858,0.35446685878962536,0.072625698324022353,0.5,0.068965517241379309,0,0,0,0,0.70186335403726707
capture_2020_04_17_11_39_49_7318,0,0.43785310734463279,0,0.36023054755043227,0.072625698324022353,0.50540540540540535,0.068965517241379309,0,0,0,0,0.70186335403726707
capture_2020_04_17_11_39_49_7319,0,0.46045197740112992,0.10714285714285714,0.36023054755043227,0.072625698324022353,0.50540540540540535,0.068965517241379309,0,0,0,0,0.80124223602484468
capture_2020_04_17_11_39_49_7320,0,0.46045197740112992,0.10714285714285714,0.36023054755043227,0.072625698324022353,0.50540540540540535,0.068965517241379309,0,0,0,0,0.80124223602484468
capture_2020_04_17_11_39_49_7321,0,0.46045197740112992,0.095238095238095233,0.36599423631123917,0.055865921787709494,0.518918918918919,0.057471264367816091,0,0,0,0,0.80124223602484468
capture_2020_04_17_11_39_49_7322,0,0.46045197740112992,0.095238095238095233,0.36599423631123917,0.055865921787709494,0.518918918918919,0.057471264367816091,0,0,0,0,0.80124223602484468
capture_2020_04_17_11_39_49_7323,0,0.45480225988700562,0.017857142857142856,0.36599423631123917,0.0335195530726257,0.527027027027027,0.028735632183908046,0,0,0,0,0.80124223602484468
capture_2020_04_17_11_39_49_7324,0,0.4519774011299435,0.017857142857142856,0.35734870317002881,0.0335195530726257,0.5243243243243243,0.028735632183908046,0,0,0,0,0.80124223602484468
capture_2020_04_17_11_39_49_7325,0,0.4519774011299435,0.017857142857142856,0.35734870317002881,0.0223463687150838,0.52972972972972976,0.022988505747126436,0,0,0,0,0.80124223602484468
capture_2020_04_17_11_39_49_7326,0,0.4519774011299435,0.017857142857142856,0.35446685878962536,0,0.52972972972972976,0,0,0,0,0,0.80124223602484468
capture_2020_04_17_11_39_49_7327,0,0.4519774011299435,0.0059523809523809521,0.35446685878962536,0,0.52972972972972976,0,0,0,0,0,0.80124223602484468
capture_2020_04_17_11_39_49_7328,0,0.4519774011299435,0.0059523809523809521,0.35446685878962536,0,0.52972972972972976,0,0,0,0,0,0.80124223602484468
capture_2020_04_17_11_39_49_7329,0,0.4632768361581921,0.047619047619047616,0.35446685878962536,0,0.52972972972972976,0,0,0,0,0,0.90062111801242239
capture_2020_04_17_11_39_49_7330,0,0.4632768361581921,0.047619047619047616,0.35446685878962536,0,0.52972972972972976,0,0,0,0,0,0.90062111801242239
capture_2020_04_17_11_39_49_7331,0,0.4632768361581921,0.047619047619047616,0.35446685878962536,0,0.52972972972972976,0,0,0,0,0,0.90062111801242239
capture_2020_04_17_11_39_49_7332,0,0.4632768361581921,0.047619047619047616,0.35446685878962536,0,0.52972972972972976,0,0,0,0,0,0.90062111801242239
capture_2020_04_17_11_39_49_7333,0,0.4632768361581921,0.047619047619047616,0.35446685878962536,0,0.5243243243243243,0.028735632183908046,0,0,0,0,0.90062111801242239
capture_2020_04_17_11_39_49_7334,0,0.4632768361581921,0.047619047619047616,0.345821325648415,0.016759776536312849,0.518918918918919,0.022988505747126436,0,0,0,0,0.90062111801242239
capture_2020_04_17_11_39_49_7335,0,0.4632768361581921,0.047619047619047616,0.345821325648415,0.016759776536312849,0.518918918918919,0.022988505747126436,0,0,0,0,0.90062111801242239
capture_2020_04_17_11_39_49_7336,0,0.4632768361581921,0.047619047619047616,0.345821325648415,0.016759776536312849,0.518918918918919,0.022988505747126436,0,0,0,0,0.90062111801242239
capture_2020_04_17_11_39_49_7337,0,0.4519774011299435,0.047619047619047616,0.345821325648415,0.016759776536312849,0.518918918918919,0.022988505747126436,0,0,0,0,0.90062111801242239
capture_2020_04_17_11_39_49_7338,0,0.4519774011299435,0.047619047619047616,0.345821325648415,0.016759776536312849,0.518918918918919,0.022988505747126436,0,0,0,0,0.90062111801242239
capture_2020_04_17_11_39_49_7339,0,0.4519774011299435,0.047619047619047616,0.345821325648415,0.016759776536312849,0.518918918918919,0.022988505747126436,0,0,0,0,0.90062111801242239
capture_2020_04_17_11_39_49_7340,0,0.4632768361581921,0.047619047619047616,0.345821325648415,0.016759776536312849,0.518918918918919,0.022988505747126436,0,0,0,0,0.90062111801242239
capture_2020_04_17_11_39_49_7341,0,0.4632768361581921,0.047619047619047616,0.345821325648415,0.016759776536312849,0.518918918918919,0.022988505747126436,0,0,0,0,0.90062111801242239
capture_2020_04_17_11_39_49_7342,0,0.4632768361581921,0.047619047619047616,0.345821325648415,0.016759776536312849,0.518918918918919,0.022988505747126436,0,0,0,0,0.90062111801242239
capture_2020_04_17_11_39_49_7343,0,0.4632768361581921,0.047619047619047616,0.345821325648415,0.016759776536312849,0.518918918918919,0.022988505747126436,0,0,0,0,0.90062111801242239
capture_2020_04_17_11_39_49_7344,0,0.4519774011299435,0.047619047619047616,0.345821325648415,0.016759776536312849,0.518918918918919,0.022988505747126436,0,0,0,0,0.90062111801242239
capture_2020_04_17_11_39_49_7345,0,0.4519774011299435,0.11904761904761904,0.33429394812680113,0.0335195530726257,0.518918918918919,0.022988505747126436,0,0,0,0,0.90062111801242239
capture_2020_04_17_11_39_49_7346,0,0.4519774011299435,0.11904761904761904,0.33429394812680113,0.0335195530726257,0.518918918918919,0.022988505747126436,0,0,0,0,0.90062111801242239
capture_2020_04_17_11_39_49_7347,0,0.4519774011299435,0.11904761904761904,0.33429394812680113,0.0335195530726257,0.518918918918919,0.022988505747126436,0,0,0,0,0.90062111801242239
capture_2020_04_17_11_39_49_7348,0,0.4519774011299435,0.11904761904761904,0.33429394812680113,0.0335195530726257,0.518918918918919,0.022988505747126436,0,0,0,0,0.90062111801242239
capture_2020_04_17_11_39_49_7349,0,0.46045197740112992,0.095238095238095233,0.33429394812680113,0.0335195530726257,0.518918918918919,0.022988505747126436,0,0,0,0,0.90062111801242239
capture_2020_04_17_11_39_49_7350,0,0.46045197740112992,0.095238095238095233,0.33141210374639768,0.055865921787709494,0.50270270270270268,0.045977011494252873,0,0,0,0,0.90062111801242239
capture_2020_04_17_11_39_49_7351,0,0.4519774011299435,0.095238095238095233,0.33141210374639768,0.055865921787709494,0.50270270270270268,0.045977011494252873,0,0,0,0,0.90062111801242239
capture_2020_04_17_11_39_49_7352,0,0.4519774011299435,0.095238095238095233,0.33141210374639768,0.055865921787709494,0.50270270270270268,0.045977011494252873,0,0,0,0,0.90062111801242239
capture_2020_04_17_11_39_49_7353,0,0.41807909604519772,0.071428571428571425,0.32564841498559077,0.0670391061452514,0.50270270270270268,0.045977011494252873,0,0,0,0,0.80124223602484468
capture_2020_04_17_11_39_49_7354,0,0.41807909604519772,0.071428571428571425,0.32564841498559077,0.0670391061452514,0.50270270270270268,0.045977011494252873,0,0,0,0,0.80124223602484468
capture_2020_04_17_11_39_49_7355,0,0.41807909604519772,0.071428571428571425,0.32564841498559077,0.0670391061452514,0.50270270270270268,0.045977011494252873,0,0,0,0,0.80124223602484468
capture_2020_04_17_11_39_49_7356,0,0.41807909604519772,0.071428571428571425,0.32564841498559077,0.0670391061452514,0.50270270270270268,0.045977011494252873,0,0,0,0,0.80124223602484468
capture_2020_04_17_11_39_49_7357,0,0.41807909604519772,0.071428571428571425,0.29971181556195964,0.0782122905027933,0.46756756756756757,0.045977011494252873,0,0,0,0,0.80124223602484468
capture_2020_04_17_11_39_49_7358,0,0.41807909604519772,0.071428571428571425,0.29971181556195964,0.0782122905027933,0.46756756756756757,0.045977011494252873,0,0,0,0,0.80124223602484468
capture_2020_04_17_11_39_49_7359,0,0.41807909604519772,0.071428571428571425,0.29971181556195964,0.0782122905027933,0.46756756756756757,0.045977011494252873,0,0,0,0,0.80124223602484468
capture_2020_04_17_11_39_49_7360,0,0.41807909604519772,0.071428571428571425,0.29971181556195964,0.0782122905027933,0.46756756756756757,0.045977011494252873,0,0,0,0,0.80124223602484468
capture_2020_04_17_11_39_49_7361,0,0.41807909604519772,0.071428571428571425,0.29971181556195964,0.0782122905027933,0.46756756756756757,0.045977011494252873,0,0,0,0,0.80124223602484468
capture_2020_04_17_11_39_49_7362,0,0.41807909604519772,0.071428571428571425,0.29971181556195964,0.0782122905027933,0.46756756756756757,0.045977011494252873,0,0,0,0,0.80124223602484468
capture_2020_04_17_11_39_49_7363,0,0.41807909604519772,0.071428571428571425,0.29971181556195964,0.0782122905027933,0.46756756756756757,0.045977011494252873,0,0,0,0,0.80124223602484468
capture_2020_04_17_11_39_49_7364,0,0.41807909604519772,0.071428571428571425,0.29971181556195964,0.0782122905027933,0.46756756756756757,0.045977011494252873,0,0,0,0,0.80124223602484468
capture_2020_04_17_11_39_49_7365,0,0.41807909604519772,0.071428571428571425,0.31412103746397696,0.0782122905027933,0.48378378378378378,0.045977011494252873,0,0,0,0,0.80124223602484468
capture_2020_04_17_11_39_49_7366,0,0.41807909604519772,0.071428571428571425,0.32564841498559077,0.0782122905027933,0.48918918918918919,0.045977011494252873,0,0,0,0,0.80124223602484468
capture_2020_04_17_11_39_49_7367,0,0.41807909604519772,0.071428571428571425,0.32564841498559077,0.0782122905027933,0.48918918918918919,0.045977011494252873,0,0,0,0,0.80124223602484468
capture_2020_04_17_11_39_49_7368,0,0.41807909604519772,0.071428571428571425,0.32564841498559077,0.0782122905027933,0.48918918918918919,0.045977011494252873,0,0,0,0,0.80124223602484468
capture_2020_04_17_11_39_49_7369,0,0.42937853107344631,0.041666666666666664,0.34005763688760809,0.0782122905027933,0.5,0.045977011494252873,0,0,0,0,0.80124223602484468
capture_2020_04_17_11_39_49_7370,0,0.42937853107344631,0.041666666666666664,0.34005763688760809,0.0782122905027933,0.5,0.045977011494252873,0,0,0,0,0.80124223602484468
capture_2020_04_17_11_39_49_7371,0,0.42937853107344631,0.041666666666666664,0.34005763688760809,0.0782122905027933,0.5,0.045977011494252873,0,0,0,0,0.80124223602484468
capture_2020_04_17_11_39_49_7372,0,0.42937853107344631,0.041666666666666664,0.34870317002881845,0.0782122905027933,0.50540540540540535,0.045977011494252873,0,0,0,0,0.80124223602484468
capture_2020_04_17_11_39_49_7373,0,0.42937853107344631,0.041666666666666664,0.36023054755043227,0.0782122905027933,0.51351351351351349,0.045977011494252873,0,0,0,0,0.80124223602484468
capture_2020_04_17_11_39_49_7374,0,0.42937853107344631,0.041666666666666664,0.36023054755043227,0.0782122905027933,0.51351351351351349,0.045977011494252873,0,0,0,0,0.80124223602484468
capture_2020_04_17_11_39_49_7375,0,0.42937853107344631,0.041666666666666664,0.36023054755043227,0.0782122905027933,0.51351351351351349,0.045977011494252873,0,0,0,0,0.80124223602484468
capture_2020_04_17_11_39_49_7376,0,0.44350282485875708,0.041666666666666664,0.36023054755043227,0.0782122905027933,0.51351351351351349,0.045977011494252873,0,0,0,0,0.80124223602484468
capture_2020_04_17_11_39_49_7377,0,0.44350282485875708,0.041666666666666664,0.36023054755043227,0.0782122905027933,0.51351351351351349,0.045977011494252873,0,0,0,0,0.80124223602484468
capture_2020_04_17_11_39_49_7378,0,0.44350282485875708,0.041666666666666664,0.36023054755043227,0.0782122905027933,0.51351351351351349,0.045977011494252873,0,0,0,0,0.80124223602484468
capture_2020_04_17_11_39_49_7379,0,0.44350282485875708,0.041666666666666664,0.36023054755043227,0.0782122905027933,0.51351351351351349,0.045977011494252873,0,0,0,0,0.80124223602484468
capture_2020_04_17_11_39_49_7380,0,0.44350282485875708,0.041666666666666664,0.36023054755043227,0.0782122905027933,0.51351351351351349,0.045977011494252873,0,0,0,0,0.80124223602484468
capture_2020_04_17_11_39_49_7381,0,0.44350282485875708,0.041666666666666664,0.36023054755043227,0.0782122905027933,0.51351351351351349,0.045977011494252873,0,0,0,0,0.80124223602484468
capture_2020_04_17_11_39_49_7382,0,0.44350282485875708,0.041666666666666664,0.36023054755043227,0.0782122905027933,0.51351351351351349,0.045977011494252873,0,0,0,0,0.80124223602484468
capture_2020_04_17_11_39_49_7383,0,0.44350282485875708,0.041666666666666664,0.36023054755043227,0.0782122905027933,0.51351351351351349,0.045977011494252873,0,0,0,0,0.80124223602484468
capture_2020_04_17_11_39_49_7384,0,0.44350282485875708,0.041666666666666664,0.36023054755043227,0.0782122905027933,0.51351351351351349,0.045977011494252873,0,0,0,0,0.80124223602484468
capture_2020_04_17_11_39_49_7385,0,0.44350282485875708,0.041666666666666664,0.36023054755043227,0.0782122905027933,0.51351351351351349,0.045977011494252873,0,0,0,0,0.80124223602484468
capture_2020_04_17_11_39_49_7386,0,0.44350282485875708,0.041666666666666664,0.36023054755043227,0.0782122905027933,0.51351351351351349,0.045977011494252873,0,0,0,0,0.80124223602484468
capture_2020_04_17_11_39_49_7387,0,0.44350282485875708,0.041666666666666664,0.36023054755043227,0.0782122905027933,0.51351351351351349,0.045977011494252873,0,0,0,0,0.80124223602484468
capture_2020_04_17_11_39_49_7388,0,0.44350282485875708,0.041666666666666664,0.36023054755043227,0.0782122905027933,0.51351351351351349,0.045977011494252873,0,0,0,0,0.80124223602484468
capture_2020_04_17_11_39_49_7389,0,0.44350282485875708,0.041666666666666664,0.36023054755043227,0.0782122905027933,0.51351351351351349,0.045977011494252873,0,0,0,0,0.80124223602484468
capture_2020_04_17_11_39_49_7390,0,0.44350282485875708,0.041666666666666664,0.36023054755043227,0.0782122905027933,0.51351351351351349,0.045977011494252873,0,0,0,0,0.80124223602484468
capture_2020_04_17_11_39_49_7391,0,0.44350282485875708,0.041666666666666664,0.36023054755043227,0.0782122905027933,0.51351351351351349,0.045977011494252873,0,0,0,0,0.80124223602484468
capture_2020_04_17_11_39_49_7392,0,0.44350282485875708,0.041666666666666664,0.36023054755043227,0.0782122905027933,0.51351351351351349,0.045977011494252873,0,0,0,0,0.80124223602484468
capture_2020_04_17_11_39_49_7393,0,0.44350282485875708,0.041666666666666664,0.36023054755043227,0.0782122905027933,0.51351351351351349,0.045977011494252873,0,0,0,0,0.80124223602484468
capture_2020_04_17_11_39_49_7394,0,0.44350282485875708,0.041666666666666664,0.36023054755043227,0.0782122905027933,0.5243243243243243,0.063218390804597707,0,0,0,0,0.80124223602484468
capture_2020_04_17_11_39_49_7395,0,0.44350282485875708,0.041666666666666664,0.36023054755043227,0.0782122905027933,0.5243243243243243,0.063218390804597707,0,0,0,0,0.80124223602484468
capture_2020_04_17_11_39_49_7396,0,0.4519774011299435,0.041666666666666664,0.36023054755043227,0.0782122905027933,0.5243243243243243,0.063218390804597707,0,0,0,0,0.80124223602484468
capture_2020_04_17_11_39_49_7397,0,0.4519774011299435,0.041666666666666664,0.36023054755043227,0.0782122905027933,0.5243243243243243,0.063218390804597707,0,0,0,0,0.80124223602484468
capture_2020_04_17_11_39_49_7398,0,0.4519774011299435,0.041666666666666664,0.36023054755043227,0.0782122905027933,0.5243243243243243,0.063218390804597707,0,0,0,0,0.80124223602484468
capture_2020_04_17_11_39_49_7399,0,0.4519774011299435,0.041666666666666664,0.36023054755043227,0.0782122905027933,0.5243243243243243,0.063218390804597707,0,0,0,0,0.80124223602484468
capture_2020_04_17_11_39_49_7400,0,0.4519774011299435,0.041666666666666664,0.36023054755043227,0.0782122905027933,0.5243243243243243,0.063218390804597707,0,0,0,0,0.80124223602484468
capture_2020_04_17_11_39_49_7401,0,0.4519774011299435,0.041666666666666664,0.36023054755043227,0.0782122905027933,0.5243243243243243,0.063218390804597707,0,0,0,0,0.80124223602484468
capture_2020_04_17_11_39_49_7402,0,0.4519774011299435,0.041666666666666664,0.36023054755043227,0.0782122905027933,0.5243243243243243,0.063218390804597707,0,0,0,0,0.80124223602484468
capture_2020_04_17_11_39_49_7403,0,0.4519774011299435,0.041666666666666664,0.36023054755043227,0.0782122905027933,0.5243243243243243,0.063218390804597707,0,0,0,0,0.80124223602484468
capture_2020_04_17_11_39_49_7404,0,0.4519774011299435,0.041666666666666664,0.36023054755043227,0.0782122905027933,0.5243243243243243,0.063218390804597707,0,0,0,0,0.80124223602484468
capture_2020_04_17_11_39_49_7405,0,0.45480225988700562,0.041666666666666664,0.36023054755043227,0.0782122905027933,0.5243243243243243,0.063218390804597707,0,0,0,0,0.80124223602484468
capture_2020_04_17_11_39_49_7406,0,0.45480225988700562,0.041666666666666664,0.36023054755043227,0.0782122905027933,0.5243243243243243,0.063218390804597707,0,0,0,0,0.80124223602484468
capture_2020_04_17_11_39_49_7407,0,0.45480225988700562,0.041666666666666664,0.36023054755043227,0.0782122905027933,0.5243243243243243,0.063218390804597707,0,0,0,0,0.80124223602484468
capture_2020_04_17_11_39_49_7408,0,0.45480225988700562,0.041666666666666664,0.36023054755043227,0.0782122905027933,0.5243243243243243,0.063218390804597707,0,0,0,0,0.80124223602484468
capture_2020_04_17_11_39_49_7409,0,0.45480225988700562,0.041666666666666664,0.36023054755043227,0.0782122905027933,0.5243243243243243,0.063218390804597707,0,0,0,0,0.80124223602484468
capture_2020_04_17_11_39_49_7410,0,0.45480225988700562,0.041666666666666664,0.36023054755043227,0.0782122905027933,0.5243243243243243,0.063218390804597707,0,0,0,0,0.80124223602484468
capture_2020_04_17_11_39_49_7411,0,0.45480225988700562,0.041666666666666664,0.36023054755043227,0.0782122905027933,0.5243243243243243,0.063218390804597707,0,0,0,0,0.80124223602484468
capture_2020_04_17_11_39_49_7412,0,0.45480225988700562,0.041666666666666664,0.36023054755043227,0.0782122905027933,0.5243243243243243,0.063218390804597707,0,0,0,0,0.80124223602484468
capture_2020_04_17_11_39_49_7413,0,0.45480225988700562,0.041666666666666664,0.36023054755043227,0.0782122905027933,0.5243243243243243,0.063218390804597707,0,0,0,0,0.80124223602484468
capture_2020_04_17_11_39_49_7414,0,0.45480225988700562,0.041666666666666664,0.36023054755043227,0.0782122905027933,0.5243243243243243,0.063218390804597707,0,0,0,0,0.80124223602484468
capture_2020_04_17_11_39_49_7415,0,0.45480225988700562,0.041666666666666664,0.36023054755043227,0.0782122905027933,0.5243243243243243,0.063218390804597707,0,0,0,0,0.80124223602484468
capture_2020_04_17_11_39_49_7416,0,0.45480225988700562,0.041666666666666664,0.36023054755043227,0.0782122905027933,0.5243243243243243,0.063218390804597707,0,0,0,0,0.80124223602484468
capture_2020_04_17_11_39_49_7417,0,0.45480225988700562,0.041666666666666664,0.36023054755043227,0.0782122905027933,0.5243243243243243,0.063218390804597707,0,0,0,0,0.80124223602484468
capture_2020_04_17_11_39_49_7418,0,0.45480225988700562,0.041666666666666664,0.36023054755043227,0.0782122905027933,0.5243243243243243,0.063218390804597707,0,0,0,0,0.80124223602484468
capture_2020_04_17_11_39_49_7419,0,0.45480225988700562,0.041666666666666664,0.36023054755043227,0.0782122905027933,0.5243243243243243,0.063218390804597707,0,0,0,0,0.80124223602484468
capture_2020_04_17_11_39_49_7420,0,0.45480225988700562,0.041666666666666664,0.36023054755043227,0.0782122905027933,0.5243243243243243,0.063218390804597707,0,0,0,0,0.80124223602484468
capture_2020_04_17_11_39_49_7421,0,0.45480225988700562,0.041666666666666664,0.36023054755043227,0.0782122905027933,0.5243243243243243,0.063218390804597707,0,0,0,0,0.80124223602484468
capture_2020_04_17_11_39_49_7422,0,0.45480225988700562,0.041666666666666664,0.36023054755043227,0.0782122905027933,0.5243243243243243,0.063218390804597707,0,0,0,0,0.80124223602484468
capture_2020_04_17_11_39_49_7423,0,0.45480225988700562,0.041666666666666664,0.36023054755043227,0.0782122905027933,0.5243243243243243,0.063218390804597707,0,0,0,0,0.80124223602484468
capture_2020_04_17_11_39_49_7424,0,0.45480225988700562,0.041666666666666664,0.36023054755043227,0.0782122905027933,0.5243243243243243,0.063218390804597707,0,0,0,0,0.80124223602484468
capture_2020_04_17_11_39_49_7425,0,0.45480225988700562,0.041666666666666664,0.36023054755043227,0.061452513966480445,0.5243243243243243,0.045977011494252873,0,0,0,0,0.80124223602484468
capture_2020_04_17_11_39_49_7426,0,0.45480225988700562,0.041666666666666664,0.36023054755043227,0.061452513966480445,0.5243243243243243,0.045977011494252873,0,0,0,0,0.80124223602484468
capture_2020_04_17_11_39_49_7427,0,0.45480225988700562,0.041666666666666664,0.36023054755043227,0.0446927374301676,0.5243243243243243,0.028735632183908046,0,0,0,0,0.80124223602484468
capture_2020_04_17_11_39_49_7428,0,0.45480225988700562,0.041666666666666664,0.36023054755043227,0.0446927374301676,0.5243243243243243,0.028735632183908046,0,0,0,0,0.80124223602484468
capture_2020_04_17_11_39_49_7429,0,0.45480225988700562,0.041666666666666664,0.36023054755043227,0.0335195530726257,0.5243243243243243,0.022988505747126436,0,0,0,0,0.80124223602484468
capture_2020_04_17_11_39_49_7430,0,0.45480225988700562,0.041666666666666664,0.36023054755043227,0.0335195530726257,0.5243243243243243,0.022988505747126436,0,0,0,0,0.80124223602484468
capture_2020_04_17_11_39_49_7431,0,0.45480225988700562,0.041666666666666664,0.36023054755043227,0.0335195530726257,0.5243243243243243,0.022988505747126436,0,0,0,0,0.80124223602484468
capture_2020_04_17_11_39_49_7432,0,0.45480225988700562,0.041666666666666664,0.36023054755043227,0.0335195530726257,0.5243243243243243,0.022988505747126436,0,0,0,0,0.80124223602484468
capture_2020_04_17_11_39_49_7433,0,0.45480225988700562,0.041666666666666664,0.36023054755043227,0.0335195530726257,0.5243243243243243,0.022988505747126436,0,0,0,0,0.80124223602484468
capture_2020_04_17_11_39_49_7434,0,0.4576271186440678,0.071428571428571425,0.36023054755043227,0.0335195530726257,0.5243243243243243,0.022988505747126436,0,0,0,0,0.80124223602484468
capture_2020_04_17_11_39_49_7435,0,0.4576271186440678,0.071428571428571425,0.36023054755043227,0.0335195530726257,0.5243243243243243,0.022988505747126436,0,0,0,0,0.80124223602484468
capture_2020_04_17_11_39_49_7436,0,0.4576271186440678,0.071428571428571425,0.36023054755043227,0.0335195530726257,0.5243243243243243,0.022988505747126436,0,0,0,0,0.80124223602484468
capture_2020_04_17_11_39_49_7437,0,0.4576271186440678,0.071428571428571425,0.36023054755043227,0.0335195530726257,0.5243243243243243,0.022988505747126436,0,0,0,0,0.80124223602484468
capture_2020_04_17_11_39_49_7438,0,0.4576271186440678,0.071428571428571425,0.36023054755043227,0.0335195530726257,0.5243243243243243,0.022988505747126436,0,0,0,0,0.80124223602484468
capture_2020_04_17_11_39_49_7439,0,0.4576271186440678,0.071428571428571425,0.36023054755043227,0.0335195530726257,0.5243243243243243,0.022988505747126436,0,0,0,0,0.80124223602484468
capture_2020_04_17_11_39_49_7440,0,0.4576271186440678,0.071428571428571425,0.36023054755043227,0.0335195530726257,0.5243243243243243,0.022988505747126436,0,0,0,0,0.80124223602484468
capture_2020_04_17_11_39_49_7441,0,0.4576271186440678,0.071428571428571425,0.36023054755043227,0.0335195530726257,0.5243243243243243,0.022988505747126436,0,0,0,0,0.80124223602484468
capture_2020_04_17_11_39_49_7442,0,0.4576271186440678,0.071428571428571425,0.36023054755043227,0.0335195530726257,0.5243243243243243,0.022988505747126436,0,0,0,0,0.80124223602484468
capture_2020_04_17_11_39_49_7443,0,0.4576271186440678,0.071428571428571425,0.36023054755043227,0.0335195530726257,0.5243243243243243,0.022988505747126436,0,0,0,0,0.80124223602484468
capture_2020_04_17_11_39_49_7444,0,0.4576271186440678,0.071428571428571425,0.36023054755043227,0.0335195530726257,0.5243243243243243,0.022988505747126436,0,0,0,0,0.80124223602484468
capture_2020_04_17_11_39_49_7445,0,0.4576271186440678,0.071428571428571425,0.36023054755043227,0.0335195530726257,0.5243243243243243,0.022988505747126436,0,0,0,0,0.80124223602484468
capture_2020_04_17_11_39_49_7446,0,0.4576271186440678,0.071428571428571425,0.36023054755043227,0.0335195530726257,0.5243243243243243,0.022988505747126436,0,0,0,0,0.80124223602484468
capture_2020_04_17_11_39_49_7447,0,0.4576271186440678,0.071428571428571425,0.36023054755043227,0.0335195530726257,0.5243243243243243,0.022988505747126436,0,0,0,0,0.80124223602484468
capture_2020_04_17_11_39_49_7448,0,0.4576271186440678,0.071428571428571425,0.36023054755043227,0.0335195530726257,0.5243243243243243,0.022988505747126436,0,0,0,0,0.80124223602484468
capture_2020_04_17_11_39_49_7449,0,0.4576271186440678,0.071428571428571425,0.36023054755043227,0.0335195530726257,0.5243243243243243,0.022988505747126436,0,0,0,0,0.80124223602484468
capture_2020_04_17_11_39_49_7450,0,0.4576271186440678,0.071428571428571425,0.36023054755043227,0.0335195530726257,0.5243243243243243,0.022988505747126436,0,0,0,0,0.80124223602484468
capture_2020_04_17_11_39_49_7451,0,0.4576271186440678,0.071428571428571425,0.36023054755043227,0.0335195530726257,0.5243243243243243,0.022988505747126436,0,0,0,0,0.80124223602484468
capture_2020_04_17_11_39_49_7452,0,0.4576271186440678,0.071428571428571425,0.36023054755043227,0.0335195530726257,0.5243243243243243,0.022988505747126436,0,0,0,0,0.80124223602484468
capture_2020_04_17_11_39_49_7453,0,0.4576271186440678,0.071428571428571425,0.36023054755043227,0.0335195530726257,0.5243243243243243,0.022988505747126436,0,0,0,0,0.80124223602484468
capture_2020_04_17_11_39_49_7454,0,0.4576271186440678,0.071428571428571425,0.36023054755043227,0.0335195530726257,0.5243243243243243,0.022988505747126436,0,0,0,0,0.80124223602484468
capture_2020_04_17_11_39_49_7455,0,0.4576271186440678,0.071428571428571425,0.36023054755043227,0.05027932960893855,0.53783783783783778,0.045977011494252873,0,0,0,0,0.80124223602484468
capture_2020_04_17_11_39_49_7456,0,0.4576271186440678,0.071428571428571425,0.36023054755043227,0.05027932960893855,0.53783783783783778,0.045977011494252873,0,0,0,0,0.80124223602484468
capture_2020_04_17_11_39_49_7457,0,0.4576271186440678,0.071428571428571425,0.36023054755043227,0.05027932960893855,0.53783783783783778,0.045977011494252873,0,0,0,0,0.80124223602484468
capture_2020_04_17_11_39_49_7458,0,0.4576271186440678,0.071428571428571425,0.36023054755043227,0.05027932960893855,0.53783783783783778,0.045977011494252873,0,0,0,0,0.80124223602484468
capture_2020_04_17_11_39_49_7459,0,0.4576271186440678,0.071428571428571425,0.36023054755043227,0.05027932960893855,0.53783783783783778,0.045977011494252873,0,0,0,0,0.80124223602484468
capture_2020_04_17_11_39_49_7460,0,0.4576271186440678,0.071428571428571425,0.36023054755043227,0.05027932960893855,0.53783783783783778,0.045977011494252873,0,0,0,0,0.80124223602484468
capture_2020_04_17_11_39_49_7461,0,0.4576271186440678,0.071428571428571425,0.36023054755043227,0.05027932960893855,0.53783783783783778,0.045977011494252873,0,0,0,0,0.80124223602484468
capture_2020_04_17_11_39_49_7462,0,0.4576271186440678,0.071428571428571425,0.36023054755043227,0.05027932960893855,0.53783783783783778,0.045977011494252873,0,0,0,0,0.80124223602484468
capture_2020_04_17_11_39_49_7463,0,0.4576271186440678,0.071428571428571425,0.36023054755043227,0.05027932960893855,0.53783783783783778,0.045977011494252873,0,0,0,0,0.80124223602484468
capture_2020_04_17_11_39_49_7464,0,0.4576271186440678,0.071428571428571425,0.36023054755043227,0.05027932960893855,0.53783783783783778,0.045977011494252873,0,0,0,0,0.80124223602484468
capture_2020_04_17_11_39_49_7465,0,0.4576271186440678,0.071428571428571425,0.36023054755043227,0.05027932960893855,0.53783783783783778,0.045977011494252873,0,0,0,0,0.80124223602484468
capture_2020_04_17_11_39_49_7466,0,0.4576271186440678,0.071428571428571425,0.36023054755043227,0.05027932960893855,0.53783783783783778,0.045977011494252873,0,0,0,0,0.80124223602484468
capture_2020_04_17_11_39_49_7467,0,0.4576271186440678,0.071428571428571425,0.36023054755043227,0.05027932960893855,0.53783783783783778,0.045977011494252873,0,0,0,0,0.80124223602484468
capture_2020_04_17_11_39_49_7468,0,0.4576271186440678,0.071428571428571425,0.36023054755043227,0.05027932960893855,0.53783783783783778,0.045977011494252873,0,0,0,0,0.80124223602484468
capture_2020_04_17_11_39_49_7469,0,0.4576271186440678,0.071428571428571425,0.36023054755043227,0.05027932960893855,0.53783783783783778,0.045977011494252873,0,0,0,0,0.80124223602484468
capture_2020_04_17_11_39_49_7470,0,0.4576271186440678,0.071428571428571425,0.36023054755043227,0.05027932960893855,0.53783783783783778,0.045977011494252873,0,0,0,0,0.80124223602484468
capture_2020_04_17_11_39_49_7471,0,0.4576271186440678,0.071428571428571425,0.36023054755043227,0.05027932960893855,0.53783783783783778,0.045977011494252873,0,0,0,0,0.80124223602484468
capture_2020_04_17_11_39_49_7472,0,0.4576271186440678,0.071428571428571425,0.36023054755043227,0.05027932960893855,0.53783783783783778,0.045977011494252873,0,0,0,0,0.80124223602484468
capture_2020_04_17_11_39_49_7473,0,0.4576271186440678,0.071428571428571425,0.36023054755043227,0.05027932960893855,0.53783783783783778,0.045977011494252873,0,0,0,0,0.80124223602484468
capture_2020_04_17_11_39_49_7474,0,0.4576271186440678,0.071428571428571425,0.36023054755043227,0.05027932960893855,0.53783783783783778,0.045977011494252873,0,0,0,0,0.80124223602484468
capture_2020_04_17_11_39_49_7475,0,0.4576271186440678,0.071428571428571425,0.36023054755043227,0.05027932960893855,0.53783783783783778,0.045977011494252873,0,0,0,0,0.80124223602484468
capture_2020_04_17_11_39_49_7476,0,0.4576271186440678,0.071428571428571425,0.36023054755043227,0.05027932960893855,0.53783783783783778,0.045977011494252873,0,0,0,0,0.80124223602484468
capture_2020_04_17_11_39_49_7477,0,0.4576271186440678,0.071428571428571425,0.36023054755043227,0.05027932960893855,0.53783783783783778,0.045977011494252873,0,0,0,0,0.80124223602484468
capture_2020_04_17_11_39_49_7478,0,0.4576271186440678,0.071428571428571425,0.36023054755043227,0.05027932960893855,0.53783783783783778,0.045977011494252873,0,0,0,0,0.80124223602484468
capture_2020_04_17_11_39_49_7479,0,0.4576271186440678,0.071428571428571425,0.36023054755043227,0.05027932960893855,0.53783783783783778,0.045977011494252873,0,0,0,0,0.80124223602484468
capture_2020_04_17_11_39_49_7480,0,0.4576271186440678,0.071428571428571425,0.36023054755043227,0.05027932960893855,0.53783783783783778,0.045977011494252873,0,0,0,0,0.80124223602484468
capture_2020_04_17_11_39_49_7481,0,0.4576271186440678,0.071428571428571425,0.36023054755043227,0.05027932960893855,0.53783783783783778,0.045977011494252873,0,0,0,0,0.80124223602484468
capture_2020_04_17_11_39_49_7482,0,0.4576271186440678,0.071428571428571425,0.36023054755043227,0.05027932960893855,0.53783783783783778,0.045977011494252873,0,0,0,0,0.80124223602484468
capture_2020_04_17_11_39_49_7483,0,0.4576271186440678,0.071428571428571425,0.36023054755043227,0.05027932960893855,0.53783783783783778,0.045977011494252873,0,0,0,0,0.80124223602484468
capture_2020_04_17_11_39_49_7484,0,0.4576271186440678,0.071428571428571425,0.36023054755043227,0.05027932960893855,0.53783783783783778,0.045977011494252873,0,0,0,0,0.80124223602484468
capture_2020_04_17_11_39_49_7485,0,0.4576271186440678,0.071428571428571425,0.36023054755043227,0.05027932960893855,0.53783783783783778,0.045977011494252873,0,0,0,0,0.80124223602484468
capture_2020_04_17_11_39_49_7486,0,0.4576271186440678,0.071428571428571425,0.36023054755043227,0.05027932960893855,0.53783783783783778,0.045977011494252873,0,0,0,0,0.80124223602484468
capture_2020_04_17_11_39_49_7487,0,0.4576271186440678,0.071428571428571425,0.37463976945244959,0.083798882681564241,0.54054054054054057,0.080459770114942528,0,0,0,0,0.80124223602484468
capture_2020_04_17_11_39_49_7488,0,0.4576271186440678,0.071428571428571425,0.37463976945244959,0.083798882681564241,0.54054054054054057,0.080459770114942528,0,0,0,0,0.80124223602484468
capture_2020_04_17_11_39_49_7489,0,0.4576271186440678,0.071428571428571425,0.37463976945244959,0.083798882681564241,0.54054054054054057,0.080459770114942528,0,0,0,0,0.80124223602484468
capture_2020_04_17_11_39_49_7490,0,0.4576271186440678,0.071428571428571425,0.37463976945244959,0.083798882681564241,0.54054054054054057,0.080459770114942528,0,0,0,0,0.80124223602484468
capture_2020_04_17_11_39_49_7491,0,0.4576271186440678,0.071428571428571425,0.37463976945244959,0.083798882681564241,0.54054054054054057,0.080459770114942528,0,0,0,0,0.80124223602484468
capture_2020_04_17_11_39_49_7492,0,0.4576271186440678,0.071428571428571425,0.37463976945244959,0.083798882681564241,0.54054054054054057,0.080459770114942528,0,0,0,0,0.80124223602484468
capture_2020_04_17_11_39_49_7493,0,0.4576271186440678,0.071428571428571425,0.37463976945244959,0.083798882681564241,0.54054054054054057,0.080459770114942528,0,0,0,0,0.80124223602484468
capture_2020_04_17_11_39_49_7494,0,0.4463276836158192,0.059523809523809521,0.37463976945244959,0.083798882681564241,0.5243243243243243,0.080459770114942528,0,0,0,0,0.70186335403726707
capture_2020_04_17_11_39_49_7495,0,0.4463276836158192,0.059523809523809521,0.37463976945244959,0.083798882681564241,0.5243243243243243,0.080459770114942528,0,0,0,0,0.70186335403726707
capture_2020_04_17_11_39_49_7496,0,0.43220338983050849,0.059523809523809521,0.36023054755043227,0.083798882681564241,0.51351351351351349,0.080459770114942528,0,0,0,0,0.70186335403726707
capture_2020_04_17_11_39_49_7497,0,0.43220338983050849,0.059523809523809521,0.35446685878962536,0.083798882681564241,0.50540540540540535,0.080459770114942528,0,0,0,0,0.70186335403726707
capture_2020_04_17_11_39_49_7498,0,0.43220338983050849,0.059523809523809521,0.35446685878962536,0.11173184357541899,0.49729729729729732,0.10344827586206896,0,0,0,0,0.70186335403726707
capture_2020_04_17_11_39_49_7499,0,0.42937853107344631,0.23809523809523808,0.35446685878962536,0.15083798882681565,0.48648648648648651,0.13218390804597702,0,0,0,0,0.60248447204968947
capture_2020_04_17_11_39_49_7500,0,0.42937853107344631,0.23809523809523808,0.35446685878962536,0.16201117318435754,0.48648648648648651,0.16091954022988506,0,0,0,0,0.60248447204968947
capture_2020_04_17_11_39_49_7501,0,0.42937853107344631,0.23809523809523808,0.35446685878962536,0.20670391061452514,0.48648648648648651,0.19540229885057472,0,0,0,0,0.60248447204968947
capture_2020_04_17_11_39_49_7502,0,0.42937853107344631,0.23809523809523808,0.35446685878962536,0.22346368715083798,0.48648648648648651,0.21264367816091953,0,0,0,0,0.60248447204968947
capture_2020_04_17_11_39_49_7503,0,0.44350282485875708,0.26785714285714285,0.37463976945244959,0.25139664804469275,0.48918918918918919,0.22988505747126437,0,0,0,0,0.60248447204968947
capture_2020_04_17_11_39_49_7504,0,0.44350282485875708,0.26785714285714285,0.37463976945244959,0.26815642458100558,0.48648648648648651,0.26436781609195403,0,0,0,0,0.60248447204968947
capture_2020_04_17_11_39_49_7505,0,0.44350282485875708,0.35119047619047616,0.37463976945244959,0.31284916201117319,0.48648648648648651,0.3045977011494253,0,0,0,0,0.50310559006211175
capture_2020_04_17_11_39_49_7506,0,0.44915254237288138,0.35119047619047616,0.3861671469740634,0.32402234636871508,0.48648648648648651,0.32183908045977011,0,0,0,0,0.50310559006211175
capture_2020_04_17_11_39_49_7507,0,0.44915254237288138,0.35119047619047616,0.3861671469740634,0.33519553072625696,0.48648648648648651,0.33908045977011492,0,0,0,0,0.50310559006211175
capture_2020_04_17_11_39_49_7508,0,0.44915254237288138,0.35119047619047616,0.39481268011527376,0.37430167597765363,0.47837837837837838,0.36206896551724138,0,0,0,0,0.50310559006211175
capture_2020_04_17_11_39_49_7509,0,0.4576271186440678,0.42261904761904762,0.40057636887608067,0.39106145251396646,0.47297297297297297,0.38505747126436779,0,0,0,0,0.40372670807453415
capture_2020_04_17_11_39_49_7510,0,0.4576271186440678,0.42261904761904762,0.40057636887608067,0.40782122905027934,0.47297297297297297,0.39655172413793105,0,0,0,0,0.40372670807453415
capture_2020_04_17_11_39_49_7511,0,0.46045197740112992,0.42261904761904762,0.40057636887608067,0.43016759776536312,0.48108108108108111,0.41379310344827586,0,0,0,0,0.40372670807453415
capture_2020_04_17_11_39_49_7512,0,0.46045197740112992,0.42261904761904762,0.40057636887608067,0.43016759776536312,0.48108108108108111,0.41379310344827586,0,0,0,0,0.40372670807453415
capture_2020_04_17_11_39_49_7513,0,0.4632768361581921,0.48214285714285715,0.42363112391930835,0.46368715083798884,0.49459459459459459,0.45977011494252873,0,0,0,0,0.30434782608695654
capture_2020_04_17_11_39_49_7514,0,0.47175141242937851,0.48214285714285715,0.43804034582132567,0.5027932960893855,0.49459459459459459,0.4885057471264368,0,0,0,0,0.30434782608695654
capture_2020_04_17_11_39_49_7515,0,0.47175141242937851,0.48214285714285715,0.43804034582132567,0.52513966480446928,0.48918918918918919,0.51724137931034486,0,0,0,0,0.30434782608695654
capture_2020_04_17_11_39_49_7516,0,0.480225988700565,0.50595238095238093,0.44668587896253603,0.53631284916201116,0.48918918918918919,0.54022988505747127,0,0,0,0,0.30434782608695654
capture_2020_04_17_11_39_49_7517,0,0.48870056497175141,0.54761904761904767,0.4610951008645533,0.56983240223463683,0.49459459459459459,0.56321839080459768,0,0,0,0,0.30434782608695654
capture_2020_04_17_11_39_49_7518,0,0.48870056497175141,0.54761904761904767,0.4610951008645533,0.58100558659217882,0.49459459459459459,0.56896551724137934,0,0,0,0,0.30434782608695654
capture_2020_04_17_11_39_49_7519,0,0.50282485875706218,0.61904761904761907,0.47262247838616717,0.59217877094972071,0.49459459459459459,0.58045977011494254,0,0,0,0,0.27329192546583853
capture_2020_04_17_11_39_49_7520,0,0.50847457627118642,0.61904761904761907,0.48126801152737753,0.62569832402234637,0.50540540540540535,0.62068965517241381,0,0,0,0,0.27329192546583853
capture_2020_04_17_11_39_49_7521,0,0.52259887005649719,0.63690476190476186,0.48991354466858789,0.63687150837988826,0.50540540540540535,0.632183908045977,0,0,0,0,0.27329192546583853
capture_2020_04_17_11_39_49_7522,0,0.53107344632768361,0.6785714285714286,0.49567723342939479,0.65363128491620115,0.50540540540540535,0.64367816091954022,0,0,0,0,0.27329192546583853
capture_2020_04_17_11_39_49_7523,0,0.53107344632768361,0.6785714285714286,0.49855907780979825,0.659217877094972,0.51081081081081081,0.66666666666666663,0,0,0,0,0.27329192546583853
capture_2020_04_17_11_39_49_7524,0,0.52824858757062143,0.67261904761904767,0.50720461095100866,0.68156424581005581,0.51621621621621616,0.67241379310344829,0,0,0,0,0.17391304347826087
capture_2020_04_17_11_39_49_7525,0,0.53389830508474578,0.69047619047619047,0.52449567723342938,0.7039106145251397,0.52972972972972976,0.6954022988505747,0,0,0,0,0.10559006211180125
capture_2020_04_17_11_39_49_7526,0,0.5423728813559322,0.68452380952380953,0.5331412103746398,0.70949720670391059,0.52972972972972976,0.70114942528735635,0,0,0,0,0.10559006211180125
capture_2020_04_17_11_39_49_7527,0,0.5423728813559322,0.68452380952380953,0.5417867435158501,0.71508379888268159,0.54054054054054057,0.71264367816091956,0,0,0,0,0.10559006211180125
capture_2020_04_17_11_39_49_7528,0,0.55084745762711862,0.68452380952380953,0.54466858789625361,0.71508379888268159,0.54324324324324325,0.71264367816091956,0,0,0,0,0.10559006211180125
capture_2020_04_17_11_39_49_7529,0,0.56779661016949157,0.68452380952380953,0.55907780979827093,0.72625698324022347,0.5486486486486486,0.72988505747126442,0,0,0,0,0.10559006211180125
capture_2020_04_17_11_39_49_7530,0,0.576271186440678,0.67261904761904767,0.56772334293948123,0.73184357541899436,0.55405405405405406,0.74137931034482762,0,0,0,0,0.10559006211180125
capture_2020_04_17_11_39_49_7531,0,0.58192090395480223,0.6785714285714286,0.57636887608069165,0.74860335195530725,0.56756756756756754,0.74137931034482762,0,0,0,0,0.10559006211180125
capture_2020_04_17_11_39_49_7532,0,0.58757062146892658,0.6785714285714286,0.57636887608069165,0.74860335195530725,0.56756756756756754,0.74137931034482762,0,0,0,0,0.10559006211180125
capture_2020_04_17_11_39_49_7533,0,0.61299435028248583,0.75595238095238093,0.59942363112391928,0.75977653631284914,0.58648648648648649,0.764367816091954,0,0,0,0,0.10559006211180125
capture_2020_04_17_11_39_49_7534,0,0.61299435028248583,0.75595238095238093,0.59942363112391928,0.75977653631284914,0.58648648648648649,0.764367816091954,0,0,0,0,0.10559006211180125
capture_2020_04_17_11_39_49_7535,0,0.6384180790960452,0.77380952380952384,0.62536023054755041,0.78212290502793291,0.60810810810810811,0.7816091954022989,0,0,0,0,0.093167701863354033
capture_2020_04_17_11_39_49_7536,0,0.64971751412429379,0.79166666666666663,0.63688760806916422,0.78212290502793291,0.61081081081081079,0.7816091954022989,0,0,0,0,0.093167701863354033
capture_2020_04_17_11_39_49_7537,0,0.655367231638418,0.8035714285714286,0.64841498559077815,0.79329608938547491,0.61891891891891893,0.78735632183908044,0,0,0,0,0.093167701863354033
capture_2020_04_17_11_39_49_7538,0,0.67514124293785316,0.8035714285714286,0.67146974063400577,0.7988826815642458,0.63513513513513509,0.8045977011494253,0,0,0,0,0.093167701863354033
capture_2020_04_17_11_39_49_7539,0,0.68644067796610164,0.8035714285714286,0.67723342939481268,0.8044692737430168,0.6459459459459459,0.8045977011494253,0,0,0,0,0.093167701863354033
capture_2020_04_17_11_39_49_7540,0,0.69491525423728817,0.8035714285714286,0.68299711815561959,0.8044692737430168,0.65675675675675671,0.81034482758620685,0,0,0,0,0.093167701863354033
capture_2020_04_17_11_39_49_7541,0,0.70056497175141241,0.8035714285714286,0.6945244956772334,0.8044692737430168,0.6594594594594595,0.81034482758620685,0,0,0,0,0.093167701863354033
capture_2020_04_17_11_39_49_7542,0,0.72033898305084743,0.8035714285714286,0.71181556195965423,0.82122905027932958,0.67567567567567566,0.82183908045977017,0,0,0,0,0.093167701863354033
capture_2020_04_17_11_39_49_7543,0,0.72033898305084743,0.8035714285714286,0.71757925072046114,0.82122905027932958,0.67837837837837833,0.82183908045977017,0,0,0,0,0.093167701863354033
capture_2020_04_17_11_39_49_7544,0,0.71751412429378536,0.77380952380952384,0.729106628242075,0.82122905027932958,0.68648648648648647,0.83333333333333337,0,0,0,0,0.0062111801242236021
capture_2020_04_17_11_39_49_7545,0,0.7231638418079096,0.79166666666666663,0.73487031700288186,0.82122905027932958,0.69189189189189193,0.83333333333333337,0,0,0,0,0.0062111801242236021
capture_2020_04_17_11_39_49_7546,0,0.7344632768361582,0.79166666666666663,0.74063400576368876,0.83240223463687146,0.70270270270270274,0.84482758620689657,0,0,0,0,0.0062111801242236021
capture_2020_04_17_11_39_49_7547,0,0.7344632768361582,0.79166666666666663,0.74063400576368876,0.83240223463687146,0.70270270270270274,0.84482758620689657,0,0,0,0,0.0062111801242236021
capture_2020_04_17_11_39_49_7548,0,0.7344632768361582,0.79166666666666663,0.74063400576368876,0.83240223463687146,0.70270270270270274,0.84482758620689657,0,0,0,0,0.0062111801242236021
capture_2020_04_17_11_39_49_7549,0,0.74576271186440679,0.79166666666666663,0.74927953890489918,0.83240223463687146,0.70540540540540542,0.84482758620689657,0,0,0,0,0.0062111801242236021
capture_2020_04_17_11_39_49_7550,0,0.74576271186440679,0.79166666666666663,0.75504322766570608,0.83798882681564246,0.70540540540540542,0.84482758620689657,0,0,0,0,0.0062111801242236021
capture_2020_04_17_11_39_49_7551,0,0.74576271186440679,0.79166666666666663,0.75504322766570608,0.83798882681564246,0.70540540540540542,0.84482758620689657,0,0,0,0,0.0062111801242236021
capture_2020_04_17_11_39_49_7552,0,0.74576271186440679,0.79166666666666663,0.75504322766570608,0.83798882681564246,0.70540540540540542,0.84482758620689657,0,0,0,0,0.0062111801242236021
capture_2020_04_17_11_39_49_7553,0,0.74576271186440679,0.79166666666666663,0.75504322766570608,0.83798882681564246,0.70540540540540542,0.84482758620689657,0,0,0,0,0.0062111801242236021
capture_2020_04_17_11_39_49_7554,0,0.74576271186440679,0.79166666666666663,0.75504322766570608,0.83798882681564246,0.70540540540540542,0.84482758620689657,0,0,0,0,0.0062111801242236021
capture_2020_04_17_11_39_49_7555,0,0.72033898305084743,0.79166666666666663,0.729106628242075,0.83798882681564246,0.69729729729729728,0.85057471264367812,0,0,0,0,0.0062111801242236021
capture_2020_04_17_11_39_49_7556,0,0.72033898305084743,0.81547619047619047,0.72046109510086453,0.83240223463687146,0.67837837837837833,0.83333333333333337,0,0,0,0,0.0062111801242236021
capture_2020_04_17_11_39_49_7557,0,0.70621468926553677,0.81547619047619047,0.71181556195965423,0.83240223463687146,0.672972972972973,0.83333333333333337,0,0,0,0,0.0062111801242236021
capture_2020_04_17_11_39_49_7558,0,0.692090395480226,0.81547619047619047,0.69740634005763691,0.83240223463687146,0.66216216216216217,0.83333333333333337,0,0,0,0,0.0062111801242236021
capture_2020_04_17_11_39_49_7559,0,0.652542372881356,0.81547619047619047,0.659942363112392,0.83240223463687146,0.62432432432432428,0.82183908045977017,0,0,0,0,0.0062111801242236021
capture_2020_04_17_11_39_49_7560,0,0.62994350282485878,0.81547619047619047,0.63688760806916422,0.83240223463687146,0.6,0.81609195402298851,0,0,0,0,0.0062111801242236021
capture_2020_04_17_11_39_49_7561,0,0.5847457627118644,0.81547619047619047,0.59654178674351588,0.83240223463687146,0.55945945945945941,0.81609195402298851,0,0,0,0,0.0062111801242236021
capture_2020_04_17_11_39_49_7562,0,0.56497175141242939,0.81547619047619047,0.579250720461095,0.83240223463687146,0.54054054054054057,0.81609195402298851,0,0,0,0,0.0062111801242236021
capture_2020_04_17_11_39_49_7563,0,0.51412429378531077,0.81547619047619047,0.5331412103746398,0.83798882681564246,0.50270270270270268,0.81034482758620685,0,0,0,0,0.0062111801242236021
capture_2020_04_17_11_39_49_7564,0,0.50564971751412424,0.8571428571428571,0.50720461095100866,0.85474860335195535,0.48108108108108111,0.81034482758620685,0,0,0,0,0.0062111801242236021
capture_2020_04_17_11_39_49_7565,0,0.4632768361581921,0.8928571428571429,0.46974063400576371,0.85474860335195535,0.44324324324324327,0.81034482758620685,0,0,0,0,0.0062111801242236021
capture_2020_04_17_11_39_49_7566,0,0.4632768361581921,0.8928571428571429,0.46974063400576371,0.85474860335195535,0.44324324324324327,0.81034482758620685,0,0,0,0,0.0062111801242236021
capture_2020_04_17_11_39_49_7567,0,0.43785310734463279,0.86904761904761907,0.44668587896253603,0.85474860335195535,0.42702702702702705,0.81034482758620685,0,0,0,0,0.0062111801242236021
capture_2020_04_17_11_39_49_7568,0,0.42090395480225989,0.86904761904761907,0.4265129682997118,0.85474860335195535,0.4,0.81034482758620685,0,0,0,0,0.0062111801242236021
capture_2020_04_17_11_39_49_7569,0,0.384180790960452,0.86904761904761907,0.40057636887608067,0.85474860335195535,0.37567567567567567,0.81034482758620685,0,0,0,0,0.0062111801242236021
capture_2020_04_17_11_39_49_7570,0,0.37570621468926552,0.875,0.3861671469740634,0.85474860335195535,0.36486486486486486,0.81034482758620685,0,0,0,0,0.0062111801242236021
capture_2020_04_17_11_39_49_7571,0,0.35875706214689268,0.875,0.36887608069164263,0.85474860335195535,0.35675675675675678,0.81034482758620685,0,0,0,0,0.0062111801242236021
capture_2020_04_17_11_39_49_7572,0,0.35310734463276838,0.875,0.36023054755043227,0.86592178770949724,0.35135135135135137,0.81034482758620685,0,0,0,0,0.0062111801242236021
capture_2020_04_17_11_39_49_7573,0,0.33050847457627119,0.7678571428571429,0.33429394812680113,0.86592178770949724,0.32432432432432434,0.81034482758620685,0,0,0,0,0.0062111801242236021
capture_2020_04_17_11_39_49_7574,0,0.3192090395480226,0.7678571428571429,0.32276657060518732,0.86592178770949724,0.31351351351351353,0.79885057471264365,0,0,0,0,0.0062111801242236021
capture_2020_04_17_11_39_49_7575,0,0.29943502824858759,0.7678571428571429,0.31412103746397696,0.86592178770949724,0.29729729729729731,0.79885057471264365,0,0,0,0,0.0062111801242236021
capture_2020_04_17_11_39_49_7576,0,0.28531073446327682,0.7678571428571429,0.29971181556195964,0.83798882681564246,0.28378378378378377,0.7931034482758621,0,0,0,0,0.0062111801242236021
capture_2020_04_17_11_39_49_7577,0,0.2768361581920904,0.7678571428571429,0.28242074927953892,0.83798882681564246,0.27837837837837837,0.7816091954022989,0,0,0,0,0.0062111801242236021
capture_2020_04_17_11_39_49_7578,0,0.25706214689265539,0.7678571428571429,0.26224783861671469,0.83798882681564246,0.26216216216216215,0.764367816091954,0,0,0,0,0.0062111801242236021
capture_2020_04_17_11_39_49_7579,0,0.25706214689265539,0.7678571428571429,0.26224783861671469,0.83798882681564246,0.26216216216216215,0.764367816091954,0,0,0,0,0.0062111801242236021
capture_2020_04_17_11_39_49_7580,0,0.25141242937853109,0.79761904761904767,0.25648414985590778,0.82681564245810057,0.24594594594594596,0.74712643678160917,0,0,0,0,0.10559006211180125
capture_2020_04_17_11_39_49_7581,0,0.22598870056497175,0.79761904761904767,0.23631123919308358,0.8044692737430168,0.23243243243243245,0.74137931034482762,0,0,0,0,0.10559006211180125
capture_2020_04_17_11_39_49_7582,0,0.22033898305084745,0.79761904761904767,0.21613832853025936,0.8044692737430168,0.22162162162162163,0.74137931034482762,0,0,0,0,0.10559006211180125
capture_2020_04_17_11_39_49_7583,0,0.22598870056497175,0.79761904761904767,0.21613832853025936,0.8044692737430168,0.22162162162162163,0.74137931034482762,0,0,0,0,0.10559006211180125
capture_2020_04_17_11_39_49_7584,0,0.20621468926553671,0.79761904761904767,0.20172910662824209,0.8044692737430168,0.20810810810810812,0.74137931034482762,0,0,0,0,0.10559006211180125
capture_2020_04_17_11_39_49_7585,0,0.20621468926553671,0.79761904761904767,0.20172910662824209,0.8044692737430168,0.20810810810810812,0.74137931034482762,0,0,0,0,0.10559006211180125
capture_2020_04_17_11_39_49_7586,0,0.20621468926553671,0.79761904761904767,0.20172910662824209,0.8044692737430168,0.2,0.74137931034482762,0,0,0,0,0.10559006211180125
capture_2020_04_17_11_39_49_7587,0,0.20621468926553671,0.79761904761904767,0.20172910662824209,0.8044692737430168,0.2,0.74137931034482762,0,0,0,0,0.10559006211180125
capture_2020_04_17_11_39_49_7588,0,0.192090395480226,0.79761904761904767,0.17579250720461095,0.8044692737430168,0.2,0.74137931034482762,0,0,0,0,0.10559006211180125
capture_2020_04_17_11_39_49_7589,0,0.1807909604519774,0.79761904761904767,0.18155619596541786,0.8044692737430168,0.1864864864864865,0.764367816091954,0,0,0,0,0.10559006211180125
capture_2020_04_17_11_39_49_7590,0,0.1807909604519774,0.79761904761904767,0.18155619596541786,0.8044692737430168,0.1864864864864865,0.764367816091954,0,0,0,0,0.10559006211180125
capture_2020_04_17_11_39_49_7591,0,0.1807909604519774,0.79761904761904767,0.18155619596541786,0.8044692737430168,0.1864864864864865,0.764367816091954,0,0,0,0,0.10559006211180125
capture_2020_04_17_11_39_49_7592,0,0.1807909604519774,0.79761904761904767,0.18155619596541786,0.8044692737430168,0.1864864864864865,0.764367816091954,0,0,0,0,0.10559006211180125
capture_2020_04_17_11_39_49_7593,0,0.1807909604519774,0.79761904761904767,0.18155619596541786,0.8044692737430168,0.1864864864864865,0.764367816091954,0,0,0,0,0.10559006211180125
capture_2020_04_17_11_39_49_7594,0,0.1807909604519774,0.79761904761904767,0.17579250720461095,0.81564245810055869,0.17297297297297298,0.7931034482758621,0,0,0,0,0.10559006211180125
capture_2020_04_17_11_39_49_7595,0,0.15819209039548024,0.72619047619047616,0.17579250720461095,0.81564245810055869,0.17297297297297298,0.7931034482758621,0,0,0,0,0.0062111801242236021
capture_2020_04_17_11_39_49_7596,0,0.17231638418079096,0.72619047619047616,0.17579250720461095,0.81564245810055869,0.17297297297297298,0.7931034482758621,0,0,0,0,0.0062111801242236021
capture_2020_04_17_11_39_49_7597,0,0.16384180790960451,0.72619047619047616,0.17002881844380405,0.82681564245810057,0.15945945945945947,0.81609195402298851,0,0,0,0,0.0062111801242236021
capture_2020_04_17_11_39_49_7598,0,0.15819209039548024,0.72619047619047616,0.17002881844380405,0.83798882681564246,0.15945945945945947,0.83333333333333337,0,0,0,0,0.0062111801242236021
capture_2020_04_17_11_39_49_7599,0,0.14124293785310735,0.75,0.15850144092219021,0.85474860335195535,0.14864864864864866,0.83908045977011492,0,0,0,0,0.0062111801242236021
capture_2020_04_17_11_39_49_7600,0,0.14124293785310735,0.8214285714285714,0.14409221902017291,0.88268156424581,0.14864864864864866,0.87356321839080464,0,0,0,0,0.0062111801242236021
capture_2020_04_17_11_39_49_7601,0,0.12994350282485875,0.8214285714285714,0.138328530259366,0.88268156424581,0.12972972972972974,0.87356321839080464,0,0,0,0,0.0062111801242236021
capture_2020_04_17_11_39_49_7602,0,0.12994350282485875,0.8214285714285714,0.138328530259366,0.88268156424581,0.12972972972972974,0.87356321839080464,0,0,0,0,0.0062111801242236021
capture_2020_04_17_11_39_49_7603,0,0.11299435028248588,0.8214285714285714,0.12680115273775217,0.88268156424581,0.11621621621621622,0.88505747126436785,0,0,0,0,0.0062111801242236021
capture_2020_04_17_11_39_49_7604,0,0.11016949152542373,0.89880952380952384,0.11239193083573487,0.8938547486033519,0.10270270270270271,0.9022988505747126,0,0,0,0,0
capture_2020_04_17_11_39_49_7605,0,0.10451977401129943,0.89880952380952384,0.1037463976945245,0.9050279329608939,0.0945945945945946,0.90804597701149425,0,0,0,0,0
capture_2020_04_17_11_39_49_7606,0,0.0847457627118644,0.9107142857142857,0.0893371757925072,0.91620111731843579,0.078378378378378383,0.92528735632183912,0,0,0,0,0
capture_2020_04_17_11_39_49_7607,0,0.0847457627118644,0.9107142857142857,0.0893371757925072,0.91620111731843579,0.078378378378378383,0.92528735632183912,0,0,0,0,0
capture_2020_04_17_11_39_49_7608,0,0.064971751412429377,0.9464285714285714,0.072046109510086456,0.92737430167597767,0.062162162162162166,0.94827586206896552,0,0,0,0,0
capture_2020_04_17_11_39_49_7609,0,0.050847457627118647,0.95833333333333337,0.060518731988472622,0.96089385474860334,0.051351351351351354,0.94827586206896552,0,0,0,0,0
capture_2020_04_17_11_39_49_7610,0,0.04519774011299435,0.95833333333333337,0.051873198847262249,0.96089385474860334,0.03783783783783784,0.96551724137931039,0,0,0,0,0
capture_2020_04_17_11_39_49_7611,0,0.036723163841807911,0.97023809523809523,0.043227665706051875,0.96089385474860334,0.03783783783783784,0.96551724137931039,0,0,0,0,0
capture_2020_04_17_11_39_49_7612,0,0.028248587570621469,0.97023809523809523,0.037463976945244955,0.96089385474860334,0.029729729729729731,0.96551724137931039,0,0,0,0,0
capture_2020_04_17_11_39_49_7613,0,0.01977401129943503,1,0.037463976945244955,0.97765363128491622,0.021621621621621623,0.98275862068965514,0,0,0,0,0
capture_2020_04_17_11_39_49_7614,0,0.01977401129943503,1,0.037463976945244955,0.97765363128491622,0.021621621621621623,0.98275862068965514,0,0,0,0,0
capture_2020_04_17_11_39_49_7615,0,0.00847457627118644,1,0.020172910662824207,1,0.010810810810810811,1,0,0,0,0,0
capture_2020_04_17_11_39_49_7616,0,0.0056497175141242938,1,0.020172910662824207,1,0.0027027027027027029,1,0,0,0,0,0
capture_2020_04_17_11_39_49_7617,0,0.0028248587570621469,1,0.011527377521613832,1,0,1,0,0,0,0,0
capture_2020_04_17_11_39_49_7618,0,0.0028248587570621469,1,0.011527377521613832,1,0,1,0,0,0,0,0
capture_2020_04_17_11_39_49_7619,0,0.0028248587570621469,1,0.011527377521613832,0.98882681564245811,0,0.98275862068965514,0,0,0,0,0
capture_2020_04_17_11_39_49_7620,0,0,1,0,0.98882681564245811,0,0.97126436781609193,0,0,0,0,0
capture_2020_04_17_11_39_49_7621,0,0,1,0,0.98882681564245811,0,0.97126436781609193,0,0,0,0,0
capture_2020_04_17_11_39_49_7622,0,0,1,0,0.98882681564245811,0,0.97126436781609193,0,0,0,0,0
capture_2020_04_17_11_39_49_7623,0,0.011299435028248588,0.93452380952380953,0,0.98882681564245811,0,0.97126436781609193,0,0,0,0,0
capture_2020_04_17_11_39_49_7624,0,0.014124293785310734,0.93452380952380953,0.017291066282420751,0.97206703910614523,0,0.97126436781609193,0,0,0,0,0
capture_2020_04_17_11_39_49_7625,0,0.016949152542372881,0.8928571428571429,0.017291066282420751,0.92737430167597767,0.013513513513513514,0.94827586206896552,0,0,0,0,0.0062111801242236021
capture_2020_04_17_11_39_49_7626,0,0.016949152542372881,0.8928571428571429,0.017291066282420751,0.92737430167597767,0.013513513513513514,0.94827586206896552,0,0,0,0,0.0062111801242236021
capture_2020_04_17_11_39_49_7627,0,0.022598870056497175,0.8928571428571429,0.017291066282420751,0.91620111731843579,0.024324324324324326,0.93678160919540232,0,0,0,0,0.0062111801242236021
capture_2020_04_17_11_39_49_7628,0,0.025423728813559324,0.82738095238095233,0.017291066282420751,0.888268156424581,0.024324324324324326,0.87931034482758619,0,0,0,0,0.074534161490683232
capture_2020_04_17_11_39_49_7629,0,0.016949152542372881,0.80952380952380953,0.025936599423631124,0.86592178770949724,0.029729729729729731,0.85632183908045978,0,0,0,0,0.10559006211180125
capture_2020_04_17_11_39_49_7630,0,0.03954802259887006,0.79761904761904767,0.0345821325648415,0.8044692737430168,0.054054054054054057,0.8045977011494253,0,0,0,0,0.10559006211180125
capture_2020_04_17_11_39_49_7631,0,0.04519774011299435,0.75595238095238093,0.0345821325648415,0.78770949720670391,0.054054054054054057,0.7816091954022989,0,0,0,0,0.10559006211180125
capture_2020_04_17_11_39_49_7632,0,0.053672316384180789,0.75595238095238093,0.037463976945244955,0.770949720670391,0.062162162162162166,0.7816091954022989,0,0,0,0,0.10559006211180125
capture_2020_04_17_11_39_49_7633,0,0.064971751412429377,0.75595238095238093,0.057636887608069162,0.74860335195530725,0.078378378378378383,0.75287356321839083,0,0,0,0,0.10559006211180125
capture_2020_04_17_11_39_49_7634,0,0.087570621468926552,0.6607142857142857,0.077809798270893377,0.73184357541899436,0.11351351351351352,0.74712643678160917,0,0,0,0,0.10559006211180125
capture_2020_04_17_11_39_49_7635,0,0.1016949152542373,0.63690476190476186,0.097982708933717577,0.73184357541899436,0.13243243243243244,0.74712643678160917,0,0,0,0,0.10559006211180125
capture_2020_04_17_11_39_49_7636,0,0.15254237288135594,0.65476190476190477,0.1239193083573487,0.74860335195530725,0.17297297297297298,0.7816091954022989,0,0,0,0,0.20496894409937888
capture_2020_04_17_11_39_49_7637,0,0.16949152542372881,0.65476190476190477,0.138328530259366,0.74860335195530725,0.1864864864864865,0.7816091954022989,0,0,0,0,0.20496894409937888
capture_2020_04_17_11_39_49_7638,0,0.20056497175141244,0.72023809523809523,0.16714697406340057,0.74860335195530725,0.21621621621621623,0.7816091954022989,0,0,0,0,0.20496894409937888
capture_2020_04_17_11_39_49_7639,0,0.2288135593220339,0.7678571428571429,0.19596541786743515,0.76536312849162014,0.25135135135135134,0.81609195402298851,0,0,0,0,0.2857142857142857
capture_2020_04_17_11_39_49_7640,0,0.24858757062146894,0.7678571428571429,0.21037463976945245,0.76536312849162014,0.27297297297297296,0.81609195402298851,0,0,0,0,0.2857142857142857
capture_2020_04_17_11_39_49_7641,0,0.30225988700564971,0.80952380952380953,0.26512968299711814,0.78212290502793291,0.32162162162162161,0.85057471264367812,0,0,0,0,0.2857142857142857
capture_2020_04_17_11_39_49_7642,0,0.33050847457627119,0.76190476190476186,0.28242074927953892,0.79329608938547491,0.35675675675675678,0.867816091954023,0,0,0,0,0.40372670807453415
capture_2020_04_17_11_39_49_7643,0,0.35310734463276838,0.7142857142857143,0.30259365994236309,0.79329608938547491,0.35945945945945945,0.867816091954023,0,0,0,0,0.40372670807453415
capture_2020_04_17_11_39_49_7644,0,0.36440677966101692,0.7142857142857143,0.31412103746397696,0.79329608938547491,0.38378378378378381,0.867816091954023,0,0,0,0,0.40372670807453415
capture_2020_04_17_11_39_49_7645,0,0.37570621468926552,0.7142857142857143,0.31412103746397696,0.76536312849162014,0.39189189189189189,0.84482758620689657,0,0,0,0,0.40372670807453415
capture_2020_04_17_11_39_49_7646,0,0.37853107344632769,0.7142857142857143,0.31988472622478387,0.75977653631284914,0.4,0.84482758620689657,0,0,0,0,0.40372670807453415
capture_2020_04_17_11_39_49_7647,0,0.37853107344632769,0.7142857142857143,0.33141210374639768,0.73743016759776536,0.41891891891891891,0.83333333333333337,0,0,0,0,0.40372670807453415
capture_2020_04_17_11_39_49_7648,0,0.37853107344632769,0.7142857142857143,0.33141210374639768,0.73743016759776536,0.41891891891891891,0.83333333333333337,0,0,0,0,0.40372670807453415
capture_2020_04_17_11_39_49_7649,0,0.37570621468926552,0.7142857142857143,0.33141210374639768,0.73743016759776536,0.41891891891891891,0.8045977011494253,0,0,0,0,0.40372670807453415
capture_2020_04_17_11_39_49_7650,0,0.37570621468926552,0.7142857142857143,0.33141210374639768,0.71508379888268159,0.41891891891891891,0.7931034482758621,0,0,0,0,0.40372670807453415
capture_2020_04_17_11_39_49_7651,0,0.36440677966101692,0.67261904761904767,0.31412103746397696,0.70949720670391059,0.4081081081081081,0.77586206896551724,0,0,0,0,0.40372670807453415
capture_2020_04_17_11_39_49_7652,0,0.3728813559322034,0.73809523809523814,0.31412103746397696,0.67597765363128492,0.4081081081081081,0.74137931034482762,0,0,0,0,0.47204968944099379
capture_2020_04_17_11_39_49_7653,0,0.3728813559322034,0.73809523809523814,0.31412103746397696,0.67597765363128492,0.4081081081081081,0.74137931034482762,0,0,0,0,0.47204968944099379
capture_2020_04_17_11_39_49_7654,0,0.3728813559322034,0.6071428571428571,0.30835734870317005,0.65363128491620115,0.4,0.72988505747126442,0,0,0,0,0.47204968944099379
capture_2020_04_17_11_39_49_7655,0,0.3728813559322034,0.61904761904761907,0.30835734870317005,0.65363128491620115,0.4,0.71264367816091956,0,0,0,0,0.49689440993788819
capture_2020_04_17_11_39_49_7656,0,0.3728813559322034,0.61904761904761907,0.30835734870317005,0.62569832402234637,0.40540540540540543,0.70114942528735635,0,0,0,0,0.49689440993788819
capture_2020_04_17_11_39_49_7657,0,0.3559322033898305,0.61904761904761907,0.29971181556195964,0.61452513966480449,0.40540540540540543,0.67241379310344829,0,0,0,0,0.50310559006211175
capture_2020_04_17_11_39_49_7658,0,0.3559322033898305,0.57738095238095233,0.29971181556195964,0.6033519553072626,0.40540540540540543,0.67241379310344829,0,0,0,0,0.50310559006211175
capture_2020_04_17_11_39_49_7659,0,0.35875706214689268,0.56547619047619047,0.29971181556195964,0.6033519553072626,0.40540540540540543,0.67241379310344829,0,0,0,0,0.60248447204968947
capture_2020_04_17_11_39_49_7660,0,0.37005649717514122,0.56547619047619047,0.30259365994236309,0.58659217877094971,0.41891891891891891,0.64942528735632188,0,0,0,0,0.60248447204968947
capture_2020_04_17_11_39_49_7661,0,0.4152542372881356,0.6607142857142857,0.33717579250720459,0.61452513966480449,0.4702702702702703,0.68965517241379315,0,0,0,0,0.70186335403726707
capture_2020_04_17_11_39_49_7662,0,0.43785310734463279,0.7142857142857143,0.345821325648415,0.61452513966480449,0.51351351351351349,0.6954022988505747,0,0,0,0,0.80124223602484468
capture_2020_04_17_11_39_49_7663,0,0.45480225988700562,0.7142857142857143,0.345821325648415,0.61452513966480449,0.52972972972972976,0.6954022988505747,0,0,0,0,0.80124223602484468
capture_2020_04_17_11_39_49_7664,0,0.49152542372881358,0.8035714285714286,0.36023054755043227,0.65363128491620115,0.55675675675675673,0.72988505747126442,0,0,0,1,0.98757763975155277
capture_2020_04_17_11_39_49_7665,0,0.50847457627118642,0.8035714285714286,0.37463976945244959,0.67597765363128492,0.57567567567567568,0.75862068965517238,0,0,0,1,0.98757763975155277
capture_2020_04_17_11_39_49_7666,0,0.50847457627118642,0.8035714285714286,0.37463976945244959,0.67597765363128492,0.57567567567567568,0.75862068965517238,0,0,0,1,0.98757763975155277
capture_2020_04_17_11_39_49_7667,0,0.50847457627118642,0.95238095238095233,0.37463976945244959,0.67597765363128492,0.60540540540540544,0.75862068965517238,0,0,0,1,0.98757763975155277
capture_2020_04_17_11_39_49_7668,0,0.50847457627118642,0.95238095238095233,0.39193083573487031,0.65363128491620115,0.61621621621621625,0.735632183908046,0,0,0,1,0.98757763975155277
capture_2020_04_17_11_39_49_7669,0,0.51694915254237284,0.77380952380952384,0.39193083573487031,0.56983240223463683,0.61621621621621625,0.65517241379310343,0,0,0,1,0.98757763975155277
capture_2020_04_17_11_39_49_7670,0,0.52259887005649719,0.77380952380952384,0.39193083573487031,0.49162011173184356,0.61621621621621625,0.58045977011494254,0,0,0,1,0.98757763975155277
capture_2020_04_17_11_39_49_7671,0,0.52259887005649719,0.30952380952380953,0.39193083573487031,0.45810055865921789,0.61621621621621625,0.55172413793103448,0,0,0,1,0.98757763975155277
capture_2020_04_17_11_39_49_7672,0,0.50564971751412424,0.26785714285714285,0.39193083573487031,0.39106145251396646,0.61621621621621625,0.48275862068965519,0,0,0,1,1
capture_2020_04_17_11_39_49_7673,0,0.50564971751412424,0.26785714285714285,0.39193083573487031,0.34078212290502791,0.60540540540540544,0.41954022988505746,0,0,0,0,1
capture_2020_04_17_11_39_49_7674,0,0.4943502824858757,0.26785714285714285,0.37463976945244959,0.29050279329608941,0.5972972972972973,0.36206896551724138,0,0,0,0,1
capture_2020_04_17_11_39_49_7675,0,0.4943502824858757,0.26785714285714285,0.37463976945244959,0.29050279329608941,0.5972972972972973,0.36206896551724138,0,0,0,0,1
capture_2020_04_17_11_39_49_7676,0,0.4943502824858757,0.26785714285714285,0.37463976945244959,0.29050279329608941,0.5972972972972973,0.36206896551724138,0,0,0,0,1
capture_2020_04_17_11_39_49_7677,0,0.47175141242937851,0.23214285714285715,0.35158501440922191,0.23463687150837989,0.56216216216216219,0.3045977011494253,0,0,0,0,1
capture_2020_04_17_11_39_49_7678,0,0.46610169491525422,0.21428571428571427,0.35158501440922191,0.23463687150837989,0.55675675675675673,0.27586206896551724,0,0,0,0,0.98136645962732916
capture_2020_04_17_11_39_49_7679,0,0.44915254237288138,0.19047619047619047,0.34005763688760809,0.21229050279329609,0.55405405405405406,0.25862068965517243,0,0,0,0,0.98136645962732916
capture_2020_04_17_11_39_49_7680,0,0.44915254237288138,0.16666666666666666,0.34005763688760809,0.21229050279329609,0.54324324324324325,0.2413793103448276,0,0,0,0,0.94409937888198758
capture_2020_04_17_11_39_49_7681,0,0.43785310734463279,0.13095238095238096,0.34005763688760809,0.21229050279329609,0.53513513513513511,0.22988505747126437,0,0,0,0,0.89440993788819878
capture_2020_04_17_11_39_49_7682,0,0.43785310734463279,0.13095238095238096,0.34005763688760809,0.21229050279329609,0.52162162162162162,0.20689655172413793,0,0,0,0,0.89440993788819878
capture_2020_04_17_11_39_49_7683,0,0.43785310734463279,0.13095238095238096,0.34005763688760809,0.1787709497206704,0.51621621621621616,0.18390804597701149,0,0,0,0,0.89440993788819878
capture_2020_04_17_11_39_49_7684,0,0.43785310734463279,0.13095238095238096,0.34005763688760809,0.1787709497206704,0.51621621621621616,0.17241379310344829,0,0,0,0,0.89440993788819878
capture_2020_04_17_11_39_49_7685,0,0.4519774011299435,0.23214285714285715,0.34005763688760809,0.1787709497206704,0.51621621621621616,0.17241379310344829,0,0,0,0,0.78881987577639756
capture_2020_04_17_11_39_49_7686,0,0.47175141242937851,0.083333333333333329,0.34005763688760809,0.1787709497206704,0.51621621621621616,0.17241379310344829,0,0,0,0,0.78881987577639756
capture_2020_04_17_11_39_49_7687,0,0.46610169491525422,0.14880952380952381,0.38904899135446686,0.15083798882681565,0.5243243243243243,0.14942528735632185,0,0,0,0,0.70186335403726707
capture_2020_04_17_11_39_49_7688,0,0.47457627118644069,0.14880952380952381,0.38904899135446686,0.15083798882681565,0.5243243243243243,0.14942528735632185,0,0,0,0,0.70186335403726707
capture_2020_04_17_11_39_49_7689,0,0.48870056497175141,0.14880952380952381,0.40634005763688763,0.15083798882681565,0.53783783783783778,0.14942528735632185,0,0,0,0,0.70186335403726707
capture_2020_04_17_11_39_49_7690,0,0.50282485875706218,0.14880952380952381,0.40634005763688763,0.15083798882681565,0.54054054054054057,0.14942528735632185,0,0,0,0,0.70186335403726707
capture_2020_04_17_11_39_49_7691,0,0.52259887005649719,0.13095238095238096,0.44668587896253603,0.15083798882681565,0.581081081081081,0.16091954022988506,0,0,0,0,0.70186335403726707
capture_2020_04_17_11_39_49_7692,0,0.53107344632768361,0.13095238095238096,0.44668587896253603,0.15083798882681565,0.581081081081081,0.16091954022988506,0,0,0,0,0.70186335403726707
capture_2020_04_17_11_39_49_7693,0,0.54802259887005644,0.125,0.46397694524495675,0.15083798882681565,0.6,0.16091954022988506,0,0,0,0,0.70186335403726707
capture_2020_04_17_11_39_49_7694,0,0.54802259887005644,0.125,0.46397694524495675,0.15083798882681565,0.6,0.16091954022988506,0,0,0,0,0.70186335403726707
capture_2020_04_17_11_39_49_7695,0,0.56214689265536721,0.125,0.46397694524495675,0.15083798882681565,0.6,0.16091954022988506,0,0,0,0,0.70186335403726707
capture_2020_04_17_11_39_49_7696,0,0.57062146892655363,0.17261904761904762,0.46397694524495675,0.15083798882681565,0.6,0.16091954022988506,0,0,0,0,0.68322981366459623
capture_2020_04_17_11_39_49_7697,0,0.57062146892655363,0.17261904761904762,0.48703170028818443,0.15083798882681565,0.63243243243243241,0.17816091954022989,0,0,0,0,0.68322981366459623
capture_2020_04_17_11_39_49_7698,0,0.57062146892655363,0.17261904761904762,0.48703170028818443,0.15083798882681565,0.63243243243243241,0.17816091954022989,0,0,0,0,0.68322981366459623
capture_2020_04_17_11_39_49_7699,0,0.57062146892655363,0.17261904761904762,0.48703170028818443,0.15083798882681565,0.63243243243243241,0.17816091954022989,0,0,0,0,0.68322981366459623
capture_2020_04_17_11_39_49_7700,0,0.57062146892655363,0.17261904761904762,0.48703170028818443,0.15083798882681565,0.63243243243243241,0.17816091954022989,0,0,0,0,0.68322981366459623
capture_2020_04_17_11_39_49_7701,0,0.57062146892655363,0.17261904761904762,0.48703170028818443,0.15083798882681565,0.63243243243243241,0.17816091954022989,0,0,0,0,0.68322981366459623
capture_2020_04_17_11_39_49_7702,0,0.57062146892655363,0.17261904761904762,0.48703170028818443,0.15083798882681565,0.63243243243243241,0.17816091954022989,0,0,0,0,0.68322981366459623
capture_2020_04_17_11_39_49_7703,0,0.5536723163841808,0.17261904761904762,0.47838616714697407,0.17318435754189945,0.63243243243243241,0.20114942528735633,0,0,0,0,0.68322981366459623
capture_2020_04_17_11_39_49_7704,0,0.5536723163841808,0.17261904761904762,0.47838616714697407,0.18994413407821228,0.63243243243243241,0.20114942528735633,0,0,0,0,0.68322981366459623
capture_2020_04_17_11_39_49_7705,0,0.5536723163841808,0.17261904761904762,0.47838616714697407,0.18994413407821228,0.63243243243243241,0.20114942528735633,0,0,0,0,0.68322981366459623
capture_2020_04_17_11_39_49_7706,0,0.5536723163841808,0.17261904761904762,0.47838616714697407,0.18994413407821228,0.63243243243243241,0.20114942528735633,0,0,0,0,0.68322981366459623
capture_2020_04_17_11_39_49_7707,0,0.5536723163841808,0.17261904761904762,0.47838616714697407,0.18994413407821228,0.63243243243243241,0.20114942528735633,0,0,0,0,0.68322981366459623
capture_2020_04_17_11_39_49_7708,0,0.5536723163841808,0.17261904761904762,0.47838616714697407,0.18994413407821228,0.63243243243243241,0.20114942528735633,0,0,0,0,0.68322981366459623
capture_2020_04_17_11_39_49_7709,0,0.54519774011299438,0.17857142857142858,0.47262247838616717,0.18994413407821228,0.61351351351351346,0.20114942528735633,0,0,0,0,0.68322981366459623
capture_2020_04_17_11_39_49_7710,0,0.54519774011299438,0.17857142857142858,0.47262247838616717,0.18994413407821228,0.61351351351351346,0.20114942528735633,0,0,0,0,0.68322981366459623
capture_2020_04_17_11_39_49_7711,0,0.54519774011299438,0.17857142857142858,0.47262247838616717,0.18994413407821228,0.61351351351351346,0.20114942528735633,0,0,0,0,0.68322981366459623
capture_2020_04_17_11_39_49_7712,0,0.54519774011299438,0.17857142857142858,0.4610951008645533,0.18994413407821228,0.60540540540540544,0.20114942528735633,0,0,0,0,0.68322981366459623
capture_2020_04_17_11_39_49_7713,0,0.54519774011299438,0.17857142857142858,0.4610951008645533,0.18994413407821228,0.60540540540540544,0.20114942528735633,0,0,0,0,0.68322981366459623
capture_2020_04_17_11_39_49_7714,0,0.54519774011299438,0.17857142857142858,0.4610951008645533,0.18994413407821228,0.60540540540540544,0.20114942528735633,0,0,0,0,0.68322981366459623
capture_2020_04_17_11_39_49_7715,0,0.54519774011299438,0.17857142857142858,0.4610951008645533,0.18994413407821228,0.60540540540540544,0.20114942528735633,0,0,0,0,0.68322981366459623
capture_2020_04_17_11_39_49_7716,0,0.54519774011299438,0.17857142857142858,0.4610951008645533,0.18994413407821228,0.60540540540540544,0.20114942528735633,0,0,0,0,0.68322981366459623
capture_2020_04_17_11_39_49_7717,0,0.54519774011299438,0.17857142857142858,0.4610951008645533,0.18994413407821228,0.60540540540540544,0.20114942528735633,0,0,0,0,0.68322981366459623
capture_2020_04_17_11_39_49_7718,0,0.54519774011299438,0.17857142857142858,0.4610951008645533,0.18994413407821228,0.60540540540540544,0.20114942528735633,0,0,0,0,0.68322981366459623
capture_2020_04_17_11_39_49_7719,0,0.53954802259887,0.14880952380952381,0.4610951008645533,0.18994413407821228,0.60540540540540544,0.20114942528735633,0,0,0,0,0.65838509316770188
capture_2020_05_06_13_35_00_1625,0,1,0.7678571428571429,1,0.83798882681564246,0.97027027027027024,0.83908045977011492,0,0,0,0,0.2484472049689441
capture_2020_05_06_13_35_00_1626,0,1,0.7678571428571429,1,0.83798882681564246,0.97027027027027024,0.83908045977011492,0,0,0,0,0.2484472049689441
capture_2020_05_06_13_35_00_1627,0,0.99152542372881358,0.7678571428571429,0.99135446685878958,0.83798882681564246,0.96486486486486489,0.83908045977011492,0,0,0,0,0.2484472049689441
capture_2020_05_06_13_35_00_1628,0,0.980225988700565,0.7678571428571429,0.99135446685878958,0.83798882681564246,0.96486486486486489,0.83908045977011492,0,0,0,0,0.2484472049689441
capture_2020_05_06_13_35_00_1629,0,0.980225988700565,0.7678571428571429,0.98270893371757928,0.83798882681564246,0.95945945945945943,0.83908045977011492,0,0,0,0,0.2484472049689441
capture_2020_05_06_13_35_00_1630,0,0.96892655367231639,0.7678571428571429,0.98270893371757928,0.83798882681564246,0.95945945945945943,0.83908045977011492,0,0,0,0,0.2484472049689441
capture_2020_05_06_13_35_00_1631,0,0.96045197740113,0.7678571428571429,0.968299711815562,0.83798882681564246,0.94324324324324327,0.84482758620689657,0,0,0,0,0.2484472049689441
capture_2020_05_06_13_35_00_1632,0,0.95480225988700562,0.7678571428571429,0.95965417867435154,0.83798882681564246,0.93783783783783781,0.85632183908045978,0,0,0,0,0.2484472049689441
capture_2020_05_06_13_35_00_1633,0,0.94915254237288138,0.7678571428571429,0.95389048991354464,0.83798882681564246,0.93243243243243246,0.85632183908045978,0,0,0,0,0.2484472049689441
capture_2020_05_06_13_35_00_1634,0,0.94915254237288138,0.7678571428571429,0.95389048991354464,0.83798882681564246,0.93243243243243246,0.85632183908045978,0,0,0,0,0.2484472049689441
capture_2020_05_06_13_35_00_1635,0,0.93502824858757061,0.7678571428571429,0.94236311239193082,0.83798882681564246,0.918918918918919,0.84482758620689657,0,0,0,0,0.2484472049689441
capture_2020_05_06_13_35_00_1636,0,0.92937853107344637,0.7678571428571429,0.93659942363112392,0.82681564245810057,0.91351351351351351,0.84482758620689657,0,0,0,0,0.2484472049689441
capture_2020_05_06_13_35_00_1637,0,0.91807909604519777,0.7678571428571429,0.9279538904899135,0.82681564245810057,0.90540540540540537,0.84482758620689657,0,0,0,0,0.2484472049689441
capture_2020_05_06_13_35_00_1638,0,0.91807909604519777,0.7678571428571429,0.9221902017291066,0.82122905027932958,0.9027027027027027,0.83333333333333337,0,0,0,0,0.2484472049689441
capture_2020_05_06_13_35_00_1639,0,0.91807909604519777,0.7678571428571429,0.9221902017291066,0.82122905027932958,0.9027027027027027,0.83333333333333337,0,0,0,0,0.2484472049689441
capture_2020_05_06_13_35_00_1640,0,0.90960451977401124,0.7678571428571429,0.91354466858789629,0.81564245810055869,0.89459459459459456,0.82183908045977017,0,0,0,0,0.2484472049689441
capture_2020_05_06_13_35_00_1641,0,0.903954802259887,0.77976190476190477,0.91354466858789629,0.8044692737430168,0.89459459459459456,0.81609195402298851,0,0,0,0,0.2608695652173913
capture_2020_05_06_13_35_00_1642,0,0.903954802259887,0.77976190476190477,0.91354466858789629,0.8044692737430168,0.89459459459459456,0.81609195402298851,0,0,0,0,0.2608695652173913
capture_2020_05_06_13_35_00_1643,0,0.903954802259887,0.77976190476190477,0.91354466858789629,0.78770949720670391,0.89459459459459456,0.7931034482758621,0,0,0,0,0.2608695652173913
capture_2020_05_06_13_35_00_1644,0,0.903954802259887,0.7857142857142857,0.91354466858789629,0.776536312849162,0.89459459459459456,0.78735632183908044,0,0,0,0,0.27329192546583853
capture_2020_05_06_13_35_00_1645,0,0.903954802259887,0.7857142857142857,0.91354466858789629,0.776536312849162,0.89459459459459456,0.78735632183908044,0,0,0,0,0.27329192546583853
capture_2020_05_06_13_35_00_1646,0,0.903954802259887,0.76190476190476186,0.91354466858789629,0.75977653631284914,0.89459459459459456,0.764367816091954,0,0,0,0,0.27329192546583853
capture_2020_05_06_13_35_00_1647,0,0.903954802259887,0.76190476190476186,0.91354466858789629,0.74860335195530725,0.89459459459459456,0.764367816091954,0,0,0,0,0.27329192546583853
capture_2020_05_06_13_35_00_1648,0,0.903954802259887,0.76190476190476186,0.91354466858789629,0.73743016759776536,0.9,0.74712643678160917,0,0,0,0,0.27329192546583853
capture_2020_05_06_13_35_00_1649,0,0.903954802259887,0.7321428571428571,0.91354466858789629,0.72067039106145248,0.9,0.72988505747126442,0,0,0,0,0.27329192546583853
capture_2020_05_06_13_35_00_1650,0,0.903954802259887,0.7321428571428571,0.91354466858789629,0.7039106145251397,0.9,0.7068965517241379,0,0,0,0,0.27329192546583853
capture_2020_05_06_13_35_00_1651,0,0.90677966101694918,0.70833333333333337,0.91354466858789629,0.67597765363128492,0.9,0.68965517241379315,0,0,0,0,0.2857142857142857
capture_2020_05_06_13_35_00_1652,0,0.90677966101694918,0.70833333333333337,0.91354466858789629,0.659217877094972,0.9027027027027027,0.67241379310344829,0,0,0,0,0.2857142857142857
capture_2020_05_06_13_35_00_1653,0,0.90960451977401124,0.63095238095238093,0.91354466858789629,0.62569832402234637,0.91081081081081083,0.63793103448275867,0,0,0,0,0.29813664596273293
capture_2020_05_06_13_35_00_1654,0,0.91242937853107342,0.60119047619047616,0.91354466858789629,0.60893854748603349,0.91081081081081083,0.62068965517241381,0,0,0,0,0.30434782608695654
capture_2020_05_06_13_35_00_1655,0,0.91242937853107342,0.60119047619047616,0.91354466858789629,0.58659217877094971,0.91351351351351351,0.5977011494252874,0,0,0,0,0.30434782608695654
capture_2020_05_06_13_35_00_1656,0,0.91242937853107342,0.57738095238095233,0.91354466858789629,0.56983240223463683,0.91351351351351351,0.58045977011494254,0,0,0,0,0.30434782608695654
capture_2020_05_06_13_35_00_1657,0,0.91242937853107342,0.54761904761904767,0.91066282420749278,0.553072625698324,0.91351351351351351,0.55747126436781613,0,0,0,0,0.30434782608695654
capture_2020_05_06_13_35_00_1658,0,0.91242937853107342,0.54761904761904767,0.91066282420749278,0.53631284916201116,0.91351351351351351,0.54597701149425293,0,0,0,0,0.30434782608695654
capture_2020_05_06_13_35_00_1659,0,0.91242937853107342,0.5178571428571429,0.91066282420749278,0.51955307262569828,0.91351351351351351,0.53448275862068961,0,0,0,0,0.30434782608695654
capture_2020_05_06_13_35_00_1660,0,0.90960451977401124,0.5178571428571429,0.91066282420749278,0.50837988826815639,0.91351351351351351,0.52298850574712641,0,0,0,0,0.37888198757763974
capture_2020_05_06_13_35_00_1661,0,0.90960451977401124,0.5178571428571429,0.91066282420749278,0.4972067039106145,0.91351351351351351,0.52298850574712641,0,0,0,0,0.37888198757763974
capture_2020_05_06_13_35_00_1662,0,0.90960451977401124,0.5178571428571429,0.91066282420749278,0.4972067039106145,0.91351351351351351,0.52298850574712641,0,0,0,0,0.37888198757763974
capture_2020_05_06_13_35_00_1663,0,0.90960451977401124,0.5178571428571429,0.91066282420749278,0.48044692737430167,0.918918918918919,0.4885057471264368,0,0,0,0,0.37888198757763974
capture_2020_05_06_13_35_00_1664,0,0.90960451977401124,0.5178571428571429,0.91066282420749278,0.47486033519553072,0.918918918918919,0.4885057471264368,0,0,0,0,0.37888198757763974
capture_2020_05_06_13_35_00_1665,0,0.90960451977401124,0.5178571428571429,0.91354466858789629,0.46927374301675978,0.927027027027027,0.48275862068965519,0,0,0,0,0.37888198757763974
capture_2020_05_06_13_35_00_1666,0,0.90960451977401124,0.5178571428571429,0.91354466858789629,0.46927374301675978,0.927027027027027,0.48275862068965519,0,0,0,0,0.37888198757763974
capture_2020_05_06_13_35_00_1667,0,0.91807909604519777,0.42857142857142855,0.91354466858789629,0.46927374301675978,0.927027027027027,0.48275862068965519,0,0,0,0,0.44099378881987578
capture_2020_05_06_13_35_00_1668,0,0.91807909604519777,0.42857142857142855,0.9193083573487032,0.46927374301675978,0.93783783783783781,0.48275862068965519,0,0,0,0,0.44099378881987578
capture_2020_05_06_13_35_00_1669,0,0.92655367231638419,0.41666666666666669,0.9193083573487032,0.46927374301675978,0.93783783783783781,0.48275862068965519,0,0,0,0,0.50310559006211175
capture_2020_05_06_13_35_00_1670,0,0.940677966101695,0.39880952380952384,0.93948126801152743,0.45251396648044695,0.95675675675675675,0.47701149425287354,0,0,0,0,0.47826086956521741
capture_2020_05_06_13_35_00_1671,0,0.9463276836158192,0.41666666666666669,0.94524495677233433,0.45251396648044695,0.96486486486486489,0.47126436781609193,0,0,0,0,0.50310559006211175
capture_2020_05_06_13_35_00_1672,0,0.9576271186440678,0.41666666666666669,0.94524495677233433,0.45251396648044695,0.96486486486486489,0.47126436781609193,0,0,0,0,0.50310559006211175
capture_2020_05_06_13_35_00_1673,0,0.95480225988700562,0.40476190476190477,0.95677233429394815,0.45251396648044695,0.9756756756756757,0.47126436781609193,0,0,0,0,0.49068322981366458
capture_2020_05_06_13_35_00_1674,0,0.97175141242937857,0.45238095238095238,0.97406340057636887,0.45251396648044695,1,0.47126436781609193,0,0,0,0,0.40372670807453415
