,noFace,Face,,Left eye,,"Right eye ",,Left,Right,Up,Down,Face width:
Picture:,,"(x,",y),"(x,",y),"(x,",y)
capture_2020_04_17_11_39_49_7213,0,327,329,288,316,360,316,0,0,0,0,162
capture_2020_04_17_11_39_49_7214,0,327,329,288,316,360,316,0,0,0,0,162
capture_2020_04_17_11_39_49_7215,0,327,329,288,316,360,316,0,0,0,0,162
capture_2020_04_17_11_39_49_7216,0,327,329,288,316,360,316,0,0,0,0,162
capture_2020_04_17_11_39_49_7217,0,327,329,288,316,360,316,0,0,0,0,162
capture_2020_04_17_11_39_49_7218,0,327,329,288,316,360,316,0,0,0,0,162
capture_2020_04_17_11_39_49_7219,0,327,329,288,316,360,316,0,0,0,0,162
capture_2020_04_17_11_39_49_7220,0,330,322,288,316,360,316,0,0,0,0,160
capture_2020_04_17_11_39_49_7221,0,330,322,288,316,360,316,0,0,0,0,160
capture_2020_04_17_11_39_49_7222,0,330,322,288,316,360,316,0,0,0,0,160
capture_2020_04_17_11_39_49_7223,0,332,320,288,316,360,316,0,0,0,0,154
capture_2020_04_17_11_39_49_7224,0,336,318,288,316,360,316,0,0,0,0,154
capture_2020_04_17_11_39_49_7225,0,336,318,288,316,360,316,0,0,0,0,154
capture_2020_04_17_11_39_49_7226,0,341,315,304,304,380,304,0,0,0,0,154
capture_2020_04_17_11_39_49_7227,0,349,314,304,304,380,304,0,0,0,0,154
capture_2020_04_17_11_39_49_7228,0,352,317,316,304,384,304,0,0,0,0,148
capture_2020_04_17_11_39_49_7229,0,354,314,320,304,392,304,0,0,0,0,152
capture_2020_04_17_11_39_49_7230,0,354,320,320,304,392,304,0,0,0,0,152
capture_2020_04_17_11_39_49_7231,0,354,320,320,304,392,304,0,0,0,0,152
capture_2020_04_17_11_39_49_7232,0,357,316,320,304,392,304,0,0,0,0,152
capture_2020_04_17_11_39_49_7233,0,357,316,320,304,392,304,0,0,0,0,152
capture_2020_04_17_11_39_49_7234,0,357,316,320,304,392,304,0,0,0,0,152
capture_2020_04_17_11_39_49_7235,0,353,321,320,304,392,304,0,0,0,0,152
capture_2020_04_17_11_39_49_7236,0,353,321,320,304,392,304,0,0,0,0,152
capture_2020_04_17_11_39_49_7237,0,353,321,320,304,392,304,0,0,0,0,152
capture_2020_04_17_11_39_49_7238,0,350,324,320,304,392,304,0,0,0,0,146
capture_2020_04_17_11_39_49_7239,0,346,323,320,304,392,304,0,0,0,0,146
capture_2020_04_17_11_39_49_7240,0,344,324,320,304,392,304,0,0,0,0,146
capture_2020_04_17_11_39_49_7241,0,342,325,320,304,392,304,0,0,0,0,146
capture_2020_04_17_11_39_49_7242,0,340,321,304,318,376,318,0,0,0,0,144
capture_2020_04_17_11_39_49_7243,0,339,323,304,318,376,318,0,0,0,0,144
capture_2020_04_17_11_39_49_7244,0,339,323,304,318,376,318,0,0,0,0,144
capture_2020_04_17_11_39_49_7245,0,337,322,304,316,368,316,0,0,0,0,144
capture_2020_04_17_11_39_49_7246,0,338,318,304,316,368,316,0,0,0,0,144
capture_2020_04_17_11_39_49_7247,0,340,322,304,319,377,318,0,0,0,0,144
capture_2020_04_17_11_39_49_7248,0,343,326,304,320,378,319,0,0,0,0,144
capture_2020_04_17_11_39_49_7249,0,343,324,313,320,381,320,0,0,0,0,144
capture_2020_04_17_11_39_49_7250,0,346,322,313,320,381,320,0,0,0,0,144
capture_2020_04_17_11_39_49_7251,0,347,325,316,320,384,320,0,0,0,0,144
capture_2020_04_17_11_39_49_7252,0,348,323,317,320,384,320,0,0,0,0,144
capture_2020_04_17_11_39_49_7253,0,349,328,317,320,384,320,0,0,0,0,144
capture_2020_04_17_11_39_49_7254,0,363,346,317,320,384,320,0,0,0,0,159
capture_2020_04_17_11_39_49_7255,0,362,352,317,320,384,320,0,0,0,0,159
capture_2020_04_17_11_39_49_7256,0,356,327,317,320,384,320,0,0,0,0,144
capture_2020_04_17_11_39_49_7257,0,360,342,317,320,384,320,0,0,0,0,160
capture_2020_04_17_11_39_49_7258,0,355,332,317,320,384,320,0,0,0,0,144
capture_2020_04_17_11_39_49_7259,0,351,329,317,320,384,320,0,0,0,0,144
capture_2020_04_17_11_39_49_7260,0,357,340,316,320,383,320,0,0,0,0,160
capture_2020_04_17_11_39_49_7261,0,353,330,316,320,383,320,0,0,0,0,144
capture_2020_04_17_11_39_49_7262,0,361,336,316,320,383,320,0,0,0,0,160
capture_2020_04_17_11_39_49_7263,0,361,345,316,320,383,320,0,0,0,0,160
capture_2020_04_17_11_39_49_7264,0,360,329,316,320,383,320,0,0,0,0,160
capture_2020_04_17_11_39_49_7265,0,363,344,318,318,390,317,0,0,0,0,160
capture_2020_04_17_11_39_49_7266,0,363,341,318,318,390,317,0,0,0,0,160
capture_2020_04_17_11_39_49_7267,0,363,328,320,317,392,315,0,0,0,0,160
capture_2020_04_17_11_39_49_7268,0,364,329,320,317,392,315,0,0,0,0,160
capture_2020_04_17_11_39_49_7269,0,363,334,320,316,395,314,0,0,0,0,160
capture_2020_04_17_11_39_49_7270,0,368,327,320,316,395,314,0,0,0,0,160
capture_2020_04_17_11_39_49_7271,0,366,325,320,316,395,314,0,0,0,0,160
capture_2020_04_17_11_39_49_7272,0,368,323,320,313,400,314,0,0,0,0,160
capture_2020_04_17_11_39_49_7273,0,373,335,320,313,400,314,0,0,0,0,176
capture_2020_04_17_11_39_49_7274,0,371,330,320,311,400,311,0,0,0,0,176
capture_2020_04_17_11_39_49_7275,0,372,334,327,304,400,304,0,0,0,0,176
capture_2020_04_17_11_39_49_7276,0,371,340,320,304,400,304,0,0,0,0,176
capture_2020_04_17_11_39_49_7277,0,371,332,320,304,400,304,0,0,0,0,176
capture_2020_04_17_11_39_49_7278,0,369,333,320,303,400,304,0,0,0,0,176
capture_2020_04_17_11_39_49_7279,0,372,326,320,302,400,304,0,0,0,0,176
capture_2020_04_17_11_39_49_7280,0,368,320,320,300,400,302,0,0,0,0,176
capture_2020_04_17_11_39_49_7281,0,360,318,319,299,400,301,0,0,0,0,176
capture_2020_04_17_11_39_49_7282,0,360,308,316,298,398,300,0,0,0,0,176
capture_2020_04_17_11_39_49_7283,0,360,306,316,298,398,300,0,0,0,0,176
capture_2020_04_17_11_39_49_7284,0,363,317,316,298,398,300,0,0,0,0,189
capture_2020_04_17_11_39_49_7285,0,360,318,312,288,397,295,0,0,0,0,192
capture_2020_04_17_11_39_49_7286,0,354,298,312,288,397,295,0,0,0,0,176
capture_2020_04_17_11_39_49_7287,0,360,318,304,288,393,288,0,0,0,0,192
capture_2020_04_17_11_39_49_7288,0,357,304,304,288,392,288,0,0,0,0,192
capture_2020_04_17_11_39_49_7289,0,357,308,304,285,392,287,0,0,0,0,192
capture_2020_04_17_11_39_49_7290,0,357,302,300,283,391,283,0,0,0,0,192
capture_2020_04_17_11_39_49_7291,0,354,306,301,281,393,280,0,0,0,0,205
capture_2020_04_17_11_39_49_7292,0,358,308,301,272,395,272,0,0,0,0,208
capture_2020_04_17_11_39_49_7293,0,358,294,301,272,395,272,0,0,0,0,207
capture_2020_04_17_11_39_49_7294,0,357,286,301,271,397,271,0,0,0,0,207
capture_2020_04_17_11_39_49_7295,0,360,285,301,268,397,268,0,0,0,0,208
capture_2020_04_17_11_39_49_7296,0,358,289,303,264,400,265,0,0,0,0,221
capture_2020_04_17_11_39_49_7297,0,356,288,301,261,400,262,0,0,0,0,224
capture_2020_04_17_11_39_49_7298,0,361,281,301,256,400,256,0,0,0,0,223
capture_2020_04_17_11_39_49_7299,0,357,269,301,252,400,253,0,0,0,0,224
capture_2020_04_17_11_39_49_7300,0,359,268,299,247,405,248,0,0,0,0,224
capture_2020_04_17_11_39_49_7301,0,355,262,299,240,405,245,0,0,0,0,224
capture_2020_04_17_11_39_49_7302,0,361,261,299,238,405,240,0,0,0,0,238
capture_2020_04_17_11_39_49_7303,0,357,246,299,233,405,235,0,0,0,0,224
capture_2020_04_17_11_39_49_7304,0,360,251,295,224,405,229,0,0,0,0,240
capture_2020_04_17_11_39_49_7305,0,357,247,293,224,405,228,0,0,0,0,240
capture_2020_04_17_11_39_49_7306,0,355,245,293,224,405,228,0,0,0,0,240
capture_2020_04_17_11_39_49_7307,0,356,255,288,222,405,224,0,0,0,0,252
capture_2020_04_17_11_39_49_7308,0,354,250,288,219,404,220,0,0,0,0,254
capture_2020_04_17_11_39_49_7309,0,352,242,286,219,404,219,0,0,0,0,256
capture_2020_04_17_11_39_49_7310,0,347,235,286,219,404,219,0,0,0,0,256
capture_2020_04_17_11_39_49_7311,0,351,247,286,213,404,212,0,0,0,0,270
capture_2020_04_17_11_39_49_7312,0,357,241,286,213,404,212,0,0,0,0,270
capture_2020_04_17_11_39_49_7313,0,350,219,286,208,410,208,0,0,0,0,256
capture_2020_04_17_11_39_49_7314,0,353,255,286,208,410,208,0,0,0,0,272
capture_2020_04_17_11_39_49_7315,0,359,238,286,205,412,206,0,0,0,0,272
capture_2020_04_17_11_39_49_7316,0,359,229,288,204,414,204,0,0,0,0,272
capture_2020_04_17_11_39_49_7317,0,358,230,288,201,416,201,0,0,0,0,272
capture_2020_04_17_11_39_49_7318,0,358,232,288,201,416,201,0,0,0,0,272
capture_2020_04_17_11_39_49_7319,0,362,227,288,201,416,201,0,0,0,0,284
capture_2020_04_17_11_39_49_7320,0,359,228,288,201,416,201,0,0,0,0,288
capture_2020_04_17_11_39_49_7321,0,367,236,292,198,423,199,0,0,0,0,288
capture_2020_04_17_11_39_49_7322,0,361,225,292,198,423,199,0,0,0,0,288
capture_2020_04_17_11_39_49_7323,0,359,222,292,192,426,192,0,0,0,0,288
capture_2020_04_17_11_39_49_7324,0,361,218,288,192,425,192,0,0,0,0,288
capture_2020_04_17_11_39_49_7325,0,362,218,288,192,427,192,0,0,0,0,288
capture_2020_04_17_11_39_49_7326,0,364,234,288,188,427,189,0,0,0,0,303
capture_2020_04_17_11_39_49_7327,0,360,219,288,188,427,189,0,0,0,0,288
capture_2020_04_17_11_39_49_7328,0,361,218,288,188,427,189,0,0,0,0,288
capture_2020_04_17_11_39_49_7329,0,365,234,288,188,427,189,0,0,0,0,300
capture_2020_04_17_11_39_49_7330,0,366,236,288,188,427,189,0,0,0,0,304
capture_2020_04_17_11_39_49_7331,0,364,235,288,188,427,189,0,0,0,0,304
capture_2020_04_17_11_39_49_7332,0,361,222,287,187,426,188,0,0,0,0,288
capture_2020_04_17_11_39_49_7333,0,356,220,287,187,424,192,0,0,0,0,288
capture_2020_04_17_11_39_49_7334,0,360,228,284,190,422,192,0,0,0,0,299
capture_2020_04_17_11_39_49_7335,0,364,229,284,190,422,192,0,0,0,0,301
capture_2020_04_17_11_39_49_7336,0,356,218,284,190,422,192,0,0,0,0,288
capture_2020_04_17_11_39_49_7337,0,357,218,284,190,422,192,0,0,0,0,288
capture_2020_04_17_11_39_49_7338,0,359,223,284,190,422,192,0,0,0,0,285
capture_2020_04_17_11_39_49_7339,0,358,222,284,190,422,192,0,0,0,0,288
capture_2020_04_17_11_39_49_7340,0,360,217,284,190,422,192,0,0,0,0,288
capture_2020_04_17_11_39_49_7341,0,360,219,284,190,422,192,0,0,0,0,288
capture_2020_04_17_11_39_49_7342,0,364,229,283,189,421,191,0,0,0,0,272
capture_2020_04_17_11_39_49_7343,0,364,229,283,189,421,191,0,0,0,0,272
capture_2020_04_17_11_39_49_7344,0,360,229,283,189,421,191,0,0,0,0,272
capture_2020_04_17_11_39_49_7345,0,360,241,279,192,421,191,0,0,0,0,272
capture_2020_04_17_11_39_49_7346,0,360,241,279,192,421,191,0,0,0,0,272
capture_2020_04_17_11_39_49_7347,0,360,241,279,192,421,191,0,0,0,0,272
capture_2020_04_17_11_39_49_7348,0,360,241,279,192,421,191,0,0,0,0,272
capture_2020_04_17_11_39_49_7349,0,363,237,279,192,421,191,0,0,0,0,272
capture_2020_04_17_11_39_49_7350,0,363,237,278,196,415,195,0,0,0,0,272
capture_2020_04_17_11_39_49_7351,0,360,237,278,196,415,195,0,0,0,0,272
capture_2020_04_17_11_39_49_7352,0,360,237,278,196,415,195,0,0,0,0,272
capture_2020_04_17_11_39_49_7353,0,348,233,276,198,415,195,0,0,0,0,256
capture_2020_04_17_11_39_49_7354,0,348,233,276,198,415,195,0,0,0,0,256
capture_2020_04_17_11_39_49_7355,0,348,233,276,198,415,195,0,0,0,0,256
capture_2020_04_17_11_39_49_7356,0,348,233,276,198,415,195,0,0,0,0,256
capture_2020_04_17_11_39_49_7357,0,348,233,267,200,402,195,0,0,0,0,256
capture_2020_04_17_11_39_49_7358,0,348,233,267,200,402,195,0,0,0,0,256
capture_2020_04_17_11_39_49_7359,0,348,233,267,200,402,195,0,0,0,0,256
capture_2020_04_17_11_39_49_7360,0,348,233,267,200,402,195,0,0,0,0,256
capture_2020_04_17_11_39_49_7361,0,348,233,267,200,402,195,0,0,0,0,256
capture_2020_04_17_11_39_49_7362,0,348,233,267,200,402,195,0,0,0,0,256
capture_2020_04_17_11_39_49_7363,0,348,233,267,200,402,195,0,0,0,0,256
capture_2020_04_17_11_39_49_7364,0,348,233,267,200,402,195,0,0,0,0,256
capture_2020_04_17_11_39_49_7365,0,348,233,272,200,408,195,0,0,0,0,256
capture_2020_04_17_11_39_49_7366,0,348,233,276,200,410,195,0,0,0,0,256
capture_2020_04_17_11_39_49_7367,0,348,233,276,200,410,195,0,0,0,0,256
capture_2020_04_17_11_39_49_7368,0,348,233,276,200,410,195,0,0,0,0,256
capture_2020_04_17_11_39_49_7369,0,352,228,281,200,414,195,0,0,0,0,256
capture_2020_04_17_11_39_49_7370,0,352,228,281,200,414,195,0,0,0,0,256
capture_2020_04_17_11_39_49_7371,0,352,228,281,200,414,195,0,0,0,0,256
capture_2020_04_17_11_39_49_7372,0,352,228,284,200,416,195,0,0,0,0,256
capture_2020_04_17_11_39_49_7373,0,352,228,288,200,419,195,0,0,0,0,256
capture_2020_04_17_11_39_49_7374,0,352,228,288,200,419,195,0,0,0,0,256
capture_2020_04_17_11_39_49_7375,0,352,228,288,200,419,195,0,0,0,0,256
capture_2020_04_17_11_39_49_7376,0,357,228,288,200,419,195,0,0,0,0,256
capture_2020_04_17_11_39_49_7377,0,357,228,288,200,419,195,0,0,0,0,256
capture_2020_04_17_11_39_49_7378,0,357,228,288,200,419,195,0,0,0,0,256
capture_2020_04_17_11_39_49_7379,0,357,228,288,200,419,195,0,0,0,0,256
capture_2020_04_17_11_39_49_7380,0,357,228,288,200,419,195,0,0,0,0,256
capture_2020_04_17_11_39_49_7381,0,357,228,288,200,419,195,0,0,0,0,256
capture_2020_04_17_11_39_49_7382,0,357,228,288,200,419,195,0,0,0,0,256
capture_2020_04_17_11_39_49_7383,0,357,228,288,200,419,195,0,0,0,0,256
capture_2020_04_17_11_39_49_7384,0,357,228,288,200,419,195,0,0,0,0,256
capture_2020_04_17_11_39_49_7385,0,357,228,288,200,419,195,0,0,0,0,256
capture_2020_04_17_11_39_49_7386,0,357,228,288,200,419,195,0,0,0,0,256
capture_2020_04_17_11_39_49_7387,0,357,228,288,200,419,195,0,0,0,0,256
capture_2020_04_17_11_39_49_7388,0,357,228,288,200,419,195,0,0,0,0,256
capture_2020_04_17_11_39_49_7389,0,357,228,288,200,419,195,0,0,0,0,256
capture_2020_04_17_11_39_49_7390,0,357,228,288,200,419,195,0,0,0,0,256
capture_2020_04_17_11_39_49_7391,0,357,228,288,200,419,195,0,0,0,0,256
capture_2020_04_17_11_39_49_7392,0,357,228,288,200,419,195,0,0,0,0,256
capture_2020_04_17_11_39_49_7393,0,357,228,288,200,419,195,0,0,0,0,256
capture_2020_04_17_11_39_49_7394,0,357,228,288,200,423,198,0,0,0,0,256
capture_2020_04_17_11_39_49_7395,0,357,228,288,200,423,198,0,0,0,0,256
capture_2020_04_17_11_39_49_7396,0,360,228,288,200,423,198,0,0,0,0,256
capture_2020_04_17_11_39_49_7397,0,360,228,288,200,423,198,0,0,0,0,256
capture_2020_04_17_11_39_49_7398,0,360,228,288,200,423,198,0,0,0,0,256
capture_2020_04_17_11_39_49_7399,0,360,228,288,200,423,198,0,0,0,0,256
capture_2020_04_17_11_39_49_7400,0,360,228,288,200,423,198,0,0,0,0,256
capture_2020_04_17_11_39_49_7401,0,360,228,288,200,423,198,0,0,0,0,256
capture_2020_04_17_11_39_49_7402,0,360,228,288,200,423,198,0,0,0,0,256
capture_2020_04_17_11_39_49_7403,0,360,228,288,200,423,198,0,0,0,0,256
capture_2020_04_17_11_39_49_7404,0,360,228,288,200,423,198,0,0,0,0,256
capture_2020_04_17_11_39_49_7405,0,361,228,288,200,423,198,0,0,0,0,256
capture_2020_04_17_11_39_49_7406,0,361,228,288,200,423,198,0,0,0,0,256
capture_2020_04_17_11_39_49_7407,0,361,228,288,200,423,198,0,0,0,0,256
capture_2020_04_17_11_39_49_7408,0,361,228,288,200,423,198,0,0,0,0,256
capture_2020_04_17_11_39_49_7409,0,361,228,288,200,423,198,0,0,0,0,256
capture_2020_04_17_11_39_49_7410,0,361,228,288,200,423,198,0,0,0,0,256
capture_2020_04_17_11_39_49_7411,0,361,228,288,200,423,198,0,0,0,0,256
capture_2020_04_17_11_39_49_7412,0,361,228,288,200,423,198,0,0,0,0,256
capture_2020_04_17_11_39_49_7413,0,361,228,288,200,423,198,0,0,0,0,256
capture_2020_04_17_11_39_49_7414,0,361,228,288,200,423,198,0,0,0,0,256
capture_2020_04_17_11_39_49_7415,0,361,228,288,200,423,198,0,0,0,0,256
capture_2020_04_17_11_39_49_7416,0,361,228,288,200,423,198,0,0,0,0,256
capture_2020_04_17_11_39_49_7417,0,361,228,288,200,423,198,0,0,0,0,256
capture_2020_04_17_11_39_49_7418,0,361,228,288,200,423,198,0,0,0,0,256
capture_2020_04_17_11_39_49_7419,0,361,228,288,200,423,198,0,0,0,0,256
capture_2020_04_17_11_39_49_7420,0,361,228,288,200,423,198,0,0,0,0,256
capture_2020_04_17_11_39_49_7421,0,361,228,288,200,423,198,0,0,0,0,256
capture_2020_04_17_11_39_49_7422,0,361,228,288,200,423,198,0,0,0,0,256
capture_2020_04_17_11_39_49_7423,0,361,228,288,200,423,198,0,0,0,0,256
capture_2020_04_17_11_39_49_7424,0,361,228,288,200,423,198,0,0,0,0,256
capture_2020_04_17_11_39_49_7425,0,361,228,288,197,423,195,0,0,0,0,256
capture_2020_04_17_11_39_49_7426,0,361,228,288,197,423,195,0,0,0,0,256
capture_2020_04_17_11_39_49_7427,0,361,228,288,194,423,192,0,0,0,0,256
capture_2020_04_17_11_39_49_7428,0,361,228,288,194,423,192,0,0,0,0,256
capture_2020_04_17_11_39_49_7429,0,361,228,288,192,423,191,0,0,0,0,256
capture_2020_04_17_11_39_49_7430,0,361,228,288,192,423,191,0,0,0,0,256
capture_2020_04_17_11_39_49_7431,0,361,228,288,192,423,191,0,0,0,0,256
capture_2020_04_17_11_39_49_7432,0,361,228,288,192,423,191,0,0,0,0,256
capture_2020_04_17_11_39_49_7433,0,361,228,288,192,423,191,0,0,0,0,256
capture_2020_04_17_11_39_49_7434,0,362,233,288,192,423,191,0,0,0,0,256
capture_2020_04_17_11_39_49_7435,0,362,233,288,192,423,191,0,0,0,0,256
capture_2020_04_17_11_39_49_7436,0,362,233,288,192,423,191,0,0,0,0,256
capture_2020_04_17_11_39_49_7437,0,362,233,288,192,423,191,0,0,0,0,256
capture_2020_04_17_11_39_49_7438,0,362,233,288,192,423,191,0,0,0,0,256
capture_2020_04_17_11_39_49_7439,0,362,233,288,192,423,191,0,0,0,0,256
capture_2020_04_17_11_39_49_7440,0,362,233,288,192,423,191,0,0,0,0,256
capture_2020_04_17_11_39_49_7441,0,362,233,288,192,423,191,0,0,0,0,256
capture_2020_04_17_11_39_49_7442,0,362,233,288,192,423,191,0,0,0,0,256
capture_2020_04_17_11_39_49_7443,0,362,233,288,192,423,191,0,0,0,0,256
capture_2020_04_17_11_39_49_7444,0,362,233,288,192,423,191,0,0,0,0,256
capture_2020_04_17_11_39_49_7445,0,362,233,288,192,423,191,0,0,0,0,256
capture_2020_04_17_11_39_49_7446,0,362,233,288,192,423,191,0,0,0,0,256
capture_2020_04_17_11_39_49_7447,0,362,233,288,192,423,191,0,0,0,0,256
capture_2020_04_17_11_39_49_7448,0,362,233,288,192,423,191,0,0,0,0,256
capture_2020_04_17_11_39_49_7449,0,362,233,288,192,423,191,0,0,0,0,256
capture_2020_04_17_11_39_49_7450,0,362,233,288,192,423,191,0,0,0,0,256
capture_2020_04_17_11_39_49_7451,0,362,233,288,192,423,191,0,0,0,0,256
capture_2020_04_17_11_39_49_7452,0,362,233,288,192,423,191,0,0,0,0,256
capture_2020_04_17_11_39_49_7453,0,362,233,288,192,423,191,0,0,0,0,256
capture_2020_04_17_11_39_49_7454,0,362,233,288,192,423,191,0,0,0,0,256
capture_2020_04_17_11_39_49_7455,0,362,233,288,195,428,195,0,0,0,0,256
capture_2020_04_17_11_39_49_7456,0,362,233,288,195,428,195,0,0,0,0,256
capture_2020_04_17_11_39_49_7457,0,362,233,288,195,428,195,0,0,0,0,256
capture_2020_04_17_11_39_49_7458,0,362,233,288,195,428,195,0,0,0,0,256
capture_2020_04_17_11_39_49_7459,0,362,233,288,195,428,195,0,0,0,0,256
capture_2020_04_17_11_39_49_7460,0,362,233,288,195,428,195,0,0,0,0,256
capture_2020_04_17_11_39_49_7461,0,362,233,288,195,428,195,0,0,0,0,256
capture_2020_04_17_11_39_49_7462,0,362,233,288,195,428,195,0,0,0,0,256
capture_2020_04_17_11_39_49_7463,0,362,233,288,195,428,195,0,0,0,0,256
capture_2020_04_17_11_39_49_7464,0,362,233,288,195,428,195,0,0,0,0,256
capture_2020_04_17_11_39_49_7465,0,362,233,288,195,428,195,0,0,0,0,256
capture_2020_04_17_11_39_49_7466,0,362,233,288,195,428,195,0,0,0,0,256
capture_2020_04_17_11_39_49_7467,0,362,233,288,195,428,195,0,0,0,0,256
capture_2020_04_17_11_39_49_7468,0,362,233,288,195,428,195,0,0,0,0,256
capture_2020_04_17_11_39_49_7469,0,362,233,288,195,428,195,0,0,0,0,256
capture_2020_04_17_11_39_49_7470,0,362,233,288,195,428,195,0,0,0,0,256
capture_2020_04_17_11_39_49_7471,0,362,233,288,195,428,195,0,0,0,0,256
capture_2020_04_17_11_39_49_7472,0,362,233,288,195,428,195,0,0,0,0,256
capture_2020_04_17_11_39_49_7473,0,362,233,288,195,428,195,0,0,0,0,256
capture_2020_04_17_11_39_49_7474,0,362,233,288,195,428,195,0,0,0,0,256
capture_2020_04_17_11_39_49_7475,0,362,233,288,195,428,195,0,0,0,0,256
capture_2020_04_17_11_39_49_7476,0,362,233,288,195,428,195,0,0,0,0,256
capture_2020_04_17_11_39_49_7477,0,362,233,288,195,428,195,0,0,0,0,256
capture_2020_04_17_11_39_49_7478,0,362,233,288,195,428,195,0,0,0,0,256
capture_2020_04_17_11_39_49_7479,0,362,233,288,195,428,195,0,0,0,0,256
capture_2020_04_17_11_39_49_7480,0,362,233,288,195,428,195,0,0,0,0,256
capture_2020_04_17_11_39_49_7481,0,362,233,288,195,428,195,0,0,0,0,256
capture_2020_04_17_11_39_49_7482,0,362,233,288,195,428,195,0,0,0,0,256
capture_2020_04_17_11_39_49_7483,0,362,233,288,195,428,195,0,0,0,0,256
capture_2020_04_17_11_39_49_7484,0,362,233,288,195,428,195,0,0,0,0,256
capture_2020_04_17_11_39_49_7485,0,362,233,288,195,428,195,0,0,0,0,256
capture_2020_04_17_11_39_49_7486,0,362,233,288,195,428,195,0,0,0,0,256
capture_2020_04_17_11_39_49_7487,0,362,233,293,201,429,201,0,0,0,0,256
capture_2020_04_17_11_39_49_7488,0,362,233,293,201,429,201,0,0,0,0,256
capture_2020_04_17_11_39_49_7489,0,362,233,293,201,429,201,0,0,0,0,256
capture_2020_04_17_11_39_49_7490,0,362,233,293,201,429,201,0,0,0,0,256
capture_2020_04_17_11_39_49_7491,0,362,233,293,201,429,201,0,0,0,0,256
capture_2020_04_17_11_39_49_7492,0,362,233,293,201,429,201,0,0,0,0,256
capture_2020_04_17_11_39_49_7493,0,362,233,293,201,429,201,0,0,0,0,256
capture_2020_04_17_11_39_49_7494,0,358,231,293,201,423,201,0,0,0,0,240
capture_2020_04_17_11_39_49_7495,0,358,231,293,201,423,201,0,0,0,0,240
capture_2020_04_17_11_39_49_7496,0,353,231,288,201,419,201,0,0,0,0,240
capture_2020_04_17_11_39_49_7497,0,353,231,286,201,416,201,0,0,0,0,240
capture_2020_04_17_11_39_49_7498,0,353,231,286,206,413,205,0,0,0,0,240
capture_2020_04_17_11_39_49_7499,0,352,261,286,213,409,210,0,0,0,0,224
capture_2020_04_17_11_39_49_7500,0,352,261,286,215,409,215,0,0,0,0,224
capture_2020_04_17_11_39_49_7501,0,352,261,286,223,409,221,0,0,0,0,224
capture_2020_04_17_11_39_49_7502,0,352,261,286,226,409,224,0,0,0,0,224
capture_2020_04_17_11_39_49_7503,0,357,266,293,231,410,227,0,0,0,0,224
capture_2020_04_17_11_39_49_7504,0,357,266,293,234,409,233,0,0,0,0,224
capture_2020_04_17_11_39_49_7505,0,357,280,293,242,409,240,0,0,0,0,208
capture_2020_04_17_11_39_49_7506,0,359,280,297,244,409,243,0,0,0,0,208
capture_2020_04_17_11_39_49_7507,0,359,280,297,246,409,246,0,0,0,0,208
capture_2020_04_17_11_39_49_7508,0,359,280,300,253,406,250,0,0,0,0,208
capture_2020_04_17_11_39_49_7509,0,362,292,302,256,404,254,0,0,0,0,192
capture_2020_04_17_11_39_49_7510,0,362,292,302,259,404,256,0,0,0,0,192
capture_2020_04_17_11_39_49_7511,0,363,292,302,263,407,259,0,0,0,0,192
capture_2020_04_17_11_39_49_7512,0,363,292,302,263,407,259,0,0,0,0,192
capture_2020_04_17_11_39_49_7513,0,364,302,310,269,412,267,0,0,0,0,176
capture_2020_04_17_11_39_49_7514,0,367,302,315,276,412,272,0,0,0,0,176
capture_2020_04_17_11_39_49_7515,0,367,302,315,280,410,277,0,0,0,0,176
capture_2020_04_17_11_39_49_7516,0,370,306,318,282,410,281,0,0,0,0,176
capture_2020_04_17_11_39_49_7517,0,373,313,323,288,412,285,0,0,0,0,176
capture_2020_04_17_11_39_49_7518,0,373,313,323,290,412,286,0,0,0,0,176
capture_2020_04_17_11_39_49_7519,0,381,332,327,292,412,288,0,0,0,0,176
capture_2020_04_17_11_39_49_7520,0,383,332,330,298,416,295,0,0,0,0,176
capture_2020_04_17_11_39_49_7521,0,388,335,333,300,416,297,0,0,0,0,176
capture_2020_04_17_11_39_49_7522,0,391,342,335,303,416,299,0,0,0,0,176
capture_2020_04_17_11_39_49_7523,0,391,342,336,304,418,303,0,0,0,0,176
capture_2020_04_17_11_39_49_7524,0,390,341,339,308,420,304,0,0,0,0,160
capture_2020_04_17_11_39_49_7525,0,389,337,345,312,425,308,0,0,0,0,144
capture_2020_04_17_11_39_49_7526,0,392,336,348,313,425,309,0,0,0,0,144
capture_2020_04_17_11_39_49_7527,0,392,336,351,314,429,311,0,0,0,0,144
capture_2020_04_17_11_39_49_7528,0,395,336,352,314,430,311,0,0,0,0,144
capture_2020_04_17_11_39_49_7529,0,401,336,357,316,432,314,0,0,0,0,144
capture_2020_04_17_11_39_49_7530,0,404,334,360,317,434,316,0,0,0,0,144
capture_2020_04_17_11_39_49_7531,0,406,335,363,320,439,316,0,0,0,0,144
capture_2020_04_17_11_39_49_7532,0,408,335,363,320,439,316,0,0,0,0,144
capture_2020_04_17_11_39_49_7533,0,417,348,371,322,446,320,0,0,0,0,144
capture_2020_04_17_11_39_49_7534,0,417,348,371,322,446,320,0,0,0,0,144
capture_2020_04_17_11_39_49_7535,0,427,354,380,326,454,323,0,0,0,0,144
capture_2020_04_17_11_39_49_7536,0,431,357,384,326,455,323,0,0,0,0,144
capture_2020_04_17_11_39_49_7537,0,433,359,388,328,458,324,0,0,0,0,144
capture_2020_04_17_11_39_49_7538,0,440,359,396,329,464,327,0,0,0,0,144
capture_2020_04_17_11_39_49_7539,0,444,359,398,330,468,327,0,0,0,0,144
capture_2020_04_17_11_39_49_7540,0,447,359,400,330,472,328,0,0,0,0,144
capture_2020_04_17_11_39_49_7541,0,449,359,404,330,473,328,0,0,0,0,144
capture_2020_04_17_11_39_49_7542,0,456,359,410,333,479,330,0,0,0,0,144
capture_2020_04_17_11_39_49_7543,0,456,359,412,333,480,330,0,0,0,0,144
capture_2020_04_17_11_39_49_7544,0,454,351,416,333,483,332,0,0,0,0,128
capture_2020_04_17_11_39_49_7545,0,456,354,418,333,485,332,0,0,0,0,128
capture_2020_04_17_11_39_49_7546,0,460,354,420,335,489,334,0,0,0,0,128
capture_2020_04_17_11_39_49_7547,0,460,354,420,335,489,334,0,0,0,0,128
capture_2020_04_17_11_39_49_7548,0,460,354,420,335,489,334,0,0,0,0,128
capture_2020_04_17_11_39_49_7549,0,464,354,423,335,490,334,0,0,0,0,128
capture_2020_04_17_11_39_49_7550,0,464,354,425,336,490,334,0,0,0,0,128
capture_2020_04_17_11_39_49_7551,0,464,354,425,336,490,334,0,0,0,0,128
capture_2020_04_17_11_39_49_7552,0,464,354,425,336,490,334,0,0,0,0,128
capture_2020_04_17_11_39_49_7553,0,464,354,425,336,490,334,0,0,0,0,128
capture_2020_04_17_11_39_49_7554,0,464,354,425,336,490,334,0,0,0,0,128
capture_2020_04_17_11_39_49_7555,0,455,354,416,336,487,335,0,0,0,0,128
capture_2020_04_17_11_39_49_7556,0,455,358,413,335,480,332,0,0,0,0,128
capture_2020_04_17_11_39_49_7557,0,450,358,410,335,478,332,0,0,0,0,128
capture_2020_04_17_11_39_49_7558,0,445,358,405,335,474,332,0,0,0,0,128
capture_2020_04_17_11_39_49_7559,0,431,358,392,335,460,330,0,0,0,0,128
capture_2020_04_17_11_39_49_7560,0,423,358,384,335,451,329,0,0,0,0,128
capture_2020_04_17_11_39_49_7561,0,407,358,370,335,436,329,0,0,0,0,128
capture_2020_04_17_11_39_49_7562,0,400,358,364,335,429,329,0,0,0,0,128
capture_2020_04_17_11_39_49_7563,0,382,358,348,336,415,328,0,0,0,0,128
capture_2020_04_17_11_39_49_7564,0,379,365,339,339,407,328,0,0,0,0,128
capture_2020_04_17_11_39_49_7565,0,364,371,326,339,393,328,0,0,0,0,128
capture_2020_04_17_11_39_49_7566,0,364,371,326,339,393,328,0,0,0,0,128
capture_2020_04_17_11_39_49_7567,0,355,367,318,339,387,328,0,0,0,0,128
capture_2020_04_17_11_39_49_7568,0,349,367,311,339,377,328,0,0,0,0,128
capture_2020_04_17_11_39_49_7569,0,336,367,302,339,368,328,0,0,0,0,128
capture_2020_04_17_11_39_49_7570,0,333,368,297,339,364,328,0,0,0,0,128
capture_2020_04_17_11_39_49_7571,0,327,368,291,339,361,328,0,0,0,0,128
capture_2020_04_17_11_39_49_7572,0,325,368,288,341,359,328,0,0,0,0,128
capture_2020_04_17_11_39_49_7573,0,317,350,279,341,349,328,0,0,0,0,128
capture_2020_04_17_11_39_49_7574,0,313,350,275,341,345,326,0,0,0,0,128
capture_2020_04_17_11_39_49_7575,0,306,350,272,341,339,326,0,0,0,0,128
capture_2020_04_17_11_39_49_7576,0,301,350,267,336,334,325,0,0,0,0,128
capture_2020_04_17_11_39_49_7577,0,298,350,261,336,332,323,0,0,0,0,128
capture_2020_04_17_11_39_49_7578,0,291,350,254,336,326,320,0,0,0,0,128
capture_2020_04_17_11_39_49_7579,0,291,350,254,336,326,320,0,0,0,0,128
capture_2020_04_17_11_39_49_7580,0,289,355,252,334,320,317,0,0,0,0,144
capture_2020_04_17_11_39_49_7581,0,280,355,245,330,315,316,0,0,0,0,144
capture_2020_04_17_11_39_49_7582,0,278,355,238,330,311,316,0,0,0,0,144
capture_2020_04_17_11_39_49_7583,0,280,355,238,330,311,316,0,0,0,0,144
capture_2020_04_17_11_39_49_7584,0,273,355,233,330,306,316,0,0,0,0,144
capture_2020_04_17_11_39_49_7585,0,273,355,233,330,306,316,0,0,0,0,144
capture_2020_04_17_11_39_49_7586,0,273,355,233,330,303,316,0,0,0,0,144
capture_2020_04_17_11_39_49_7587,0,273,355,233,330,303,316,0,0,0,0,144
capture_2020_04_17_11_39_49_7588,0,268,355,224,330,303,316,0,0,0,0,144
capture_2020_04_17_11_39_49_7589,0,264,355,226,330,298,320,0,0,0,0,144
capture_2020_04_17_11_39_49_7590,0,264,355,226,330,298,320,0,0,0,0,144
capture_2020_04_17_11_39_49_7591,0,264,355,226,330,298,320,0,0,0,0,144
capture_2020_04_17_11_39_49_7592,0,264,355,226,330,298,320,0,0,0,0,144
capture_2020_04_17_11_39_49_7593,0,264,355,226,330,298,320,0,0,0,0,144
capture_2020_04_17_11_39_49_7594,0,264,355,224,332,293,325,0,0,0,0,144
capture_2020_04_17_11_39_49_7595,0,256,343,224,332,293,325,0,0,0,0,128
capture_2020_04_17_11_39_49_7596,0,261,343,224,332,293,325,0,0,0,0,128
capture_2020_04_17_11_39_49_7597,0,258,343,222,334,288,329,0,0,0,0,128
capture_2020_04_17_11_39_49_7598,0,256,343,222,336,288,332,0,0,0,0,128
capture_2020_04_17_11_39_49_7599,0,250,347,218,339,284,333,0,0,0,0,128
capture_2020_04_17_11_39_49_7600,0,250,359,213,344,284,339,0,0,0,0,128
capture_2020_04_17_11_39_49_7601,0,246,359,211,344,277,339,0,0,0,0,128
capture_2020_04_17_11_39_49_7602,0,246,359,211,344,277,339,0,0,0,0,128
capture_2020_04_17_11_39_49_7603,0,240,359,207,344,272,341,0,0,0,0,128
capture_2020_04_17_11_39_49_7604,0,240,374,202,346,267,344,0,0,0,0,128
capture_2020_04_17_11_39_49_7605,0,238,374,199,348,264,345,0,0,0,0,128
capture_2020_04_17_11_39_49_7606,0,231,376,194,350,258,348,0,0,0,0,128
capture_2020_04_17_11_39_49_7607,0,231,376,194,350,258,348,0,0,0,0,128
capture_2020_04_17_11_39_49_7608,0,224,382,188,352,252,352,0,0,0,0,128
capture_2020_04_17_11_39_49_7609,0,219,384,184,358,248,352,0,0,0,0,128
capture_2020_04_17_11_39_49_7610,0,217,384,181,358,243,355,0,0,0,0,128
capture_2020_04_17_11_39_49_7611,0,214,386,178,358,243,355,0,0,0,0,128
capture_2020_04_17_11_39_49_7612,0,211,386,176,358,240,355,0,0,0,0,128
capture_2020_04_17_11_39_49_7613,0,208,391,176,361,237,358,0,0,0,0,128
capture_2020_04_17_11_39_49_7614,0,208,391,176,361,237,358,0,0,0,0,128
capture_2020_04_17_11_39_49_7615,0,204,391,170,365,233,361,0,0,0,0,128
capture_2020_04_17_11_39_49_7616,0,203,391,170,365,230,361,0,0,0,0,128
capture_2020_04_17_11_39_49_7617,0,202,391,167,365,229,361,0,0,0,0,128
capture_2020_04_17_11_39_49_7618,0,202,391,167,365,229,361,0,0,0,0,128
capture_2020_04_17_11_39_49_7619,0,202,391,167,363,229,358,0,0,0,0,128
capture_2020_04_17_11_39_49_7620,0,201,391,163,363,229,356,0,0,0,0,128
capture_2020_04_17_11_39_49_7621,0,201,391,163,363,229,356,0,0,0,0,128
capture_2020_04_17_11_39_49_7622,0,201,391,163,363,229,356,0,0,0,0,128
capture_2020_04_17_11_39_49_7623,0,205,380,163,363,229,356,0,0,0,0,128
capture_2020_04_17_11_39_49_7624,0,206,380,169,360,229,356,0,0,0,0,128
capture_2020_04_17_11_39_49_7625,0,206,371,169,352,234,352,0,0,0,0,128
capture_2020_04_17_11_39_49_7626,0,206,371,169,352,234,352,0,0,0,0,128
capture_2020_04_17_11_39_49_7627,0,208,371,169,350,238,350,0,0,0,0,128
capture_2020_04_17_11_39_49_7628,0,212,367,169,345,238,340,0,0,0,0,144
capture_2020_04_17_11_39_49_7629,0,206,357,172,341,240,336,0,0,0,0,144
capture_2020_04_17_11_39_49_7630,0,214,355,175,330,249,327,0,0,0,0,144
capture_2020_04_17_11_39_49_7631,0,216,348,175,327,249,323,0,0,0,0,144
capture_2020_04_17_11_39_49_7632,0,219,348,176,324,252,323,0,0,0,0,144
capture_2020_04_17_11_39_49_7633,0,223,348,183,320,258,318,0,0,0,0,144
capture_2020_04_17_11_39_49_7634,0,231,332,190,317,271,317,0,0,0,0,144
capture_2020_04_17_11_39_49_7635,0,236,328,197,317,278,317,0,0,0,0,144
capture_2020_04_17_11_39_49_7636,0,254,331,206,320,293,323,0,0,0,0,160
capture_2020_04_17_11_39_49_7637,0,260,331,211,320,298,323,0,0,0,0,160
capture_2020_04_17_11_39_49_7638,0,271,342,221,320,309,323,0,0,0,0,160
capture_2020_04_17_11_39_49_7639,0,283,355,231,323,322,329,0,0,0,0,176
capture_2020_04_17_11_39_49_7640,0,290,355,236,323,330,329,0,0,0,0,176
capture_2020_04_17_11_39_49_7641,0,309,362,255,326,348,335,0,0,0,0,176
capture_2020_04_17_11_39_49_7642,0,317,349,261,328,361,338,0,0,0,0,192
capture_2020_04_17_11_39_49_7643,0,325,341,268,328,362,338,0,0,0,0,192
capture_2020_04_17_11_39_49_7644,0,329,341,272,328,371,338,0,0,0,0,192
capture_2020_04_17_11_39_49_7645,0,333,341,272,323,374,334,0,0,0,0,192
capture_2020_04_17_11_39_49_7646,0,334,341,274,322,377,334,0,0,0,0,192
capture_2020_04_17_11_39_49_7647,0,334,341,278,318,384,332,0,0,0,0,192
capture_2020_04_17_11_39_49_7648,0,334,341,278,318,384,332,0,0,0,0,192
capture_2020_04_17_11_39_49_7649,0,333,341,278,318,384,327,0,0,0,0,192
capture_2020_04_17_11_39_49_7650,0,333,341,278,314,384,325,0,0,0,0,192
capture_2020_04_17_11_39_49_7651,0,329,334,272,313,380,322,0,0,0,0,192
capture_2020_04_17_11_39_49_7652,0,335,352,272,307,380,316,0,0,0,0,208
capture_2020_04_17_11_39_49_7653,0,335,352,272,307,380,316,0,0,0,0,208
capture_2020_04_17_11_39_49_7654,0,335,330,270,303,377,314,0,0,0,0,208
capture_2020_04_17_11_39_49_7655,0,333,327,270,303,377,311,0,0,0,0,208
capture_2020_04_17_11_39_49_7656,0,333,327,270,298,379,309,0,0,0,0,208
capture_2020_04_17_11_39_49_7657,0,326,325,267,296,379,304,0,0,0,0,208
capture_2020_04_17_11_39_49_7658,0,326,318,267,294,379,304,0,0,0,0,208
capture_2020_04_17_11_39_49_7659,0,327,316,267,294,379,304,0,0,0,0,224
capture_2020_04_17_11_39_49_7660,0,331,316,268,291,384,300,0,0,0,0,224
capture_2020_04_17_11_39_49_7661,0,347,332,280,296,403,307,0,0,0,0,240
capture_2020_04_17_11_39_49_7662,0,355,341,283,296,419,308,0,0,0,0,256
capture_2020_04_17_11_39_49_7663,0,361,341,283,296,425,308,0,0,0,0,256
capture_2020_04_17_11_39_49_7664,0,375,359,288,303,435,314,0,0,0,1,288
capture_2020_04_17_11_39_49_7665,0,381,359,293,307,442,319,0,0,0,1,288
capture_2020_04_17_11_39_49_7666,0,381,359,293,307,442,319,0,0,0,1,288
capture_2020_04_17_11_39_49_7667,0,381,384,293,307,453,319,0,0,0,1,288
capture_2020_04_17_11_39_49_7668,0,381,384,299,303,457,315,0,0,0,1,288
capture_2020_04_17_11_39_49_7669,0,384,354,299,288,457,301,0,0,0,1,288
capture_2020_04_17_11_39_49_7670,0,386,354,299,274,457,288,0,0,0,1,288
capture_2020_04_17_11_39_49_7671,0,386,276,299,268,457,283,0,0,0,1,288
capture_2020_04_17_11_39_49_7672,0,379,266,299,256,457,271,0,0,0,1,288
capture_2020_04_17_11_39_49_7673,0,379,266,299,247,453,260,0,0,0,0,288
capture_2020_04_17_11_39_49_7674,0,375,266,293,238,450,250,0,0,0,0,288
capture_2020_04_17_11_39_49_7675,0,375,266,293,238,450,250,0,0,0,0,288
capture_2020_04_17_11_39_49_7676,0,375,266,293,238,450,250,0,0,0,0,288
capture_2020_04_17_11_39_49_7677,0,367,260,285,228,437,240,0,0,0,0,288
capture_2020_04_17_11_39_49_7678,0,367,262,285,228,435,235,0,0,0,0,288
capture_2020_04_17_11_39_49_7679,0,361,258,281,224,434,232,0,0,0,0,288
capture_2020_04_17_11_39_49_7680,0,364,261,281,224,430,229,0,0,0,0,288
capture_2020_04_17_11_39_49_7681,0,356,245,281,224,427,227,0,0,0,0,272
capture_2020_04_17_11_39_49_7682,0,356,245,281,224,422,223,0,0,0,0,272
capture_2020_04_17_11_39_49_7683,0,356,245,281,218,420,219,0,0,0,0,272
capture_2020_04_17_11_39_49_7684,0,356,245,281,218,420,217,0,0,0,0,272
capture_2020_04_17_11_39_49_7685,0,361,263,281,218,420,217,0,0,0,0,256
capture_2020_04_17_11_39_49_7686,0,368,238,281,218,420,217,0,0,0,0,256
capture_2020_04_17_11_39_49_7687,0,365,246,298,213,423,213,0,0,0,0,240
capture_2020_04_17_11_39_49_7688,0,368,246,298,213,423,213,0,0,0,0,240
capture_2020_04_17_11_39_49_7689,0,373,246,304,213,428,213,0,0,0,0,240
capture_2020_04_17_11_39_49_7690,0,378,246,304,213,429,213,0,0,0,0,240
capture_2020_04_17_11_39_49_7691,0,385,243,318,213,444,215,0,0,0,0,240
capture_2020_04_17_11_39_49_7692,0,388,243,318,213,444,215,0,0,0,0,240
capture_2020_04_17_11_39_49_7693,0,394,242,324,213,451,215,0,0,0,0,240
capture_2020_04_17_11_39_49_7694,0,394,242,324,213,451,215,0,0,0,0,240
capture_2020_04_17_11_39_49_7695,0,399,242,324,213,451,215,0,0,0,0,240
capture_2020_04_17_11_39_49_7696,0,404,255,324,213,451,215,0,0,0,0,240
capture_2020_04_17_11_39_49_7697,0,404,255,332,213,463,218,0,0,0,0,240
capture_2020_04_17_11_39_49_7698,0,404,255,332,213,463,218,0,0,0,0,240
capture_2020_04_17_11_39_49_7699,0,404,255,332,213,463,218,0,0,0,0,240
capture_2020_04_17_11_39_49_7700,0,404,255,332,213,463,218,0,0,0,0,240
capture_2020_04_17_11_39_49_7701,0,404,255,332,213,463,218,0,0,0,0,240
capture_2020_04_17_11_39_49_7702,0,404,255,332,213,463,218,0,0,0,0,240
capture_2020_04_17_11_39_49_7703,0,398,255,329,217,463,222,0,0,0,0,240
capture_2020_04_17_11_39_49_7704,0,398,255,329,220,463,222,0,0,0,0,240
capture_2020_04_17_11_39_49_7705,0,398,255,329,220,463,222,0,0,0,0,240
capture_2020_04_17_11_39_49_7706,0,398,255,329,220,463,222,0,0,0,0,240
capture_2020_04_17_11_39_49_7707,0,398,255,329,220,463,222,0,0,0,0,240
capture_2020_04_17_11_39_49_7708,0,398,255,329,220,463,222,0,0,0,0,240
capture_2020_04_17_11_39_49_7709,0,395,256,327,220,456,222,0,0,0,0,240
capture_2020_04_17_11_39_49_7710,0,395,256,327,220,456,222,0,0,0,0,240
capture_2020_04_17_11_39_49_7711,0,395,256,327,220,456,222,0,0,0,0,240
capture_2020_04_17_11_39_49_7712,0,395,256,323,220,453,222,0,0,0,0,240
capture_2020_04_17_11_39_49_7713,0,395,256,323,220,453,222,0,0,0,0,240
capture_2020_04_17_11_39_49_7714,0,395,256,323,220,453,222,0,0,0,0,240
capture_2020_04_17_11_39_49_7715,0,395,256,323,220,453,222,0,0,0,0,240
capture_2020_04_17_11_39_49_7716,0,395,256,323,220,453,222,0,0,0,0,240
capture_2020_04_17_11_39_49_7717,0,395,256,323,220,453,222,0,0,0,0,240
capture_2020_04_17_11_39_49_7718,0,395,256,323,220,453,222,0,0,0,0,240
capture_2020_04_17_11_39_49_7719,0,395,256,323,220,453,222,0,0,0,0,240
capture_2020_05_06_13_35_00_1625,0,559,362,510,336,588,333,0,0,0,0,176
capture_2020_05_06_13_35_00_1626,0,559,362,510,336,588,333,0,0,0,0,176
capture_2020_05_06_13_35_00_1627,0,556,362,507,336,586,333,0,0,0,0,176
capture_2020_05_06_13_35_00_1628,0,552,362,507,336,586,333,0,0,0,0,176
capture_2020_05_06_13_35_00_1629,0,552,362,504,336,584,333,0,0,0,0,176
capture_2020_05_06_13_35_00_1630,0,548,362,504,336,584,333,0,0,0,0,176
capture_2020_05_06_13_35_00_1631,0,545,362,499,336,578,334,0,0,0,0,176
capture_2020_05_06_13_35_00_1632,0,543,362,496,336,576,336,0,0,0,0,176
capture_2020_05_06_13_35_00_1633,0,541,362,494,336,574,336,0,0,0,0,176
capture_2020_05_06_13_35_00_1634,0,541,362,494,336,574,336,0,0,0,0,176
capture_2020_05_06_13_35_00_1635,0,536,362,490,336,569,334,0,0,0,0,176
capture_2020_05_06_13_35_00_1636,0,534,362,488,334,567,334,0,0,0,0,176
capture_2020_05_06_13_35_00_1637,0,530,362,485,334,564,334,0,0,0,0,176
capture_2020_05_06_13_35_00_1638,0,530,362,483,333,563,332,0,0,0,0,176
capture_2020_05_06_13_35_00_1639,0,530,362,483,333,563,332,0,0,0,0,176
capture_2020_05_06_13_35_00_1640,0,527,362,480,332,560,330,0,0,0,0,176
capture_2020_05_06_13_35_00_1641,0,524,362,480,330,560,329,0,0,0,0,176
capture_2020_05_06_13_35_00_1642,0,524,362,480,330,560,329,0,0,0,0,176
capture_2020_05_06_13_35_00_1643,0,524,362,480,327,560,325,0,0,0,0,176
capture_2020_05_06_13_35_00_1644,0,523,360,480,325,560,324,0,0,0,0,176
capture_2020_05_06_13_35_00_1645,0,523,360,480,325,560,324,0,0,0,0,176
capture_2020_05_06_13_35_00_1646,0,523,356,480,322,560,320,0,0,0,0,176
capture_2020_05_06_13_35_00_1647,0,523,356,480,320,560,320,0,0,0,0,176
capture_2020_05_06_13_35_00_1648,0,523,356,480,318,562,317,0,0,0,0,176
capture_2020_05_06_13_35_00_1649,0,523,351,480,315,562,314,0,0,0,0,176
capture_2020_05_06_13_35_00_1650,0,523,351,480,312,562,310,0,0,0,0,176
capture_2020_05_06_13_35_00_1651,0,523,345,480,307,562,307,0,0,0,0,176
capture_2020_05_06_13_35_00_1652,0,523,345,480,304,563,304,0,0,0,0,176
capture_2020_05_06_13_35_00_1653,0,523,329,480,298,566,298,0,0,0,0,176
capture_2020_05_06_13_35_00_1654,0,523,322,480,295,566,295,0,0,0,0,176
capture_2020_05_06_13_35_00_1655,0,523,322,480,291,567,291,0,0,0,0,176
capture_2020_05_06_13_35_00_1656,0,523,318,480,288,567,288,0,0,0,0,176
capture_2020_05_06_13_35_00_1657,0,523,313,479,285,567,284,0,0,0,0,176
capture_2020_05_06_13_35_00_1658,0,523,313,479,282,567,282,0,0,0,0,176
capture_2020_05_06_13_35_00_1659,0,523,308,479,279,567,280,0,0,0,0,176
capture_2020_05_06_13_35_00_1660,0,524,313,479,277,567,278,0,0,0,0,192
capture_2020_05_06_13_35_00_1661,0,524,313,479,275,567,278,0,0,0,0,192
capture_2020_05_06_13_35_00_1662,0,524,313,479,275,567,278,0,0,0,0,192
capture_2020_05_06_13_35_00_1663,0,524,313,479,272,569,272,0,0,0,0,192
capture_2020_05_06_13_35_00_1664,0,524,313,479,271,569,272,0,0,0,0,192
capture_2020_05_06_13_35_00_1665,0,524,313,480,270,572,271,0,0,0,0,192
capture_2020_05_06_13_35_00_1666,0,524,313,480,270,572,271,0,0,0,0,192
capture_2020_05_06_13_35_00_1667,0,530,306,480,270,572,271,0,0,0,0,208
capture_2020_05_06_13_35_00_1668,0,530,306,482,270,576,271,0,0,0,0,208
capture_2020_05_06_13_35_00_1669,0,528,291,482,270,576,271,0,0,0,0,208
capture_2020_05_06_13_35_00_1670,0,535,293,489,267,583,270,0,0,0,0,208
capture_2020_05_06_13_35_00_1671,0,535,291,491,267,586,269,0,0,0,0,208
capture_2020_05_06_13_35_00_1672,0,539,291,491,267,586,269,0,0,0,0,208
capture_2020_05_06_13_35_00_1673,0,539,292,495,267,590,269,0,0,0,0,208
capture_2020_05_06_13_35_00_1674,0,544,297,501,267,599,269,0,0,0,0,192
