,noLeftEye,noRightEye,Left Eye,,Right Eye,,Nose,,Mouth Up,,Mouth Down,,Left,Right,Up,Down,Face width:
Picture:,,,"(x,",y),"(x,",y),"(x,",y),"(x,",y),"(x,",y)
capture_2020_04_17_11_39_49_7213,0,0,43,113,116,112,81,135,80,172,79,185,0,0,0,0,162
capture_2020_04_17_11_39_49_7214,0,0,43,113,116,112,81,135,80,172,79,185,0,0,0,1,162
capture_2020_04_17_11_39_49_7215,0,0,43,113,116,112,81,135,80,172,79,185,0,0,0,1,162
capture_2020_04_17_11_39_49_7216,0,0,43,113,116,112,81,135,80,172,79,185,0,0,0,0,162
capture_2020_04_17_11_39_49_7217,0,0,43,112,116,111,81,135,80,172,79,185,0,0,0,0,162
capture_2020_04_17_11_39_49_7218,0,0,43,110,115,109,80,134,79,171,79,184,0,0,0,0,160
capture_2020_04_17_11_39_49_7219,0,0,43,110,115,109,80,134,79,170,79,184,0,0,0,0,160
capture_2020_04_17_11_39_49_7220,0,0,43,110,115,109,80,134,79,170,79,184,0,0,0,0,160
capture_2020_04_17_11_39_49_7221,0,0,40,107,114,107,79,133,77,168,78,182,0,0,0,0,158
capture_2020_04_17_11_39_49_7222,0,0,41,106,114,106,79,132,77,167,78,180,0,0,0,0,158
capture_2020_04_17_11_39_49_7223,0,0,40,105,112,106,76,131,76,165,77,176,0,0,0,0,156
capture_2020_04_17_11_39_49_7224,0,0,37,104,109,105,73,130,73,162,73,174,0,0,0,0,154
capture_2020_04_17_11_39_49_7225,0,0,38,101,109,103,75,126,74,160,74,172,0,0,0,0,154
capture_2020_04_17_11_39_49_7226,0,0,37,101,107,103,73,126,72,158,71,171,0,0,0,0,154
capture_2020_04_17_11_39_49_7227,0,0,37,98,106,101,72,123,69,155,69,166,0,0,0,0,152
capture_2020_04_17_11_39_49_7228,0,0,40,98,110,103,76,123,72,155,72,166,0,0,0,0,154
capture_2020_04_17_11_39_49_7229,0,0,42,99,110,104,76,123,73,154,73,166,0,0,0,0,154
capture_2020_04_17_11_39_49_7230,0,0,42,99,110,104,76,123,73,154,73,166,0,0,0,0,154
capture_2020_04_17_11_39_49_7231,0,0,42,99,111,103,76,120,74,151,73,164,0,0,0,0,154
capture_2020_04_17_11_39_49_7232,0,0,44,99,113,103,77,120,75,151,74,164,0,0,0,0,156
capture_2020_04_17_11_39_49_7233,0,0,43,99,111,103,76,120,74,154,74,165,0,0,0,0,154
capture_2020_04_17_11_39_49_7234,0,0,43,102,111,105,76,120,74,155,74,167,0,0,0,0,154
capture_2020_04_17_11_39_49_7235,0,0,42,103,109,106,75,123,73,156,73,168,0,0,0,0,152
capture_2020_04_17_11_39_49_7236,0,0,40,103,107,106,73,123,72,156,71,168,0,0,0,0,152
capture_2020_04_17_11_39_49_7237,0,0,39,103,106,105,72,122,70,156,70,167,0,0,0,0,150
capture_2020_04_17_11_39_49_7238,0,0,37,100,105,103,71,120,70,153,69,165,0,0,0,0,148
capture_2020_04_17_11_39_49_7239,0,0,38,101,105,103,71,120,70,153,69,165,0,0,0,0,148
capture_2020_04_17_11_39_49_7240,0,0,38,103,104,105,71,126,70,157,69,168,0,0,0,0,148
capture_2020_04_17_11_39_49_7241,0,0,38,103,104,104,71,126,69,156,69,167,0,0,0,0,148
capture_2020_04_17_11_39_49_7242,0,0,36,102,102,103,70,125,69,155,69,168,0,0,0,0,148
capture_2020_04_17_11_39_49_7243,0,0,38,102,104,102,72,123,70,154,70,167,0,0,0,0,150
capture_2020_04_17_11_39_49_7244,0,0,36,103,104,103,72,124,70,154,70,165,0,0,0,0,150
capture_2020_04_17_11_39_49_7245,0,0,36,103,104,103,72,124,70,154,70,165,0,0,0,0,150
capture_2020_04_17_11_39_49_7246,0,0,36,103,104,102,72,124,70,154,70,165,0,0,0,0,150
capture_2020_04_17_11_39_49_7247,0,0,36,104,103,104,71,125,69,156,69,167,0,0,0,0,148
capture_2020_04_17_11_39_49_7248,0,0,36,104,103,104,71,125,69,156,69,167,0,0,0,0,148
capture_2020_04_17_11_39_49_7249,0,0,37,104,104,105,71,126,70,158,70,170,0,0,0,0,148
capture_2020_04_17_11_39_49_7250,0,0,37,104,104,105,71,126,70,158,70,170,0,0,0,0,148
capture_2020_04_17_11_39_49_7251,0,0,37,104,104,104,71,126,70,157,70,170,0,0,0,0,148
capture_2020_04_17_11_39_49_7252,0,0,37,104,104,104,71,126,70,157,70,170,0,0,0,0,148
capture_2020_04_17_11_39_49_7253,0,0,37,104,104,104,71,126,70,157,70,170,0,0,0,0,148
capture_2020_04_17_11_39_49_7254,0,0,37,105,107,106,71,126,71,160,71,172,0,0,0,0,148
capture_2020_04_17_11_39_49_7255,0,0,37,105,107,106,71,126,70,160,70,172,0,0,0,0,148
capture_2020_04_17_11_39_49_7256,0,0,37,105,106,106,71,126,70,160,70,173,0,0,0,0,148
capture_2020_04_17_11_39_49_7257,0,0,37,105,106,106,71,126,70,162,70,174,0,0,0,0,148
capture_2020_04_17_11_39_49_7258,0,0,37,105,106,106,71,126,70,162,70,174,0,0,0,0,148
capture_2020_04_17_11_39_49_7259,0,0,37,106,106,106,71,127,70,162,70,175,0,0,0,0,148
capture_2020_04_17_11_39_49_7260,0,0,38,106,106,106,73,129,71,162,71,175,0,0,0,0,148
capture_2020_04_17_11_39_49_7261,0,0,38,106,106,106,73,129,71,162,71,175,0,0,0,0,148
capture_2020_04_17_11_39_49_7262,0,0,39,106,109,106,74,129,74,162,74,175,0,0,0,0,150
capture_2020_04_17_11_39_49_7263,0,0,39,105,108,104,74,129,73,161,73,172,0,0,0,0,150
capture_2020_04_17_11_39_49_7264,0,0,39,106,109,105,74,130,74,162,74,174,0,0,0,0,150
capture_2020_04_17_11_39_49_7265,0,0,40,106,112,105,76,130,75,163,75,175,0,0,0,0,152
capture_2020_04_17_11_39_49_7266,0,0,40,105,112,104,76,130,75,163,75,175,0,0,0,0,152
capture_2020_04_17_11_39_49_7267,0,0,40,106,113,106,76,131,76,166,76,178,0,0,0,0,154
capture_2020_04_17_11_39_49_7268,0,0,40,106,113,106,76,131,76,166,76,178,0,0,0,0,154
capture_2020_04_17_11_39_49_7269,0,0,40,109,113,108,76,133,76,169,76,181,0,0,0,0,154
capture_2020_04_17_11_39_49_7270,0,0,40,109,113,108,76,133,76,169,76,181,0,0,0,0,154
capture_2020_04_17_11_39_49_7271,0,0,42,109,116,108,78,135,78,170,78,183,0,0,0,0,156
capture_2020_04_17_11_39_49_7272,0,0,44,109,118,109,79,136,80,171,80,183,0,0,0,0,158
capture_2020_04_17_11_39_49_7273,0,0,43,111,119,111,82,139,80,173,80,186,0,0,0,0,158
capture_2020_04_17_11_39_49_7274,0,0,44,109,120,110,84,139,82,173,82,185,0,0,0,0,160
capture_2020_04_17_11_39_49_7275,0,0,44,110,121,111,82,140,80,175,80,187,0,0,0,0,160
capture_2020_04_17_11_39_49_7276,0,0,44,112,122,114,83,141,81,178,81,190,0,0,0,0,162
capture_2020_04_17_11_39_49_7277,0,0,45,112,122,114,84,141,83,177,82,190,0,0,0,0,164
capture_2020_04_17_11_39_49_7278,0,0,45,111,122,114,84,140,82,177,82,190,0,0,0,0,164
capture_2020_04_17_11_39_49_7279,0,0,46,112,124,115,85,141,83,177,83,191,0,0,0,0,166
capture_2020_04_17_11_39_49_7280,0,0,42,115,122,118,83,145,80,181,80,196,0,0,0,0,168
capture_2020_04_17_11_39_49_7281,0,0,42,117,122,120,82,146,79,184,79,198,0,0,0,0,170
capture_2020_04_17_11_39_49_7282,0,0,38,118,120,121,80,150,77,186,77,201,0,0,0,0,172
capture_2020_04_17_11_39_49_7283,0,0,40,119,120,122,80,151,77,188,77,202,0,0,0,0,172
capture_2020_04_17_11_39_49_7284,0,0,40,119,120,122,80,151,77,189,77,203,0,0,0,0,172
capture_2020_04_17_11_39_49_7285,0,0,38,118,122,121,80,152,77,191,77,205,0,0,0,0,174
capture_2020_04_17_11_39_49_7286,0,0,39,119,124,121,81,153,77,192,78,206,0,0,0,0,176
capture_2020_04_17_11_39_49_7287,0,0,40,121,125,123,82,154,78,194,79,208,0,0,0,0,178
capture_2020_04_17_11_39_49_7288,0,0,41,123,127,125,83,157,80,197,79,212,0,0,0,0,180
capture_2020_04_17_11_39_49_7289,0,0,42,125,129,126,85,159,82,200,81,216,0,0,0,0,184
capture_2020_04_17_11_39_49_7290,0,0,45,135,135,135,89,167,88,209,88,225,0,0,0,0,192
capture_2020_04_17_11_39_49_7291,0,0,45,137,136,137,90,169,89,212,89,228,0,0,0,0,194
capture_2020_04_17_11_39_49_7292,0,0,45,136,138,136,91,169,90,213,90,230,0,0,0,0,196
capture_2020_04_17_11_39_49_7293,0,0,49,138,142,138,93,171,92,216,92,233,0,0,0,0,200
capture_2020_04_17_11_39_49_7294,0,0,49,139,146,139,95,173,95,217,95,234,0,0,0,0,202
capture_2020_04_17_11_39_49_7295,0,0,49,139,146,139,95,173,95,217,95,234,0,0,0,0,202
capture_2020_04_17_11_39_49_7296,0,0,50,138,147,140,99,176,97,221,96,238,0,0,0,0,204
capture_2020_04_17_11_39_49_7297,0,0,50,138,148,139,100,177,96,223,96,240,0,0,0,0,206
capture_2020_04_17_11_39_49_7298,0,0,50,137,150,138,100,178,97,223,97,241,0,0,0,0,206
capture_2020_04_17_11_39_49_7299,0,0,52,144,154,146,103,185,101,233,101,252,0,0,0,0,214
capture_2020_04_17_11_39_49_7300,0,0,53,143,157,145,105,184,104,233,104,254,0,0,0,0,216
capture_2020_04_17_11_39_49_7301,0,0,55,145,160,146,107,182,105,233,106,252,0,0,0,0,220
capture_2020_04_17_11_39_49_7302,0,0,58,149,164,150,110,187,110,241,109,259,0,0,0,0,226
capture_2020_04_17_11_39_49_7303,0,0,59,151,168,154,115,192,112,245,112,264,0,0,0,0,230
capture_2020_04_17_11_39_49_7304,0,0,62,152,172,154,117,195,114,247,114,267,0,0,0,0,234
capture_2020_04_17_11_39_49_7305,0,0,63,154,175,156,119,198,116,252,116,271,0,0,0,0,238
capture_2020_04_17_11_39_49_7306,0,0,62,156,175,158,120,200,117,252,117,272,0,0,0,0,240
capture_2020_04_17_11_39_49_7307,0,0,60,156,174,157,118,198,116,255,117,274,0,0,0,0,240
capture_2020_04_17_11_39_49_7308,0,0,58,159,173,159,116,201,114,258,115,277,0,0,0,0,242
capture_2020_04_17_11_39_49_7309,0,0,59,162,176,162,118,203,117,263,118,282,0,0,0,0,246
capture_2020_04_17_11_39_49_7310,0,0,57,161,175,160,118,203,117,262,117,280,0,0,0,0,246
capture_2020_04_17_11_39_49_7311,0,0,55,160,177,158,119,204,117,262,118,284,0,0,0,0,246
capture_2020_04_17_11_39_49_7312,0,0,56,159,178,158,120,206,118,264,119,282,0,0,0,0,248
capture_2020_04_17_11_39_49_7313,0,0,56,161,179,160,121,208,119,265,119,284,0,0,0,0,250
capture_2020_04_17_11_39_49_7314,0,0,56,162,180,161,121,210,119,268,120,287,0,0,0,0,254
capture_2020_04_17_11_39_49_7315,0,0,55,167,180,166,120,215,119,275,120,294,0,0,0,0,260
capture_2020_04_17_11_39_49_7316,0,0,55,172,182,171,120,221,119,280,121,300,0,0,0,0,266
capture_2020_04_17_11_39_49_7317,0,0,56,175,183,173,121,225,121,284,122,305,0,0,0,0,270
capture_2020_04_17_11_39_49_7318,0,0,59,176,189,176,125,227,126,288,126,308,0,0,0,0,272
capture_2020_04_17_11_39_49_7319,0,0,59,176,189,176,125,227,125,289,125,311,0,0,0,0,272
capture_2020_04_17_11_39_49_7320,0,0,62,178,191,178,126,228,127,291,127,313,0,0,0,0,274
capture_2020_04_17_11_39_49_7321,0,0,64,179,197,180,128,229,127,294,127,316,0,0,0,0,274
capture_2020_04_17_11_39_49_7322,0,0,61,178,197,179,128,229,130,294,131,316,0,0,0,0,274
capture_2020_04_17_11_39_49_7323,0,0,64,178,198,178,133,231,132,295,132,318,0,0,0,0,276
capture_2020_04_17_11_39_49_7324,0,0,64,178,198,178,133,231,130,296,130,318,0,0,0,0,276
capture_2020_04_17_11_39_49_7325,0,0,64,178,198,178,133,231,130,296,130,318,0,0,0,0,276
capture_2020_04_17_11_39_49_7326,0,0,64,175,201,175,134,228,131,294,130,318,0,0,0,0,278
capture_2020_04_17_11_39_49_7327,0,0,63,175,200,174,134,228,131,294,130,318,0,0,0,0,278
capture_2020_04_17_11_39_49_7328,0,0,63,177,200,176,132,232,131,298,131,320,0,0,0,0,278
capture_2020_04_17_11_39_49_7329,0,0,63,176,200,175,132,232,131,298,131,320,0,0,0,0,278
capture_2020_04_17_11_39_49_7330,0,0,63,176,200,176,132,232,131,300,131,321,0,0,0,0,278
capture_2020_04_17_11_39_49_7331,0,0,63,177,200,179,132,232,130,301,131,323,0,0,0,0,278
capture_2020_04_17_11_39_49_7332,0,0,61,177,198,179,131,232,127,301,128,323,0,0,0,0,276
capture_2020_04_17_11_39_49_7333,0,0,61,177,198,179,131,232,127,301,128,323,0,0,0,0,276
capture_2020_04_17_11_39_49_7334,0,0,61,177,198,179,131,232,127,301,128,323,0,0,0,0,276
capture_2020_04_17_11_39_49_7335,0,0,61,177,197,179,131,232,126,298,125,321,0,0,0,0,276
capture_2020_04_17_11_39_49_7336,0,0,58,179,195,180,127,236,125,298,125,320,0,0,0,0,276
capture_2020_04_17_11_39_49_7337,0,0,58,177,195,179,127,230,124,298,125,320,0,0,0,0,276
capture_2020_04_17_11_39_49_7338,0,0,58,180,195,180,127,230,124,298,125,324,0,0,0,0,276
capture_2020_04_17_11_39_49_7339,0,0,59,180,198,180,127,229,129,299,128,322,0,0,0,0,276
capture_2020_04_17_11_39_49_7340,0,0,59,180,198,180,127,229,129,299,128,322,0,0,0,0,276
capture_2020_04_17_11_39_49_7341,0,0,59,180,198,180,127,229,129,299,128,322,0,0,0,0,276
capture_2020_04_17_11_39_49_7342,0,0,59,180,198,180,127,229,129,299,128,322,0,0,0,0,276
capture_2020_04_17_11_39_49_7343,0,0,56,181,194,180,126,231,123,301,125,324,0,0,0,0,276
capture_2020_04_17_11_39_49_7344,0,0,56,181,194,180,122,234,121,304,123,324,0,0,0,0,276
capture_2020_04_17_11_39_49_7345,0,0,56,181,194,180,122,234,121,304,123,324,0,0,0,0,276
capture_2020_04_17_11_39_49_7346,0,0,54,180,193,180,119,233,118,301,120,327,0,0,0,0,276
capture_2020_04_17_11_39_49_7347,0,0,54,180,193,180,116,234,118,301,120,327,0,0,0,0,276
capture_2020_04_17_11_39_49_7348,0,0,54,180,193,180,116,234,118,303,119,327,0,0,0,0,276
capture_2020_04_17_11_39_49_7349,0,0,53,181,190,180,116,234,116,302,117,326,0,0,0,0,276
capture_2020_04_17_11_39_49_7350,0,0,54,183,191,180,114,234,114,301,115,324,0,0,0,0,276
capture_2020_04_17_11_39_49_7351,0,0,49,183,188,180,111,236,112,300,113,322,0,0,0,0,276
capture_2020_04_17_11_39_49_7352,0,0,49,183,188,180,111,236,112,300,113,322,0,0,0,0,276
capture_2020_04_17_11_39_49_7353,0,0,49,183,184,180,108,236,110,299,111,322,0,0,0,0,276
capture_2020_04_17_11_39_49_7354,0,0,48,183,183,180,108,236,110,299,110,322,0,0,0,0,276
capture_2020_04_17_11_39_49_7355,0,0,48,185,181,180,106,237,109,299,109,323,0,0,0,0,276
capture_2020_04_17_11_39_49_7356,0,0,48,185,181,180,106,237,109,299,109,323,0,0,0,0,276
capture_2020_04_17_11_39_49_7357,0,0,47,185,180,180,105,237,106,300,107,323,0,0,0,0,276
capture_2020_04_17_11_39_49_7358,0,0,43,185,176,180,104,239,105,300,105,323,0,0,0,0,276
capture_2020_04_17_11_39_49_7359,0,0,43,185,176,180,104,239,105,300,105,323,0,0,0,0,276
capture_2020_04_17_11_39_49_7360,0,0,44,185,176,180,105,238,105,299,106,321,0,0,0,0,276
capture_2020_04_17_11_39_49_7361,0,0,44,185,176,180,105,238,105,299,106,321,0,0,0,0,276
capture_2020_04_17_11_39_49_7362,0,0,44,185,176,180,105,238,105,299,106,321,0,0,0,0,276
capture_2020_04_17_11_39_49_7363,0,0,44,185,176,180,105,238,105,299,106,321,0,0,0,0,276
capture_2020_04_17_11_39_49_7364,0,0,47,185,180,180,108,238,110,299,110,321,0,0,0,0,276
capture_2020_04_17_11_39_49_7365,0,0,48,184,180,181,108,239,110,300,110,322,0,0,0,0,276
capture_2020_04_17_11_39_49_7366,0,0,51,184,184,181,113,239,115,300,115,322,0,0,0,0,276
capture_2020_04_17_11_39_49_7367,0,0,53,184,186,181,118,239,117,300,118,322,0,0,0,0,276
capture_2020_04_17_11_39_49_7368,0,0,56,184,188,181,118,239,117,300,118,322,0,0,0,0,276
capture_2020_04_17_11_39_49_7369,0,0,58,184,191,181,124,239,122,300,122,322,0,0,0,0,276
capture_2020_04_17_11_39_49_7370,0,0,58,182,191,180,124,237,123,299,122,321,0,0,0,0,276
capture_2020_04_17_11_39_49_7371,0,0,57,180,190,178,123,236,123,298,124,321,0,0,0,0,274
capture_2020_04_17_11_39_49_7372,0,0,57,180,190,178,123,236,123,298,124,321,0,0,0,0,274
capture_2020_04_17_11_39_49_7373,0,0,57,180,190,178,123,236,123,298,124,321,0,0,0,0,274
capture_2020_04_17_11_39_49_7374,0,0,60,180,190,178,123,236,126,298,126,321,0,0,0,0,274
capture_2020_04_17_11_39_49_7375,0,0,61,180,192,178,127,236,126,298,126,321,0,0,0,0,274
capture_2020_04_17_11_39_49_7376,0,0,61,180,191,178,127,236,126,298,126,321,0,0,0,0,274
capture_2020_04_17_11_39_49_7377,0,0,61,180,191,178,127,236,126,298,126,321,0,0,0,0,274
capture_2020_04_17_11_39_49_7378,0,0,61,180,191,178,127,236,126,298,126,321,0,0,0,0,274
capture_2020_04_17_11_39_49_7379,0,0,61,180,191,178,127,236,126,298,126,321,0,0,0,0,274
capture_2020_04_17_11_39_49_7380,0,0,61,180,191,178,127,236,126,298,126,321,0,0,0,0,274
capture_2020_04_17_11_39_49_7381,0,0,61,180,191,178,127,236,126,298,126,321,0,0,0,0,274
capture_2020_04_17_11_39_49_7382,0,0,61,180,191,178,127,236,126,298,126,321,0,0,0,0,274
capture_2020_04_17_11_39_49_7383,0,0,61,179,190,177,127,235,126,297,126,319,0,0,0,0,274
capture_2020_04_17_11_39_49_7384,0,0,61,179,190,177,127,235,126,297,126,319,0,0,0,0,274
capture_2020_04_17_11_39_49_7385,0,0,61,179,190,177,127,235,126,297,126,319,0,0,0,0,274
capture_2020_04_17_11_39_49_7386,0,0,59,181,196,181,127,235,126,297,126,319,0,0,0,0,274
capture_2020_04_17_11_39_49_7387,0,0,59,181,196,181,127,235,126,297,126,319,0,0,0,0,274
capture_2020_04_17_11_39_49_7388,0,0,59,181,196,181,127,235,126,297,126,319,0,0,0,0,274
capture_2020_04_17_11_39_49_7389,0,0,59,181,196,181,127,235,126,297,126,319,0,0,0,0,274
capture_2020_04_17_11_39_49_7390,0,0,59,181,196,181,127,235,126,297,126,319,0,0,0,0,274
capture_2020_04_17_11_39_49_7391,0,0,59,181,196,181,127,235,126,297,126,319,0,0,0,0,274
capture_2020_04_17_11_39_49_7392,0,0,59,181,196,181,127,235,126,297,126,319,0,0,0,0,274
capture_2020_04_17_11_39_49_7393,0,0,59,181,196,181,127,235,126,297,126,319,0,0,0,0,274
capture_2020_04_17_11_39_49_7394,0,0,59,181,196,181,127,235,126,297,126,319,0,0,0,0,274
capture_2020_04_17_11_39_49_7395,0,0,59,181,196,181,127,235,126,297,126,319,0,0,0,0,274
capture_2020_04_17_11_39_49_7396,0,0,59,181,196,181,127,235,126,297,126,319,0,0,0,0,274
capture_2020_04_17_11_39_49_7397,0,0,59,181,196,181,127,235,129,299,131,322,0,0,0,0,274
capture_2020_04_17_11_39_49_7398,0,0,59,181,196,181,127,235,129,299,131,322,0,0,0,0,274
capture_2020_04_17_11_39_49_7399,0,0,59,181,196,181,127,235,129,299,131,322,0,0,0,0,274
capture_2020_04_17_11_39_49_7400,0,0,59,181,196,181,127,235,129,299,131,322,0,0,0,0,274
capture_2020_04_17_11_39_49_7401,0,0,59,181,196,181,127,235,129,299,129,322,0,0,0,0,274
capture_2020_04_17_11_39_49_7402,0,0,59,181,196,181,127,235,129,299,129,322,0,0,0,0,274
capture_2020_04_17_11_39_49_7403,0,0,59,181,196,181,127,235,129,299,129,322,0,0,0,0,274
capture_2020_04_17_11_39_49_7404,0,0,59,181,196,181,127,235,129,299,129,322,0,0,0,0,274
capture_2020_04_17_11_39_49_7405,0,0,59,181,196,181,127,235,129,299,129,322,0,0,0,0,274
capture_2020_04_17_11_39_49_7406,0,0,59,181,196,181,127,235,129,299,129,322,0,0,0,0,274
capture_2020_04_17_11_39_49_7407,0,0,59,181,196,181,127,235,129,299,129,322,0,0,0,0,274
capture_2020_04_17_11_39_49_7408,0,0,59,181,196,181,131,235,129,299,129,322,0,0,0,0,274
capture_2020_04_17_11_39_49_7409,0,0,59,181,196,181,131,235,129,299,129,322,0,0,0,0,274
capture_2020_04_17_11_39_49_7410,0,0,59,181,196,181,131,235,129,299,129,322,0,0,0,0,274
capture_2020_04_17_11_39_49_7411,0,0,59,181,196,181,131,235,129,299,129,322,0,0,0,0,274
capture_2020_04_17_11_39_49_7412,0,0,59,181,196,181,131,235,129,299,129,322,0,0,0,0,274
capture_2020_04_17_11_39_49_7413,0,0,59,181,196,181,131,235,129,299,129,322,0,0,0,0,274
capture_2020_04_17_11_39_49_7414,0,0,59,181,196,181,131,235,129,299,129,322,0,0,0,0,274
capture_2020_04_17_11_39_49_7415,0,0,59,181,196,181,131,235,129,299,129,322,0,0,0,0,274
capture_2020_04_17_11_39_49_7416,0,0,59,181,196,181,131,235,129,299,129,322,0,0,0,0,274
capture_2020_04_17_11_39_49_7417,0,0,59,181,196,181,131,235,129,299,129,322,0,0,0,0,274
capture_2020_04_17_11_39_49_7418,0,0,59,181,196,181,131,235,129,299,129,322,0,0,0,0,274
capture_2020_04_17_11_39_49_7419,0,0,59,181,196,181,131,235,129,299,129,322,0,0,0,0,274
capture_2020_04_17_11_39_49_7420,0,0,64,183,197,182,131,236,129,300,129,324,0,0,0,0,274
capture_2020_04_17_11_39_49_7421,0,0,64,183,197,182,131,236,129,300,129,324,0,0,0,0,274
capture_2020_04_17_11_39_49_7422,0,0,64,183,197,182,131,236,129,300,129,324,0,0,0,0,274
capture_2020_04_17_11_39_49_7423,0,0,64,180,197,180,131,236,129,300,129,324,0,0,0,0,274
capture_2020_04_17_11_39_49_7424,0,0,64,180,197,180,131,236,129,300,129,324,0,0,0,0,274
capture_2020_04_17_11_39_49_7425,0,0,64,179,197,179,132,236,130,300,130,324,0,0,0,0,274
capture_2020_04_17_11_39_49_7426,0,0,64,178,198,178,133,236,131,300,131,324,0,0,0,0,276
capture_2020_04_17_11_39_49_7427,0,0,64,178,198,178,133,236,131,300,131,324,0,0,0,0,276
capture_2020_04_17_11_39_49_7428,0,0,63,178,197,178,132,236,130,300,130,324,0,0,0,0,274
capture_2020_04_17_11_39_49_7429,0,0,63,178,197,178,132,236,130,300,130,324,0,0,0,0,274
capture_2020_04_17_11_39_49_7430,0,0,64,178,198,178,133,236,131,300,131,324,0,0,0,0,276
capture_2020_04_17_11_39_49_7431,0,0,63,178,197,178,132,236,130,300,130,324,0,0,0,0,274
capture_2020_04_17_11_39_49_7432,0,0,63,178,197,178,132,236,130,300,130,324,0,0,0,0,274
capture_2020_04_17_11_39_49_7433,0,0,63,178,197,178,132,236,130,300,130,324,0,0,0,0,274
capture_2020_04_17_11_39_49_7434,0,0,63,178,197,178,132,236,130,300,130,324,0,0,0,0,274
capture_2020_04_17_11_39_49_7435,0,0,63,178,197,178,132,236,130,300,130,324,0,0,0,0,274
capture_2020_04_17_11_39_49_7436,0,0,63,178,197,178,132,236,130,300,130,324,0,0,0,0,274
capture_2020_04_17_11_39_49_7437,0,0,63,178,197,178,132,236,130,300,130,324,0,0,0,0,274
capture_2020_04_17_11_39_49_7438,0,0,63,178,197,178,132,236,130,300,130,324,0,0,0,0,274
capture_2020_04_17_11_39_49_7439,0,0,62,177,197,177,132,236,130,300,130,324,0,0,0,0,274
capture_2020_04_17_11_39_49_7440,0,0,62,177,197,177,132,236,130,300,130,324,0,0,0,0,274
capture_2020_04_17_11_39_49_7441,0,0,62,177,197,177,132,236,130,300,130,324,0,0,0,0,274
capture_2020_04_17_11_39_49_7442,0,0,62,177,197,177,132,236,130,300,130,324,0,0,0,0,274
capture_2020_04_17_11_39_49_7443,0,0,62,177,197,177,132,236,130,300,130,324,0,0,0,0,274
capture_2020_04_17_11_39_49_7444,0,0,62,177,197,177,132,236,130,300,130,324,0,0,0,0,274
capture_2020_04_17_11_39_49_7445,0,0,62,177,197,177,132,236,130,300,130,324,0,0,0,0,274
capture_2020_04_17_11_39_49_7446,0,0,62,177,197,177,132,236,130,300,130,324,0,0,0,0,274
capture_2020_04_17_11_39_49_7447,0,0,62,177,197,177,132,236,130,300,130,324,0,0,0,0,274
capture_2020_04_17_11_39_49_7448,0,0,62,177,197,177,132,236,130,300,130,324,0,0,0,0,274
capture_2020_04_17_11_39_49_7449,0,0,62,177,197,177,132,236,130,300,130,324,0,0,0,0,274
capture_2020_04_17_11_39_49_7450,0,0,62,177,197,177,132,236,130,300,130,324,0,0,0,0,274
capture_2020_04_17_11_39_49_7451,0,0,62,177,197,177,132,236,130,300,130,324,0,0,0,0,274
capture_2020_04_17_11_39_49_7452,0,0,62,177,197,177,132,236,130,300,130,324,0,0,0,0,274
capture_2020_04_17_11_39_49_7453,0,0,62,177,197,177,132,236,130,300,130,324,0,0,0,0,274
capture_2020_04_17_11_39_49_7454,0,0,62,177,197,177,132,236,130,300,130,324,0,0,0,0,274
capture_2020_04_17_11_39_49_7455,0,0,62,177,197,177,132,236,130,300,130,324,0,0,0,0,274
capture_2020_04_17_11_39_49_7456,0,0,61,179,202,180,133,235,130,296,130,322,0,0,0,0,274
capture_2020_04_17_11_39_49_7457,0,0,61,179,202,180,133,235,130,296,130,322,0,0,0,0,274
capture_2020_04_17_11_39_49_7458,0,0,61,179,202,180,133,235,130,296,130,322,0,0,0,0,274
capture_2020_04_17_11_39_49_7459,0,0,62,179,203,180,133,234,133,299,132,320,0,0,0,0,274
capture_2020_04_17_11_39_49_7460,0,0,62,181,205,182,133,235,132,299,132,320,0,0,0,0,274
capture_2020_04_17_11_39_49_7461,0,0,62,181,205,182,133,235,132,299,132,320,0,0,0,0,274
capture_2020_04_17_11_39_49_7462,0,0,62,181,205,182,133,235,132,299,132,320,0,0,0,0,274
capture_2020_04_17_11_39_49_7463,0,0,62,181,205,182,133,235,132,299,132,320,0,0,0,0,274
capture_2020_04_17_11_39_49_7464,0,0,62,181,205,182,133,235,132,299,132,320,0,0,0,0,274
capture_2020_04_17_11_39_49_7465,0,0,62,181,205,182,133,235,132,299,132,320,0,0,0,0,274
capture_2020_04_17_11_39_49_7466,0,0,62,181,205,182,133,235,132,299,132,320,0,0,0,0,274
capture_2020_04_17_11_39_49_7467,0,0,62,181,205,182,133,235,132,299,132,320,0,0,0,0,274
capture_2020_04_17_11_39_49_7468,0,0,62,181,205,182,133,235,132,299,132,320,0,0,0,0,274
capture_2020_04_17_11_39_49_7469,0,0,62,181,205,182,133,235,132,299,132,320,0,0,0,0,274
capture_2020_04_17_11_39_49_7470,0,0,62,181,205,182,133,235,132,299,132,320,0,0,0,0,274
capture_2020_04_17_11_39_49_7471,0,0,62,181,205,182,133,235,132,299,132,320,0,0,0,0,274
capture_2020_04_17_11_39_49_7472,0,0,62,181,205,182,133,235,132,299,132,320,0,0,0,0,274
capture_2020_04_17_11_39_49_7473,0,0,62,181,205,182,133,235,132,299,132,320,0,0,0,0,274
capture_2020_04_17_11_39_49_7474,0,0,62,181,205,182,133,235,132,299,132,320,0,0,0,0,274
capture_2020_04_17_11_39_49_7475,0,0,62,181,205,182,133,235,132,299,132,320,0,0,0,0,274
capture_2020_04_17_11_39_49_7476,0,0,62,181,205,182,133,235,132,299,132,320,0,0,0,0,274
capture_2020_04_17_11_39_49_7477,0,0,62,181,205,182,133,235,132,299,132,320,0,0,0,0,274
capture_2020_04_17_11_39_49_7478,0,0,62,181,205,182,133,235,132,299,132,320,0,0,0,0,274
capture_2020_04_17_11_39_49_7479,0,0,62,181,205,182,133,235,132,299,132,320,0,0,0,0,274
capture_2020_04_17_11_39_49_7480,0,0,62,181,205,182,133,235,132,299,132,320,0,0,0,0,274
capture_2020_04_17_11_39_49_7481,0,0,62,181,205,182,133,235,132,299,132,320,0,0,0,0,274
capture_2020_04_17_11_39_49_7482,0,0,62,181,205,182,133,235,132,299,132,320,0,0,0,0,274
capture_2020_04_17_11_39_49_7483,0,0,62,181,205,182,133,235,132,299,132,320,0,0,0,0,274
capture_2020_04_17_11_39_49_7484,0,0,62,181,205,182,133,235,132,299,132,320,0,0,0,0,274
capture_2020_04_17_11_39_49_7485,0,0,62,181,205,182,133,235,132,299,132,320,0,0,0,0,274
capture_2020_04_17_11_39_49_7486,0,0,62,181,205,182,133,235,132,299,132,320,0,0,0,0,274
capture_2020_04_17_11_39_49_7487,0,0,62,181,205,182,133,235,132,299,132,320,0,0,0,0,274
capture_2020_04_17_11_39_49_7488,0,0,68,181,202,181,134,235,134,296,133,319,0,0,0,0,274
capture_2020_04_17_11_39_49_7489,0,0,68,181,202,181,134,235,134,296,133,319,0,0,0,0,274
capture_2020_04_17_11_39_49_7490,0,0,68,181,202,181,134,235,134,296,133,319,0,0,0,0,274
capture_2020_04_17_11_39_49_7491,0,0,67,180,201,180,134,235,132,296,132,319,0,0,0,0,274
capture_2020_04_17_11_39_49_7492,0,0,67,180,201,180,134,235,132,296,132,319,0,0,0,0,274
capture_2020_04_17_11_39_49_7493,0,0,63,178,195,177,130,234,129,292,130,317,0,0,0,0,272
capture_2020_04_17_11_39_49_7494,0,0,64,177,195,176,130,233,129,291,130,315,0,0,0,0,272
capture_2020_04_17_11_39_49_7495,0,0,62,177,190,176,127,233,125,291,126,313,0,0,0,0,272
capture_2020_04_17_11_39_49_7496,0,0,59,175,187,175,124,230,121,286,123,309,0,0,0,0,270
capture_2020_04_17_11_39_49_7497,0,0,57,174,183,174,121,229,119,285,120,307,0,0,0,0,268
capture_2020_04_17_11_39_49_7498,0,0,55,171,181,170,120,224,118,279,118,301,0,0,0,0,262
capture_2020_04_17_11_39_49_7499,0,0,58,165,180,163,121,215,121,270,121,290,0,0,0,0,252
capture_2020_04_17_11_39_49_7500,0,0,60,167,181,165,120,214,120,274,121,294,0,0,0,0,250
capture_2020_04_17_11_39_49_7501,0,0,61,167,179,164,119,213,119,272,120,292,0,0,0,0,248
capture_2020_04_17_11_39_49_7502,0,0,62,165,179,163,121,214,121,270,120,288,0,0,0,0,244
capture_2020_04_17_11_39_49_7503,0,0,62,164,177,162,120,212,120,268,120,287,0,0,0,0,242
capture_2020_04_17_11_39_49_7504,0,0,62,162,176,161,120,213,119,265,119,282,0,0,0,0,238
capture_2020_04_17_11_39_49_7505,0,0,59,159,171,158,116,207,115,258,116,277,0,0,0,0,232
capture_2020_04_17_11_39_49_7506,0,0,56,154,167,152,112,201,111,251,112,269,0,0,0,0,224
capture_2020_04_17_11_39_49_7507,0,0,55,151,164,149,110,197,109,246,110,264,0,0,0,0,220
capture_2020_04_17_11_39_49_7508,0,0,58,153,165,150,111,194,111,242,112,259,0,0,0,0,218
capture_2020_04_17_11_39_49_7509,0,0,57,146,157,143,105,188,107,231,107,248,0,0,0,0,210
capture_2020_04_17_11_39_49_7510,0,0,55,142,155,138,103,179,105,224,106,241,0,0,0,0,206
capture_2020_04_17_11_39_49_7511,0,0,55,141,155,138,103,178,104,223,105,239,0,0,0,0,204
capture_2020_04_17_11_39_49_7512,0,0,55,143,157,139,103,177,104,224,105,240,0,0,0,0,204
capture_2020_04_17_11_39_49_7513,0,0,54,142,154,139,101,173,102,222,103,239,0,0,0,0,200
capture_2020_04_17_11_39_49_7514,0,0,53,141,149,139,99,172,100,220,101,236,0,0,0,0,196
capture_2020_04_17_11_39_49_7515,0,0,51,135,145,132,96,168,97,213,98,228,0,0,0,0,190
capture_2020_04_17_11_39_49_7516,0,0,50,130,142,127,95,164,96,207,97,223,0,0,0,0,186
capture_2020_04_17_11_39_49_7517,0,0,53,134,142,132,95,169,96,209,96,223,0,0,0,0,186
capture_2020_04_17_11_39_49_7518,0,0,53,133,139,132,94,168,95,207,95,222,0,0,0,0,186
capture_2020_04_17_11_39_49_7519,0,0,50,130,136,127,91,165,93,203,93,218,0,0,0,0,182
capture_2020_04_17_11_39_49_7520,0,0,52,130,137,127,94,163,95,201,95,215,0,0,0,0,182
capture_2020_04_17_11_39_49_7521,0,0,53,131,137,128,95,164,95,200,96,214,0,0,0,0,180
capture_2020_04_17_11_39_49_7522,0,0,49,124,132,122,88,158,88,193,89,207,0,0,0,0,174
capture_2020_04_17_11_39_49_7523,0,0,46,124,128,121,86,156,87,193,87,208,0,0,0,0,172
capture_2020_04_17_11_39_49_7524,0,0,44,122,124,119,84,155,84,191,85,204,0,0,0,0,172
capture_2020_04_17_11_39_49_7525,0,0,45,121,122,116,83,151,85,187,84,200,0,0,0,0,166
capture_2020_04_17_11_39_49_7526,0,0,47,120,124,117,84,151,85,186,85,200,0,0,0,0,166
capture_2020_04_17_11_39_49_7527,0,0,50,119,126,116,87,150,88,184,88,197,0,0,0,0,166
capture_2020_04_17_11_39_49_7528,0,0,51,118,127,114,88,150,89,181,90,195,0,0,0,0,164
capture_2020_04_17_11_39_49_7529,0,0,49,117,124,113,86,144,85,178,86,192,0,0,0,0,164
capture_2020_04_17_11_39_49_7530,0,0,46,116,120,113,82,143,83,176,83,189,0,0,0,0,162
capture_2020_04_17_11_39_49_7531,0,0,43,116,118,113,80,142,80,175,81,188,0,0,0,0,162
capture_2020_04_17_11_39_49_7532,0,0,42,116,115,112,79,142,78,174,79,187,0,0,0,0,162
capture_2020_04_17_11_39_49_7533,0,0,43,116,115,113,77,140,78,174,78,185,0,0,0,0,160
capture_2020_04_17_11_39_49_7534,0,0,43,116,114,113,79,141,80,175,80,187,0,0,0,0,160
capture_2020_04_17_11_39_49_7535,0,0,42,115,115,111,78,138,79,172,79,183,0,0,0,0,158
capture_2020_04_17_11_39_49_7536,0,0,41,113,113,109,77,137,78,170,78,182,0,0,0,0,156
capture_2020_04_17_11_39_49_7537,0,0,44,114,113,111,77,138,78,172,78,183,0,0,0,0,156
capture_2020_04_17_11_39_49_7538,0,0,45,111,113,108,80,139,81,169,82,180,0,0,0,0,154
capture_2020_04_17_11_39_49_7539,0,0,47,113,116,110,80,139,81,169,82,180,0,0,0,0,154
capture_2020_04_17_11_39_49_7540,0,0,47,111,116,107,81,136,82,167,81,178,0,0,0,0,152
capture_2020_04_17_11_39_49_7541,0,0,49,112,117,109,82,136,83,168,83,178,0,0,0,0,152
capture_2020_04_17_11_39_49_7542,0,0,48,111,115,108,81,134,81,166,82,176,0,0,0,0,152
capture_2020_04_17_11_39_49_7543,0,0,47,109,114,108,80,134,80,166,81,176,0,0,0,0,150
capture_2020_04_17_11_39_49_7544,0,0,45,108,113,106,78,133,78,163,79,175,0,0,0,0,150
capture_2020_04_17_11_39_49_7545,0,0,46,108,113,106,79,133,79,164,79,176,0,0,0,0,150
capture_2020_04_17_11_39_49_7546,0,0,44,108,111,106,77,133,77,164,77,176,0,0,0,0,148
capture_2020_04_17_11_39_49_7547,0,0,44,109,111,105,77,132,76,163,76,174,0,0,0,0,148
capture_2020_04_17_11_39_49_7548,0,0,45,108,111,105,77,132,78,164,78,175,0,0,0,0,148
capture_2020_04_17_11_39_49_7549,0,0,48,109,112,107,80,133,80,164,81,175,0,0,0,0,148
capture_2020_04_17_11_39_49_7550,0,0,49,110,115,107,80,134,81,166,81,176,0,0,0,0,148
capture_2020_04_17_11_39_49_7551,0,0,49,110,116,108,80,134,81,166,81,176,0,0,0,0,148
capture_2020_04_17_11_39_49_7552,0,0,49,110,116,108,80,134,81,166,81,176,0,0,0,0,148
capture_2020_04_17_11_39_49_7553,0,0,47,109,115,107,80,133,81,164,81,175,0,0,0,0,148
capture_2020_04_17_11_39_49_7554,0,0,46,109,113,107,78,133,79,163,79,174,0,0,0,0,148
capture_2020_04_17_11_39_49_7555,0,0,46,108,113,107,80,133,79,163,79,173,0,0,0,0,148
capture_2020_04_17_11_39_49_7556,0,0,47,109,113,107,81,133,79,163,79,173,0,0,0,0,150
capture_2020_04_17_11_39_49_7557,0,0,44,110,110,107,77,133,77,163,77,173,0,0,0,0,148
capture_2020_04_17_11_39_49_7558,0,0,44,110,111,107,79,133,79,162,79,172,0,0,0,0,150
capture_2020_04_17_11_39_49_7559,0,0,38,111,106,108,71,132,72,164,72,174,0,0,0,0,150
capture_2020_04_17_11_39_49_7560,0,0,37,111,103,105,71,132,72,164,72,174,0,0,0,0,150
capture_2020_04_17_11_39_49_7561,0,0,40,113,107,104,75,134,77,164,80,175,0,0,0,0,152
capture_2020_04_17_11_39_49_7562,0,0,40,113,107,104,75,134,77,164,80,175,0,0,0,0,152
capture_2020_04_17_11_39_49_7563,0,0,36,115,102,104,72,135,76,165,78,175,0,0,0,0,152
capture_2020_04_17_11_39_49_7564,0,0,39,116,106,104,76,135,79,165,81,175,0,0,0,0,152
capture_2020_04_17_11_39_49_7565,0,0,42,115,109,103,79,134,83,164,86,174,0,0,0,0,152
capture_2020_04_17_11_39_49_7566,0,0,42,115,109,103,81,134,84,164,87,174,0,0,0,0,152
capture_2020_04_17_11_39_49_7567,0,0,42,114,109,101,78,134,83,163,88,174,0,0,0,0,150
capture_2020_04_17_11_39_49_7568,0,0,42,115,108,102,80,135,83,164,88,176,0,0,0,0,152
capture_2020_04_17_11_39_49_7569,0,0,43,117,110,104,82,136,86,166,91,177,0,0,0,0,154
capture_2020_04_17_11_39_49_7570,0,0,42,118,110,104,83,137,86,167,90,177,0,0,0,0,154
capture_2020_04_17_11_39_49_7571,0,0,43,119,110,105,85,135,87,167,91,177,0,0,0,0,156
capture_2020_04_17_11_39_49_7572,0,0,44,119,112,105,84,135,89,167,93,177,0,0,0,0,156
capture_2020_04_17_11_39_49_7573,0,0,41,117,109,103,81,135,86,166,91,176,0,0,0,0,154
capture_2020_04_17_11_39_49_7574,0,0,38,117,106,102,80,135,84,166,91,176,0,0,0,0,154
capture_2020_04_17_11_39_49_7575,0,0,37,117,106,102,81,136,85,167,89,178,0,0,0,0,156
capture_2020_04_17_11_39_49_7576,0,0,36,116,105,102,80,136,84,166,88,177,0,0,0,0,156
capture_2020_04_17_11_39_49_7577,0,0,37,115,105,100,81,134,85,166,89,177,0,0,0,0,156
capture_2020_04_17_11_39_49_7578,0,0,38,122,107,105,84,138,88,171,93,182,0,0,0,0,160
capture_2020_04_17_11_39_49_7579,0,0,39,124,108,107,84,140,89,174,94,185,0,0,0,0,162
capture_2020_04_17_11_39_49_7580,0,0,41,126,111,109,86,144,92,176,95,187,0,0,0,0,164
capture_2020_04_17_11_39_49_7581,0,0,42,130,113,114,89,149,93,180,97,192,0,0,0,0,168
capture_2020_04_17_11_39_49_7582,0,0,42,130,113,114,89,149,93,181,97,192,0,0,0,0,168
capture_2020_04_17_11_39_49_7583,0,0,41,130,113,115,88,149,91,181,95,194,0,0,0,0,168
capture_2020_04_17_11_39_49_7584,0,0,38,129,110,114,84,150,87,183,90,195,0,0,0,0,166
capture_2020_04_17_11_39_49_7585,0,0,38,131,109,116,83,152,86,183,90,195,0,0,0,0,166
capture_2020_04_17_11_39_49_7586,0,0,36,130,108,116,81,153,84,183,88,195,0,0,0,0,166
capture_2020_04_17_11_39_49_7587,0,0,36,127,107,114,80,148,82,180,85,193,0,0,0,0,166
capture_2020_04_17_11_39_49_7588,0,0,36,127,107,114,80,148,82,180,85,193,0,0,0,0,166
capture_2020_04_17_11_39_49_7589,0,0,33,124,104,113,75,146,78,177,80,189,0,0,0,0,164
capture_2020_04_17_11_39_49_7590,0,0,32,124,101,113,72,146,76,177,78,189,0,0,0,0,162
capture_2020_04_17_11_39_49_7591,0,0,31,123,100,112,71,145,75,175,77,188,0,0,0,0,162
capture_2020_04_17_11_39_49_7592,0,0,30,123,100,113,69,146,72,175,74,188,0,0,0,0,162
capture_2020_04_17_11_39_49_7593,0,0,31,121,99,112,69,144,71,174,73,187,0,0,0,0,160
capture_2020_04_17_11_39_49_7594,0,0,31,122,99,114,68,144,71,174,73,187,0,0,0,0,160
capture_2020_04_17_11_39_49_7595,0,0,31,122,99,115,68,144,70,175,73,188,0,0,0,0,160
capture_2020_04_17_11_39_49_7596,0,0,31,121,97,114,67,143,69,173,72,186,0,0,0,0,158
capture_2020_04_17_11_39_49_7597,0,0,32,121,99,115,68,143,69,173,71,186,0,0,0,0,156
capture_2020_04_17_11_39_49_7598,0,0,33,117,99,112,68,141,69,171,70,182,0,0,0,0,156
capture_2020_04_17_11_39_49_7599,0,0,28,114,95,110,63,138,65,167,65,179,0,0,0,0,152
capture_2020_04_17_11_39_49_7600,0,0,30,113,95,109,64,137,65,166,66,176,0,0,0,0,150
capture_2020_04_17_11_39_49_7601,0,0,33,111,98,108,68,135,68,163,69,174,0,0,0,0,148
capture_2020_04_17_11_39_49_7602,0,0,34,111,100,107,68,133,69,163,70,173,0,0,0,0,148
capture_2020_04_17_11_39_49_7603,0,0,32,109,97,106,68,132,67,162,67,172,0,0,0,0,148
capture_2020_04_17_11_39_49_7604,0,0,37,108,100,107,73,133,72,160,71,170,0,0,0,0,146
capture_2020_04_17_11_39_49_7605,0,0,38,106,101,103,73,130,71,158,73,168,0,0,0,0,144
capture_2020_04_17_11_39_49_7606,0,0,38,106,101,103,73,129,74,157,74,167,0,0,0,0,142
capture_2020_04_17_11_39_49_7607,0,0,38,106,102,103,73,129,73,156,73,167,0,0,0,0,142
capture_2020_04_17_11_39_49_7608,0,0,42,104,104,101,77,126,78,155,78,165,0,0,0,0,142
capture_2020_04_17_11_39_49_7609,0,0,49,101,109,96,84,119,83,150,85,160,0,0,0,0,138
capture_2020_04_17_11_39_49_7610,0,0,51,99,112,95,87,119,87,147,88,157,0,0,0,0,138
capture_2020_04_17_11_39_49_7611,0,0,52,98,113,94,88,119,87,145,89,155,0,0,0,0,136
capture_2020_04_17_11_39_49_7612,0,0,52,98,112,94,85,117,87,144,88,154,0,0,0,0,136
capture_2020_04_17_11_39_49_7613,0,0,50,97,110,93,85,116,87,144,88,154,0,0,0,0,136
capture_2020_04_17_11_39_49_7614,0,0,50,97,110,92,85,116,85,143,86,153,0,0,0,0,136
capture_2020_04_17_11_39_49_7615,0,0,46,98,106,94,85,116,81,143,85,153,0,0,0,0,136
capture_2020_04_17_11_39_49_7616,0,0,45,99,106,94,80,117,81,144,83,154,0,0,0,0,136
capture_2020_04_17_11_39_49_7617,0,0,45,100,105,94,80,117,81,144,83,154,0,0,0,0,136
capture_2020_04_17_11_39_49_7618,0,0,43,99,103,94,79,117,79,144,82,154,0,0,0,0,136
capture_2020_04_17_11_39_49_7619,0,0,43,99,104,93,80,117,80,144,82,154,0,0,0,0,136
capture_2020_04_17_11_39_49_7620,0,0,47,98,105,92,80,117,80,144,82,154,0,0,0,0,136
capture_2020_04_17_11_39_49_7621,0,0,45,97,104,91,80,117,80,143,82,155,0,0,0,0,136
capture_2020_04_17_11_39_49_7622,0,0,45,97,107,91,80,117,82,144,83,155,0,0,0,0,136
capture_2020_04_17_11_39_49_7623,0,0,45,97,107,92,80,118,82,146,83,158,0,0,0,0,136
capture_2020_04_17_11_39_49_7624,0,0,43,99,107,95,80,119,81,149,82,160,0,0,0,0,138
capture_2020_04_17_11_39_49_7625,0,0,43,102,106,98,80,124,80,154,82,164,0,0,0,0,140
capture_2020_04_17_11_39_49_7626,0,0,43,104,109,100,81,126,81,155,83,166,0,0,0,0,142
capture_2020_04_17_11_39_49_7627,0,0,41,111,107,108,78,136,79,165,80,176,0,0,0,0,144
capture_2020_04_17_11_39_49_7628,0,0,43,113,110,110,82,139,81,168,83,180,0,0,0,0,148
capture_2020_04_17_11_39_49_7629,0,0,44,120,113,115,84,143,84,175,85,186,0,0,0,0,152
capture_2020_04_17_11_39_49_7630,0,0,51,124,122,119,90,149,92,181,94,193,0,0,0,0,160
capture_2020_04_17_11_39_49_7631,0,0,52,124,124,120,94,150,94,182,95,196,0,0,0,0,164
capture_2020_04_17_11_39_49_7632,0,0,48,127,123,124,91,154,90,187,91,200,0,0,0,0,168
capture_2020_04_17_11_39_49_7633,0,0,47,128,121,124,91,155,90,188,91,202,0,0,0,0,168
capture_2020_04_17_11_39_49_7634,0,0,43,132,122,130,86,161,87,198,88,211,0,0,0,0,174
capture_2020_04_17_11_39_49_7635,0,0,42,135,123,133,88,166,85,202,87,215,0,0,0,0,178
capture_2020_04_17_11_39_49_7636,0,0,46,139,129,139,90,173,88,214,90,226,0,0,0,0,182
capture_2020_04_17_11_39_49_7637,0,0,43,140,128,140,89,179,88,217,88,231,0,0,0,0,182
capture_2020_04_17_11_39_49_7638,0,0,41,144,129,148,85,187,83,226,82,239,0,0,0,0,186
capture_2020_04_17_11_39_49_7639,0,0,41,149,131,153,86,189,84,232,82,245,0,0,0,0,188
capture_2020_04_17_11_39_49_7640,0,0,41,152,131,156,87,192,84,235,83,250,0,0,0,0,190
capture_2020_04_17_11_39_49_7641,0,0,43,157,137,165,90,203,88,246,86,260,0,0,0,0,198
capture_2020_04_17_11_39_49_7642,0,0,47,161,141,171,93,210,89,255,85,269,0,0,0,0,204
capture_2020_04_17_11_39_49_7643,0,0,50,162,144,172,95,212,91,255,87,270,0,0,0,0,206
capture_2020_04_17_11_39_49_7644,0,0,54,165,151,175,97,218,94,261,90,276,0,0,0,0,212
capture_2020_04_17_11_39_49_7645,0,0,54,165,150,176,98,219,94,262,91,277,0,0,0,0,214
capture_2020_04_17_11_39_49_7646,0,0,54,167,154,177,101,221,95,264,92,278,0,0,0,0,214
capture_2020_04_17_11_39_49_7647,0,0,55,165,155,175,101,222,95,263,92,279,0,0,0,0,216
capture_2020_04_17_11_39_49_7648,0,0,54,163,156,174,100,222,95,263,91,279,0,0,0,0,216
capture_2020_04_17_11_39_49_7649,0,0,54,163,156,173,101,221,96,263,92,279,0,0,0,0,218
capture_2020_04_17_11_39_49_7650,0,0,51,160,157,170,101,220,95,262,91,279,0,0,0,0,218
capture_2020_04_17_11_39_49_7651,0,0,51,161,155,171,99,219,94,262,91,278,0,0,0,0,220
capture_2020_04_17_11_39_49_7652,0,0,55,163,160,173,104,224,99,267,95,283,0,0,0,0,224
capture_2020_04_17_11_39_49_7653,0,0,56,167,163,176,103,227,99,270,96,286,0,0,0,0,226
capture_2020_04_17_11_39_49_7654,0,0,54,166,164,176,104,227,100,271,97,287,0,0,0,0,228
capture_2020_04_17_11_39_49_7655,0,0,54,164,164,173,104,224,100,269,99,283,0,0,0,0,228
capture_2020_04_17_11_39_49_7656,0,0,55,165,165,175,105,226,100,271,100,286,0,0,0,0,230
capture_2020_04_17_11_39_49_7657,0,0,54,164,166,174,105,227,101,273,99,290,0,0,0,0,232
capture_2020_04_17_11_39_49_7658,0,0,55,168,169,176,107,230,103,278,101,295,0,0,0,0,236
capture_2020_04_17_11_39_49_7659,0,0,53,165,171,173,106,230,102,278,102,294,0,0,0,0,236
capture_2020_04_17_11_39_49_7660,0,0,54,164,172,173,111,231,108,279,104,297,0,0,0,0,238
capture_2020_04_17_11_39_49_7661,0,0,70,202,202,214,133,276,128,331,125,350,0,0,0,0,270
capture_2020_04_17_11_39_49_7662,0,0,78,220,213,232,144,301,137,355,135,373,0,0,0,0,286
capture_2020_04_17_11_39_49_7663,0,0,79,226,218,240,148,309,141,366,140,385,0,0,0,0,294
capture_2020_04_17_11_39_49_7664,0,0,80,241,224,251,153,327,146,384,145,404,0,0,0,0,304
capture_2020_04_17_11_39_49_7665,0,0,84,248,232,260,155,342,149,395,150,415,0,0,0,0,308
capture_2020_04_17_11_39_49_7666,0,0,85,251,238,262,156,344,152,402,151,417,0,0,0,0,310
capture_2020_04_17_11_39_49_7667,0,0,86,249,240,262,157,345,153,403,152,419,0,0,0,0,312
capture_2020_04_17_11_39_49_7668,0,0,87,248,245,261,163,342,155,402,155,419,0,0,0,0,312
capture_2020_04_17_11_39_49_7669,0,0,93,241,248,255,164,334,158,391,158,414,0,0,0,0,314
capture_2020_04_17_11_39_49_7670,0,0,91,236,250,251,168,327,163,387,157,411,0,0,0,0,314
capture_2020_04_17_11_39_49_7671,0,0,97,236,249,250,171,326,161,385,161,406,0,0,0,0,316
capture_2020_04_17_11_39_49_7672,0,0,88,235,242,248,169,322,157,382,153,403,0,0,0,0,316
capture_2020_04_17_11_39_49_7673,0,0,86,233,239,243,161,313,152,377,151,398,0,0,0,0,316
capture_2020_04_17_11_39_49_7674,0,0,85,227,235,238,156,309,151,370,152,391,0,0,0,0,314
capture_2020_04_17_11_39_49_7675,0,0,85,226,235,235,157,303,151,365,148,386,0,0,0,0,314
capture_2020_04_17_11_39_49_7676,0,0,81,223,232,233,154,298,150,362,148,383,0,0,0,0,314
capture_2020_04_17_11_39_49_7677,0,0,75,217,222,225,146,291,142,351,142,373,0,0,0,0,310
capture_2020_04_17_11_39_49_7678,0,0,75,216,222,222,146,286,142,346,142,369,0,0,0,0,310
capture_2020_04_17_11_39_49_7679,0,0,74,210,216,216,142,279,140,340,140,362,0,0,0,0,306
capture_2020_04_17_11_39_49_7680,0,0,73,211,215,213,141,276,137,339,138,359,0,0,0,0,304
capture_2020_04_17_11_39_49_7681,0,0,69,210,211,212,140,275,137,333,137,355,0,0,0,0,302
capture_2020_04_17_11_39_49_7682,0,0,67,201,205,202,136,259,133,322,133,344,0,0,0,0,294
capture_2020_04_17_11_39_49_7683,0,0,67,199,201,200,133,257,129,317,129,340,0,0,0,0,290
capture_2020_04_17_11_39_49_7684,0,0,57,186,190,188,127,243,123,300,122,322,0,0,0,0,276
capture_2020_04_17_11_39_49_7685,0,0,57,182,189,181,123,236,122,295,122,317,0,0,0,0,270
capture_2020_04_17_11_39_49_7686,0,0,59,182,188,183,125,235,124,294,124,314,0,0,0,0,268
capture_2020_04_17_11_39_49_7687,0,0,64,180,192,180,131,231,129,288,127,309,0,0,0,0,268
capture_2020_04_17_11_39_49_7688,0,0,68,181,192,180,132,229,131,287,131,307,0,0,0,0,268
capture_2020_04_17_11_39_49_7689,0,0,72,179,196,179,133,228,134,283,134,303,0,0,0,0,266
capture_2020_04_17_11_39_49_7690,0,0,72,175,195,175,133,222,133,279,133,299,0,0,0,0,266
capture_2020_04_17_11_39_49_7691,0,0,67,174,189,176,130,223,128,278,128,298,0,0,0,0,264
capture_2020_04_17_11_39_49_7692,0,0,71,174,193,176,132,223,130,278,131,298,0,0,0,0,264
capture_2020_04_17_11_39_49_7693,0,0,70,173,192,175,131,222,129,276,130,297,0,0,0,0,262
capture_2020_04_17_11_39_49_7694,0,0,72,172,197,176,136,222,132,278,132,297,0,0,0,0,262
capture_2020_04_17_11_39_49_7695,0,0,77,174,197,179,137,223,134,280,134,299,0,0,0,0,262
capture_2020_04_17_11_39_49_7696,0,0,78,175,200,180,140,224,136,281,135,301,0,0,0,0,262
capture_2020_04_17_11_39_49_7697,0,0,78,176,200,181,141,224,136,282,136,302,0,0,0,0,262
capture_2020_04_17_11_39_49_7698,0,0,80,176,202,181,141,224,136,282,136,302,0,0,0,0,262
capture_2020_04_17_11_39_49_7699,0,0,80,174,203,181,141,224,137,282,136,303,0,0,0,0,262
capture_2020_04_17_11_39_49_7700,0,0,77,175,201,181,138,227,134,282,134,303,0,0,0,0,262
capture_2020_04_17_11_39_49_7701,0,0,76,175,201,181,139,227,136,280,135,302,0,0,0,0,262
capture_2020_04_17_11_39_49_7702,0,0,79,176,200,182,140,228,136,282,136,304,0,0,0,0,262
capture_2020_04_17_11_39_49_7703,0,0,74,177,199,182,135,228,133,283,132,305,0,0,0,0,262
capture_2020_04_17_11_39_49_7704,0,0,75,177,197,182,137,228,131,284,131,305,0,0,0,0,262
capture_2020_04_17_11_39_49_7705,0,0,72,177,197,182,135,228,131,284,131,305,0,0,0,0,262
capture_2020_04_17_11_39_49_7706,0,0,71,177,196,183,135,228,131,284,131,305,0,0,0,0,262
capture_2020_04_17_11_39_49_7707,0,0,72,178,198,183,134,230,130,286,131,307,0,0,0,0,262
capture_2020_04_17_11_39_49_7708,0,0,70,177,197,182,134,230,130,284,130,304,0,0,0,0,262
capture_2020_04_17_11_39_49_7709,0,0,69,178,196,182,132,230,129,286,129,305,0,0,0,0,262
capture_2020_04_17_11_39_49_7710,0,0,68,178,194,182,131,228,128,286,128,305,0,0,0,0,262
capture_2020_04_17_11_39_49_7711,0,0,69,178,197,182,131,229,130,286,131,305,0,0,0,0,262
capture_2020_04_17_11_39_49_7712,0,0,69,178,197,182,131,229,130,286,131,305,0,0,0,0,262
capture_2020_04_17_11_39_49_7713,0,0,69,178,195,182,131,229,129,286,130,305,0,0,0,0,262
capture_2020_04_17_11_39_49_7714,0,0,69,178,195,182,131,229,129,286,130,305,0,0,0,0,262
capture_2020_04_17_11_39_49_7715,0,0,71,178,195,182,131,229,129,286,130,305,0,0,0,0,262
capture_2020_04_17_11_39_49_7716,0,0,71,178,195,182,131,229,129,286,130,305,0,0,0,0,262
capture_2020_04_17_11_39_49_7717,0,0,71,178,195,182,131,229,129,286,130,305,0,0,0,0,262
capture_2020_04_17_11_39_49_7718,0,0,71,178,195,182,131,229,129,286,130,305,0,0,0,0,262
capture_2020_04_17_11_39_49_7719,0,0,71,178,195,182,131,229,129,286,130,305,0,0,0,0,262
capture_2020_05_06_13_35_00_1625,0,0,60,128,141,128,100,157,100,193,101,208,0,0,0,0,178
capture_2020_05_06_13_35_00_1626,0,0,57,129,138,128,98,158,99,195,99,208,0,0,0,0,178
capture_2020_05_06_13_35_00_1627,0,0,55,129,136,129,96,158,97,196,98,208,0,0,0,0,178
capture_2020_05_06_13_35_00_1628,0,0,55,129,136,129,96,158,97,196,98,208,0,0,0,0,178
capture_2020_05_06_13_35_00_1629,0,0,52,130,133,130,92,161,94,197,94,209,0,0,0,0,176
capture_2020_05_06_13_35_00_1630,0,0,50,132,130,132,91,162,91,197,92,209,0,0,0,0,176
capture_2020_05_06_13_35_00_1631,0,0,50,132,130,131,91,162,91,197,92,209,0,0,0,0,176
capture_2020_05_06_13_35_00_1632,0,0,49,133,130,133,91,163,91,198,92,210,0,0,0,0,176
capture_2020_05_06_13_35_00_1633,0,0,50,132,129,131,91,162,92,197,92,210,0,0,0,0,176
capture_2020_05_06_13_35_00_1634,0,0,49,131,128,131,91,162,92,197,92,210,0,0,0,0,176
capture_2020_05_06_13_35_00_1635,0,0,49,131,128,130,91,162,91,196,91,208,0,0,0,0,176
capture_2020_05_06_13_35_00_1636,0,0,50,130,128,130,92,162,92,197,92,209,0,0,0,0,176
capture_2020_05_06_13_35_00_1637,0,0,52,131,132,131,94,161,95,197,95,209,0,0,0,0,176
capture_2020_05_06_13_35_00_1638,0,0,52,130,130,130,93,160,94,194,94,207,0,0,0,0,176
capture_2020_05_06_13_35_00_1639,0,0,52,129,131,129,95,160,95,194,95,207,0,0,0,0,176
capture_2020_05_06_13_35_00_1640,0,0,51,129,132,129,96,160,96,194,96,207,0,0,0,0,176
capture_2020_05_06_13_35_00_1641,0,0,55,129,135,128,98,159,98,193,99,206,0,0,0,0,178
capture_2020_05_06_13_35_00_1642,0,0,56,131,135,131,99,160,100,196,100,207,0,0,0,0,178
capture_2020_05_06_13_35_00_1643,0,0,56,130,137,129,99,160,100,194,101,206,0,0,0,0,178
capture_2020_05_06_13_35_00_1644,0,0,58,129,138,128,100,159,101,196,101,207,0,0,0,0,180
capture_2020_05_06_13_35_00_1645,0,0,58,130,138,130,101,160,102,198,102,209,0,0,0,0,180
capture_2020_05_06_13_35_00_1646,0,0,58,128,138,128,101,161,102,195,104,207,0,0,0,0,180
capture_2020_05_06_13_35_00_1647,0,0,60,128,142,128,104,160,104,197,105,210,0,0,0,0,182
capture_2020_05_06_13_35_00_1648,0,0,62,128,142,128,104,160,104,194,105,209,0,0,0,0,182
capture_2020_05_06_13_35_00_1649,0,0,61,127,142,127,104,159,103,194,104,208,0,0,0,0,182
capture_2020_05_06_13_35_00_1650,0,0,62,129,143,128,105,159,104,197,105,209,0,0,0,0,184
capture_2020_05_06_13_35_00_1651,0,0,61,132,144,131,102,162,104,201,105,214,0,0,0,0,184
capture_2020_05_06_13_35_00_1652,0,0,60,135,145,134,103,166,104,206,105,217,0,0,0,0,186
capture_2020_05_06_13_35_00_1653,0,0,60,136,144,135,104,168,104,204,104,221,0,0,0,0,186
capture_2020_05_06_13_35_00_1654,0,0,59,134,144,133,103,168,104,203,104,219,0,0,0,0,186
capture_2020_05_06_13_35_00_1655,0,0,60,133,145,132,104,165,104,203,104,217,0,0,0,0,188
capture_2020_05_06_13_35_00_1656,0,0,60,134,145,134,105,166,105,205,105,219,0,0,0,0,188
capture_2020_05_06_13_35_00_1657,0,0,58,132,144,132,104,166,103,203,104,219,0,0,0,0,188
capture_2020_05_06_13_35_00_1658,0,0,57,132,144,133,105,166,104,207,104,220,0,0,0,0,190
capture_2020_05_06_13_35_00_1659,0,0,56,132,144,133,105,167,104,205,104,221,0,0,0,0,190
capture_2020_05_06_13_35_00_1660,0,0,57,131,145,132,106,167,106,206,106,222,0,0,0,0,192
capture_2020_05_06_13_35_00_1661,0,0,59,134,148,134,107,167,106,208,106,224,0,0,0,0,192
capture_2020_05_06_13_35_00_1662,0,0,60,133,149,134,108,168,106,210,107,225,0,0,0,0,194
capture_2020_05_06_13_35_00_1663,0,0,59,133,149,135,106,169,108,211,108,226,0,0,0,0,196
capture_2020_05_06_13_35_00_1664,0,0,59,132,149,134,110,171,109,211,109,226,0,0,0,0,196
capture_2020_05_06_13_35_00_1665,0,0,59,135,150,135,109,172,107,212,107,228,0,0,0,0,196
capture_2020_05_06_13_35_00_1666,0,0,60,133,151,134,110,174,108,212,107,228,0,0,0,0,198
capture_2020_05_06_13_35_00_1667,0,0,60,134,151,134,110,174,110,213,111,228,0,0,0,0,198
capture_2020_05_06_13_35_00_1668,0,0,59,136,150,137,110,175,108,215,109,230,0,0,0,0,198
capture_2020_05_06_13_35_00_1669,0,0,59,135,150,138,109,175,107,216,107,230,0,0,0,0,200
capture_2020_05_06_13_35_00_1670,0,0,58,138,150,140,108,180,106,221,107,235,0,0,0,0,202
capture_2020_05_06_13_35_00_1671,0,0,58,139,150,141,109,181,107,221,109,235,0,0,0,0,202
capture_2020_05_06_13_35_00_1672,0,0,59,138,153,140,109,181,109,223,107,235,0,0,0,0,202
capture_2020_05_06_13_35_00_1673,0,0,60,138,155,141,110,181,108,221,110,233,0,0,0,0,202
capture_2020_05_06_13_35_00_1674,0,0,65,138,160,140,118,181,115,221,116,236,0,0,0,0,202
